﻿//デバイス情報　TR,,,,,,,,,,,,,,,,,,,,
//必ず[Device-D]が上にあること
//Bit は　Formatの所にBit No ,Unitの所に記録用の表示 ON@OFFやOpen@Closeなど
// Device,ItemName,RangeMin, RangeMax,ScaleMin,ScaleMax,DataType,Format,Unit,Set@Mon
[Device-D]
//Statuus
#TR
D144,PIG21,0,1000,0,10000,PIG1,0.0E0,[Pa],Mon
D145,PIG22,0,1000,0,10000,PIG1,0.0E0,[Pa],Mon
D146,PIG23,0,1000,0,10000,PIG1,0.0E0,[Pa],Mon
D147,PEG2,0,1000,0,10000,PEG1,0.0E0,[Pa],Mon
D556,WaferNo-Upper,0,10000,0,10000,Word,0,,Mon
D557,WaferNo-Lower,0,10000,0,10000,Word,0,,Mon
D144,PIG21,0,1000,0,10000,PIG1,0.0E0,[Pa],Mon
D148,PIG31,0,1000,0,10000,PIG1,0.0E0,[Pa],Mon

#PM
D140,PIG11,0,1000,0,10000,PIG1,0.0E0,[Pa],Mon
D141,PIG12,0,1000,0,10000,PIG1,0.0E0,[Pa],Mon
D142,PIG13,0,1000,0,10000,PIG1,0.0E0,[Pa],Mon
D143,PEG1,0,1000,0,10000,PEG1,0.0E0,[Pa],Mon
D558,WaferNo,0,10000,0,10000,Word,0,,Mon
//Vacuum Meter

D390,Water Flow FM11,4.0,32.0,0,4000,Float,0.0,[L/min],Set
D391,Water Flow FM12,4.0,32.0,0,4000,Float,0.0,[L/min],Set
D392,Water Flow FM13,4.0,32.0,0,4000,Float,0.0,[L/min],Set
D393,Water Flow FM14,4.0,32.0,0,4000,Float,0.0,[L/min],Set
D394,Water Flow FM15,4.0,32.0,0,4000,Float,0.0,[L/min],Set
D395,Water Flow FM16,4.0,32.0,0,4000,Float,0.0,[L/min],Set
D396,Water Flow FM17,4.0,32.0,0,4000,Float,0.0,[L/min],Set
D397,Water Flow FM18,4.0,32.0,0,4000,Float,0.0,[L/min],Set
D398,Water Flow FM24,4.0,32.0,0,4000,Float,0.0,[L/min],Set

#GCIB
D130,PIG1_K,0,99.9,0,999,VGK,0.0,[Pa],Mon
D131,PIG1_S,0,99.9,0,99,VGS,0,[Pa],Mon
D132,PIG2_K,0,99.9,0,999,VGK,0.0,[Pa],Mon
D133,PIG2_S,0,99.9,0,99,VGS,0,[Pa],Mon
D134,IG1_K,0,99.9,0,999,VGK,0.0,[Pa],Mon
D135,IG1_S,0,99.9,0,99,VGS,0,[Pa],Mon

D1079,HighBeam,0,99,0,99,Int16,0,[Pa],Mon
D319,Alignment,0,99,0,99,Int16,0,[Pa],Mon
D751,ScanBusyA,0,99,0,99,Int16,0,[Pa],Mon
D751,ScanBusyB,0,99,0,99,Int16,0,[Pa],Mon

//Life TR
D360,TR-DRP1 積算稼働時間,0,9999999,0,9999999,DWord,0,[Hour],Mon
D362,TR-DRP3 積算稼働時間,0,9999999,0,9999999,DWord,0,[Hour],Mon
D364,TR-TMP2 積算稼働時間,0,9999999,0,9999999,DWord,0,[Hour],Mon
,,,,,,,,
D366,TR-GV12 動作回数,0,9999999,0,9999999,DWord,0,[Cont],Mon
D368,TR-GV23 動作回数,0,9999999,0,9999999,DWord,0,[Cont],Mon
D55,TC Robot Status,0,65535,0,65535,Word,0,,Mon
D65,EFREM Robot Status,0,65535,0,65535,Word,0,,Mon
D60,Door,0,65535,0,65535,Word,0,,Mon

D1474,LLVac Status,0,99,0,99,Word,0,,Mon
D1475,LLVent Status,0,99,0,99,Word,0,,Mon
D1490,DV3 Open/Close,0,99,0,99,Word,0,,Mon
D1491,GV23 Open/Close,0,99,0,99,Word,0,,Mon
D1492,GV12 Open/Close,0,99,0,99,Word,0,,Mon


//----Life PM
D762,TMP31 積算稼働時間,0,9999999,0,9999999,DWord,0,[Hour],Mon
D764,TMP32 積算稼働時間,0,9999999,0,9999999,DWord,0,[Hour],Mon
,,,,,,,,,
D570,MFC1 積算稼働時間,0,9999999,0,9999999,DWord,0,[Hour],Mon
D571,MFC2 積算稼働時間,0,9999999,0,9999999,DWord,0,[Hour],Mon
D572,MFC3 積算稼働時間,0,9999999,0,9999999,DWord,0,[Hour],Mon
D573,MFC4 積算稼働時間,0,9999999,0,9999999,DWord,0,[Hour],Mon
D574,MFC5 積算稼働時間,0,9999999,0,9999999,DWord,0,[Hour],Mon

//--- PM Recipe Monitor
D310,Beam Current(Fixing),0,1000,0,10000,Float,000.0,[uA],Mon
D311,Accelerator Current,0,5.00,0,5000,Float,0.000,[mA],Mon
D312,Accelerator Voltage,0,60.00,0,6000,Float,0.00,[kV],Mon
D313,Lens1 Current,0,2.50,0,2500,Float,0.00,[mA],Mon
D314,Lens1 Voltage,0,60.00,0,6000,Float,0.00,[kV],Mon
D315,Lens2 Current,0,5.00,0,5000,Float,0.00,[mA],Mon
D316,Lens2 Voltage ,0,60.00,0,6000,Float,0.00,[kV],Mon
D317,Bias Current,0,5.00,0,5000,Float,0.00,[mA],Mon
D318,Bias Voltage,0,30.00,0,3000,Float,0.00,[kV],Mon

D319,Suppressor Current,0,3.00,0,3000,Float,0.00,[mA],Mon
D320,Suppressor Voltage,0,20.00,0,2000,Float,0.00,[V],Mon

D321,Arc Current,0,800.0,0,8000,Float,0.0,[mA],Mon
D322,Arc Voltage,0,500.0,0,5000,Float,0.0,[V],Mon
D323,Filament Current,0,80.00,0,8000,Float,0.00,[A],Mon
D324,Filament Voltage,0,7.00,0,70,Float,0.00,[V],Mon
D325,Neutralizer extracation Current,0,800.0,0,8000,Float,0.0,[mA],Mon
D326,Neutralizer extracation Voltage,0,500.0,0,5000,Float,0.0,[V],Mon
D327,Neutralizer filament Current,0,40.00,0,4000,Float,0.00,[A],Mon
D328,Neutralizer filament Voltage,0,7.00,0,70,Float,0.0,[V],Mon
D329,APC Pressure,0,1.000,0,1000,Float,0.000,[MPa],Mon
D330,Beam Current(Moving),0,1000,0,10000,Float,000.0,[uA],Mon


D300,MFC101 Flow,0,100.0,0,1000,Float,0.0,[sccm],Mon
D301,MFC102 Flow,0,100.0,0,1000,Float,0.0,[sccm],Mon
D302,MFC103 Flow,0,1000,0,1000,Int16,0,[sccm],Mon
D303,MFC104 Flow,0,1000,0,1000,Int16,0,[sccm],Mon
D304,MFC111 Flow,0,170.0,0,1700,Int16,0.0,[sccm],Mon
D305,MFC112 Flow,0,1000,0,1000,Int16,0,[sccm],Mon
D306,MFC113 Flow,0,1000,0,1000,Int16,0,[sccm],Mon
D307,MFC114 Flow,0,1000,0,1000,Int16,0,[sccm],Mon

//---- Manual Process Set
D1100,Accelerator Current,0,5.000,0,5000,Float,0.00,[mA],Set
D1101,Accelerator Voltage,0,60.00,0,6000,Float,0.00,[kV],Set
D1102,Lens1 Current,0,2.500,0,2500,Float,0.00,[mA],Set
D1103,Lens1 Voltage,0,60.00,0,6000,Float,0.00,[kV],Set
D1104,Lens2 Current,0,5.000,0,5000,Float,0.00,[mA],Set
D1105,Lens2 Voltage ,0,3.00,0,300,Float,0.00,[kV],Set
D1106,Bias Current,0,5.000,0,5000,Float,0.00,[mA],Set
D1107,Bias Voltage,0,30.00,0,3000,Float,0.00,[kV],Set
D1108,Suppressor Current,0,3.000,0,3000,Float,0.00,[mA],Set
D1109,Suppressor Voltage,0,20.00,0,2000,Float,0.00,[V],Set

D1110,Arc Current,0,300.0,0,3000,Float,0.0,[mA],Set
D1111,Arc Voltage,0,300.0,0,3000,Float,0.0,[V],Set
D1112,Filament Current,0,80.00,0,8000,Float,0.00,[A],Set
D1113,Filament Voltage,0,70.00,0,700,Float,0.00,[V],Set
D1114,Neutralizer extracation Current,0,800.0,0,8000,Float,0.0,[mA],Set
D1115,Neutralizer extracation Voltage,0,500.0,0,5000,Float,0.0,[V],Set
D1116,Neutralizer filament Current,0,40.000,0,4000,Float,0.00,[A],Set
D1117,Neutralizer filament Voltage,0,100.00,0,1000,Float,0.00,[V],Set

D1120,APC Pressure,0,1.000,0,1000,Float,0.000,[MPa],Mon


//Auto Process
//---- Manual Process Set
R0,APC Pressure,0,10.000,0,10000,Float,0.000,[MPa],Mon
R1,Accelerator Current,0,5.000,0,5000,Float,0.00,[mA],Set
R2,Accelerator Voltage,0,60.00,0,6000,Float,0.00,[kV],Set
R3,Lens1 Current,0,2.500,0,2500,Float,0.00,[mA],Set
R4,Lens1 Voltage,0,60.00,0,6000,Float,0.00,[kV],Set
R5,Lens2 Current,0,5.000,0,5000,Float,0.00,[mA],Set
R6,Lens2 Voltage ,0,3.00,0,300,Float,0.00,[kV],Set
R7,Bias Current,0,5.000,0,5000,Float,0.00,[mA],Set
R8,Bias Voltage,0,30.00,0,3000,Float,0.00,[kV],Set
R9,Suppressor Current,0,3.000,0,3000,Float,0.00,[mA],Set
R10,Suppressor Voltage,0,20.00,0,2000,Float,0.00,[V],Set
R11,Arc Current,0,300.0,0,3000,Float,0.0,[mA],Set
R12,Arc Voltage,0,300.0,0,3000,Float,0.0,[V],Set
R13,Filament Current,0,80.00,0,8000,Float,0.00,[A],Set
R14,Filament Voltage,0,70.00,0,700,Float,0.00,[V],Set
R15,Neutralizer extracation Current,0,800.0,0,8000,Float,0.0,[mA],Set
R16,Neutralizer extracation Voltage,0,500.0,0,5000,Float,0.0,[V],Set
R17,Neutralizer filament Current,0,40.000,0,4000,Float,0.00,[A],Set
R18,Neutralizer filament Voltage,0,100.00,0,1000,Float,0.00,[V],Set

R20,MFC101 Flow,0,200,0,2000,Float,0.0,[sccm],Set
R21,MFC102 Flow,0,200,0,2000,Float,0.0,[sccm],Set
//D1123,MFC103 Flow,0,2000,0,2000,Int16,0,[sccm],Set
//D1124,MFC104 Flow,0,2000,0,2000,Int16,0,[sccm],Set
R24,MFC111 Flow,0,500,0,5000,Float,0.0,[sccm],Set
R25,MFC112 Flow,0,2000,0,2000,Int16,0,[sccm],Set
R26,MFC113 Flow,0,2000,0,2000,Int16,0,[sccm],Set
R27,MFC114 Flow,0,2000,0,2000,Int16,0,[sccm],Set

//Recipe
D1140,MFC101 Flow,0,100.0,0,1000,Float,0.0,[sccm],Set
D1144,MFC102 Flow,0,100.0,0,1000,Float,0.0,[sccm],Set
//D1148,MFC103 Flow,0,2000,0,2000,Int16,0,[sccm],Set
//D1152,MFC104 Flow,0,2000,0,2000,Int16,0,[sccm],Set
D1156,MFC111 Flow,0,170.0,0,1700,Float,0.0,[sccm],Set
D1160,MFC112 Flow,0,1000,0,1000,Int16,0,[sccm],Set
D1164,MFC113 Flow,0,1000,0,1000,Int16,0,[sccm],Set
D1168,MFC114 Flow,0,1000,0,1000,Int16,0,[sccm],Set

//Manual
//D1140,MFC101 Flow Manual,0,100.0,0,1000,Float,0.0,[sccm],Set
//D1144,MFC102 Flow Manual,0,100.0,0,1000,Float,0.0,[sccm],Set
//D1148,MFC103 Flow Manual,0,2000,0,2000,Int16,0,[sccm],Set
//D1152,MFC104 Flow Manual,0,2000,0,2000,Int16,0,[sccm],Set
//D1156,MFC111 Flow Manual,0,170.0,0,1700,Float,0.0,[sccm],Set
//D1160,MFC112 Flow Manual,0,1000,0,1000,Int16,0,[sccm],Set
//D1164,MFC113 Flow Manual,0,1000,0,1000,Int16,0,[sccm],Set
//D1168,MFC114 Flow Manual,0,1000,0,1000,Int16,0,[sccm],Set


//Alarm
D1240,M11 Turque Warning Setting,0.0,500.0,0,5000,Float,0.0,,Set
D1242,M11 Turque Alarm Setting,0.0,500.0,0,5000,Float,0.0,,Set
D1244,M12 Turque Warning Setting,0.0,500.0,0,5000,Float,0.0,,Set
D1246,M12 Turque Alarm Setting,0.0,500.0,0,5000,Float,0.0,,Set
D1248,M13 Turque Warning Setting,0.0,500.0,0,5000,Float,0.0,,Set
D1250,M13 Turque Alarm Setting,0.0,500.0,0,5000,Float,0.0,,Set
D1252,M14 Turque Warning Setting,0.0,500.0,0,5000,Float,0.0,,Set
D1254,M14 Turque Alarm Setting,0.0,500.0,0,5000,Float,0.0,,Set

//---Life GCIB
D1550,Main Power Life(GCIB),0,9999,0,9999,Int16,0,[Hour],Set
D1551,DRY Pump Life(GCIB),0,9999,0,9999,Int16,0,[Hour],Set
D1552,TMP1 Life(GCIB),0,9999,0,9999,Int16,0,[Hour],Set
D1553,TMP2 Life(GCIB),0,9999,0,9999,Int16,0,[Hour],Set
D1554,TMP3 Life(GCIB),0,9999,0,9999,Int16,0,[Hour],Set
D1555,PG1 Life(GCIB),0,9999,0,9999,Int16,0,[Hour],Set
D1556,PG2 Life(GCIB),0,9999,0,9999,Int16,0,[Hour],Set
D1557,Acceletion Supply Life(GCIB),0,9999,0,9999,Int16,0,[Hour],Set
D1558,Suppressor Supply Life(GCIB),0,9999,0,9999,Int16,0,[Hour],Set
D1559,LENS1 Supply Life(GCIB),0,9999,0,9999,Int16,0,[Hour],Set
D1560,LENS2 Supply Life(GCIB),0,9999,0,9999,Int16,0,[Hour],Set
D1561,Arc Supply Life(GCIB),0,9999,0,9999,Int16,0,[Hour],Set
D1562,Filament Supply  Life(GCIB),0,9999,0,9999,Int16,0,[Hour],Set
D1563,Neutralizer Extraction Supply Life(GCIB),0,9999,0,9999,Int16,0,[Hour],Set
D1564,Neutralizer Filament Supply Life(GCIB),0,9999,0,9999,Int16,0,[Hour],Set
D1565,DRY Pump1 Life(GCIB),0,9999,0,9999,Int16,0,[Hour],Set
D1567,PEG1 Life(GCIB),0,9999,0,9999,Int16,0,[Hour],Set
D1569,PEG2 Life(GCIB),0,9999,0,9999,Int16,0,[Hour],Set

D1580,M11 X-AXIS Motor Life(GCIB),0,9999999,0,9999999,DWord,0,[Hour],Set
D1582,M12 Y-AXIS Motor Life(GCIB),0,9999999,0,9999999,Dword,0,[Hour],Set
D1584,M13 T-AXIS Motor Life(GCIB),0,9999999,0,9999999,Dword,0,[Hour],Set
D1586,M14 Lift Up Motor Life(GCIB),0,9999999,0,9999999,Dword,0,[Hour],Set

D1590,RV Life(GCIB),0,9999999,0,9999999,Dword,0,[Hour],Set
D1592,LV Life(GCIB),0,9999999,0,9999999,Dword,0,[Hour],Set
D1594,FV Life(GCIB),0,9999999,0,9999999,Dword,0,[Hour],Set
D1596,TGV1 Life(GCIB),0,9999999,0,9999999,Dword,0,[Hour],Set
D1598,TGV2 Life(GCIB),0,9999999,0,9999999,Dword,0,[Hour],Set
D1600,TGV3 Life(GCIB),0,9999999,0,9999999,Dword,0,[Hour],Set
D1602,CV1 Life(GCIB),0,9999999,0,9999999,Dword,0,[Hour],Set
D1604,CV2 Life(GCIB),0,9999999,0,9999999,Dword,0,[Hour],Set
D1606,MV Life(GCIB),0,9999999,0,9999999,Dword,0,[Hour],Set
D1608,CV1 Life(GCIB),0,9999999,0,9999999,Dword,0,[Hour],Set

D1610,LV1 Life,0,9999999,0,9999999,Dword,0,[Hour],Set
D1612,FV1 Life,0,9999999,0,9999999,Dword,0,[Hour],Set
D1614,MV1 Life,0,9999999,0,9999999,Dword,0,[Hour],Set
D1616,CV12 Life,0,9999999,0,9999999,Dword,0,[Hour],Set
D1618,RV2 Life,0,9999999,0,9999999,Dword,0,[Hour],Set
D1620,LV2 Life,0,9999999,0,9999999,Dword,0,[Hour],Set
D1622,FV2 Life,0,9999999,0,9999999,Dword,0,[Hour],Set
D1624,MV2 Life,0,9999999,0,9999999,Dword,0,[Hour],Set
D1626,PV23 Life,0,9999999,0,9999999,Dword,0,[Hour],Set
D1628,PV2 Life,0,9999999,0,9999999,Dword,0,[Hour],Set
D1630,CV23 Life,0,9999999,0,9999999,Dword,0,[Hour],Set

D1634,RV3 Life,0,9999999,0,9999999,Dword,0,[Hour],Set
D1636,LV3 Life,0,9999999,0,9999999,Dword,0,[Hour],Set
D1638,DV3 Life,0,9999999,0,9999999,Dword,0,[Hour],Set
D1640,PV101 Life,0,9999999,0,9999999,Dword,0,[Hour],Set
D1642,PV102 Life,0,9999999,0,9999999,Dword,0,[Hour],Set
D1644,PV103 Life,0,9999999,0,9999999,Dword,0,[Hour],Set
D1646,PV104 Life,0,9999999,0,9999999,Dword,0,[Hour],Set
D1648,PV105 Life,0,9999999,0,9999999,Dword,0,[Hour],Set
D1650,PV106 Life,0,9999999,0,9999999,Dword,0,[Hour],Set
D1652,PV107 Life,0,9999999,0,9999999,Dword,0,[Hour],Set
D1654,PV108 Life,0,9999999,0,9999999,Dword,0,[Hour],Set
D1656,PV109 Life,0,9999999,0,9999999,Dword,0,[Hour],Set
D1658,PV110 Life,0,9999999,0,9999999,Dword,0,[Hour],Set
D1660,PV111 Life,0,9999999,0,9999999,Dword,0,[Hour],Set
D1662,PV112 Life,0,9999999,0,9999999,Dword,0,[Hour],Set
D1664,PV113 Life,0,9999999,0,9999999,Dword,0,[Hour],Set
D1666,PV114 Life,0,9999999,0,9999999,Dword,0,[Hour],Set
D1668,PV115 Life,0,9999999,0,9999999,Dword,0,[Hour],Set
D1670,PV116 Life,0,9999999,0,9999999,Dword,0,[Hour],Set
D1672,PV117 Life,0,9999999,0,9999999,Dword,0,[Hour],Set
D1674,PV118 Life,0,9999999,0,9999999,Dword,0,[Hour],Set
D1676,PV119 Life,0,9999999,0,9999999,Dword,0,[Hour],Set
D1678,PV120 Life,0,9999999,0,9999999,Dword,0,[Hour],Set

D1680,MFC101 Cumulative Flow Life,0,30000,0,30000,Int16,0,[Count],Set
D1681,MFC102 Cumulative Flow Life,0,30000,0,30000,Int16,0,[Count],Set
D1682,MFC103 Cumulative Flow Life,0,30000,0,30000,Int16,0,[Count],Set
D1683,MFC104 Cumulative Flow Life,0,30000,0,30000,Int16,0,[Count],Set
D1684,MFC111 Cumulative Flow Life,0,30000,0,30000,Int16,0,[Count],Set
D1685,MFC112 Cumulative Flow Life,0,30000,0,30000,Int16,0,[Count],Set
D1686,MFC113 Cumulative Flow Life,0,30000,0,30000,Int16,0,[Count],Set
D1687,MFC114 Cumulative Flow Life,0,30000,0,30000,Int16,0,[Count],Set

//トルクモニター, Float32は上位WordのBit15が１の場合= マイナス値になる
D206,X-AXIS Torque Monitor,0,100,0,10000,Float32,0.00,[%],Mon
D216,Y-AXIS Torque Monitor,0,100,0,10000,Float32,0.00,[%],Mon
D226,T-AXIS Torque Monitor,0,100,0,10000,Float32,0.00,[%],Mon
D236,Lift-AXIS Torque Monitor,0,100,0,10000,Float32,0.00,[%],Mon

D200,X-AXIS Position,0,100,0,100000,Float32,0.00,[mm],Mon
D210,Y-AXIS Position,0,100,0,100000,Float32,0.00,[mm],Mon
D220,T-AXIS Position,0,100,0,100000,Float32,0.00,[deg],Mon
D230,Lift-AXIS Position,0,100,0,100000,Float32,0.00,[mm],Mon

D202,X-AXIS Speed,0,100,0,100000,Float32,0.00,[mm/sec],Mon
D212,Y-AXIS Speed,0,100,0,100000,Float32,0.00,[mm/sec],Mon
D222,T-AXIS Speed,0,100,0,100000,Float32,0.00,[deg],Mon
D232,Lift-AXIS Speed,0,100,0,100000,Float32,0.00,[mm/sec],Mon

//Alarm.Warning
D204,X-Error,0,100,0,100,Int16,0,
D214,Y-Error,0,100,0,100,Int16,0,
D224,T-Error,0,100,0,100,Int16,0,
D234,Lift-Error,0,100,0,100,Int16,0,
D205,X-Warning,0,100,0,100,Int16,0,
D215,Y-Warning,0,100,0,100,Int16,0,
D225,T-Warning,0,100,0,100,Int16,0,
D235,Lift-Warning,0,100,0,100,Int16,0,





//----System Parameter-PM  @@@@
D1210,Slow Rough Time,0,999.9,0,9999,Float,0.0,[Sec],Set
D1036,Rough Comp Pressure,1.0E-9,9.9E+5,1.0E-9,9.9E+5,V1,0.0E0,[Pa],Set
D1037,High Vacuum Comp Pressure,1.0E-9,9.9E+5,1.0E-9,9.9E+5,V1,0.0E0,[Pa],Set
D1212,Slow Vent Time,0,999.9,0,9999,Float,0.0,[Sec],Set
D1039,Vacuum Comp Pressure,1.0E-9,9.9E+5,1.0E-9,9.9E+5,V1,0.0E0,[Pa],Set
D1040,TMP Activation Pressure,1.0E-9,9.9E+5,1.0E-9,9.9E+5,V1,0.0E0,[Pa],Set
D1041,TMP Back Pressure,1.0E-9,9.9E+5,1.0E-9,9.9E+5,V1,0.0E0,[Pa],Set
D1042,MV1 Openable(Open Permitted) Pressure,1.0E-9,9.9E+5,1.0E-9,9.9E+5,V1,0.0E0,[Pa],Set
D1043,PV120 Openable(Open Permitted) Pressure,1.0E-9,9.9E+5,1.0E-9,9.9E+5,V1,0.0E0,[Pa],Set
D1044,GV12 Openable(Open Permitted) Pressure,1.0E-9,9.9E+5,1.0E-9,9.9E+5,V1,0.0E0,[Pa],Set
D1045,RV1 Openable(Open Permitted) Pressure,1.0E-9,9.9E+5,1.0E-9,9.9E+5,V1,0.0E0,[Pa],Set
D1216,PS1Atom Check Time,0,999.9,0,9999,Float,0.0,[Sec],Set

//----System Parameter-LL  @@@@
D1218,Slow Rough Time,0,999.9,0,9999,Float,0.0,[SEC],Set
D1220,Slow Vent Time,0,999.9,0,9999,Float,0.0,[SEC],Set
D1224,PS2Atom Check Time,0,999.9,0,9999,Float,0.0,[SEC],Set

//----System Parameter-LL  @@@@
D1226,Slow Rough Time,0,999.9,0,9999,Float,0.0,[SEC],Set
D1228,Slow Vent Time,0,999.9,0,9999,Float,0.0,[SEC],Set
D1232,PS3Atom Check Time,0,999.9,0,9999,Float,0.0,[SEC],Set


