2025/08/16 09:55:35,EFEMScheduler,EFEM Main, Cassette out No = 2
2025/08/16 10:41:10,EFEMScheduler,EFEM Main, Cassette in No = 2
2025/08/16 10:45:40,EFEMScheduler,MES Interface,Reset Control.
2025/08/16 10:45:44,EFEMScheduler,MES Interface,Pin Down OK
2025/08/16 10:45:45,EFEMScheduler,MES Interface,Start : MMST,TempLot2_202508161045,2504,SiO2 on Si,MAP0
2025/08/16 10:45:46,EFEMScheduler,MES Interface,Wait Measure Data
2025/08/16 10:50:54,EFEMScheduler,MES Interface,Wait Measure FTM Count : 307
2025/08/16 10:50:54,EFEMScheduler,MES Interface,Measure File Get: 2504.csv
2025/08/16 10:50:55,EFEMScheduler,MES Interface,Measurement Comp
2025/08/16 10:51:00,EFEMScheduler,MES Interface,Measurement Transfer Position
2025/08/16 10:51:02,EFEMScheduler,MES Interface,Process Complete2
2025/08/16 10:51:03,EFEMScheduler,MES Interface,Process Complete3
2025/08/16 11:07:37,EFEMScheduler,MES Interface,Pin Down OK
2025/08/16 11:07:38,EFEMScheduler,MES Interface,Start : MMST,TempLot2_202508161107,2523,SiO2 on Si,MAP05
2025/08/16 11:07:39,EFEMScheduler,MES Interface,Wait Measure Data
2025/08/16 11:11:07,EFEMScheduler,MES Interface,Wait Measure FTM Count : 207
2025/08/16 11:11:07,EFEMScheduler,MES Interface,Measure File Get: 2523.csv
2025/08/16 11:11:08,EFEMScheduler,MES Interface,Measurement Comp
2025/08/16 11:11:12,EFEMScheduler,MES Interface,Measurement Transfer Position
2025/08/16 11:11:15,EFEMScheduler,MES Interface,Process Complete2
2025/08/16 11:11:16,EFEMScheduler,MES Interface,Process Complete3
2025/08/16 11:25:02,EFEMScheduler,MES Interface,Reset Control.
2025/08/16 11:25:05,EFEMScheduler,MES Interface,Pin Down OK
2025/08/16 11:25:06,EFEMScheduler,MES Interface,Start : MMST,TempLot2_202508161125,2522,SiO2 on Si,MAP05
2025/08/16 11:25:07,EFEMScheduler,MES Interface,Wait Measure Data
2025/08/16 11:28:36,EFEMScheduler,MES Interface,Wait Measure FTM Count : 208
2025/08/16 11:28:36,EFEMScheduler,MES Interface,Measure File Get: 2522.csv
2025/08/16 11:28:37,EFEMScheduler,MES Interface,Measurement Comp
2025/08/16 11:28:42,EFEMScheduler,MES Interface,Measurement Transfer Position
2025/08/16 11:28:44,EFEMScheduler,MES Interface,Process Complete2
2025/08/16 11:28:45,EFEMScheduler,MES Interface,Process Complete3
2025/08/16 13:11:19,EFEMScheduler,EFEM Main, Cassette out No = 2
2025/08/16 13:15:53,EFEMScheduler,EFEM Main, Cassette in No = 2
2025/08/16 13:18:19,EFEMScheduler,EFEM Main, Cassette out No = 2
2025/08/16 13:24:56,EFEMScheduler,EFEM Main, Cassette in No = 2
2025/08/16 13:26:00,EFEMScheduler,MES Interface,Reset Control.
2025/08/16 13:26:09,EFEMScheduler,MES Interface,Pin Down OK
2025/08/16 13:26:10,EFEMScheduler,MES Interface,Start : MMST,TempLot2_202508161326,2705,SiO2 on Si,MAP0
2025/08/16 13:26:11,EFEMScheduler,MES Interface,Wait Measure Data
2025/08/16 13:31:19,EFEMScheduler,MES Interface,Wait Measure FTM Count : 307
2025/08/16 13:31:19,EFEMScheduler,MES Interface,Measure File Get: 2705.csv
2025/08/16 13:31:20,EFEMScheduler,MES Interface,Measurement Comp
2025/08/16 13:31:25,EFEMScheduler,MES Interface,Measurement Transfer Position
2025/08/16 13:31:27,EFEMScheduler,MES Interface,Process Complete2
2025/08/16 13:31:28,EFEMScheduler,MES Interface,Process Complete3
2025/08/16 13:37:07,EFEMScheduler,MES Interface,Reset Control.
2025/08/16 13:37:48,EFEMScheduler,MES Interface,Pin Down OK
2025/08/16 13:37:49,EFEMScheduler,MES Interface,Start : MMST,TempLot2_202508161337,2606,SiO2 on Si,MAP0
2025/08/16 13:37:50,EFEMScheduler,MES Interface,Wait Measure Data
2025/08/16 13:43:03,EFEMScheduler,MES Interface,Wait Measure FTM Count : 311
2025/08/16 13:43:03,EFEMScheduler,MES Interface,Measure File Get: 2606.csv
2025/08/16 13:43:04,EFEMScheduler,MES Interface,Measurement Comp
2025/08/16 13:43:10,EFEMScheduler,MES Interface,Measurement Transfer Position
2025/08/16 13:43:12,EFEMScheduler,MES Interface,Process Complete2
2025/08/16 13:43:13,EFEMScheduler,MES Interface,Process Complete3
2025/08/16 13:47:56,EFEMScheduler,EFEM Main, Cassette out No = 2
2025/08/16 13:48:01,EFEMScheduler,EFEM Main, Cassette in No = 2
2025/08/16 14:00:22,EFEMScheduler,MES Interface,Reset Control.
2025/08/16 14:00:27,EFEMScheduler,MES Interface,Pin Down OK
2025/08/16 14:00:28,EFEMScheduler,MES Interface,Start : MMST,TempLot2_202508161400,2820,SiO2 on Si,MAP20
2025/08/16 14:00:29,EFEMScheduler,MES Interface,Wait Measure Data
2025/08/16 14:02:51,EFEMScheduler,MES Interface,Wait Measure FTM Count : 141
2025/08/16 14:02:51,EFEMScheduler,MES Interface,Measure File Get: 2820.csv
2025/08/16 14:02:52,EFEMScheduler,MES Interface,Measurement Comp
2025/08/16 14:02:58,EFEMScheduler,MES Interface,Measurement Transfer Position
2025/08/16 14:03:00,EFEMScheduler,MES Interface,Process Complete2
2025/08/16 14:03:01,EFEMScheduler,MES Interface,Process Complete3
2025/08/16 17:04:37,EFEMScheduler,EFEM Main, Cassette in No = 1
2025/08/16 17:05:30,EFEMScheduler,EFEM Main, Cassette out No = 1
