CreateDateAndTime,2021/11/09 12:00:00
Name,SP1_Base
Comment,Template
StepMax,1
ItemMax,50
EndOfStep,1
SendAddress,R500
0,1,2,3,4,5,6,7,8,9,10,11,12,13,14
Device,ScaleMin,ScaleMax,Type,Format,Word,,,,,Item,Unit,RangeMin,RangeMax,Step1
;R500,0,50,Short,0,1,,,,,StepNo,NoEdit,0,50,0      ----> 編集はしないが送信はする
R501,0,3600,Float,0.0,1,,,,,ProcessTiime,sec,0.0,3600.0,0.0
;R502,0,9999,Float,0.0,1,,,,,Beam Current,uA,0.0,999.9,0.0
R503,0,9999,Float,0.00,1,,,,,Accelerator Voltage,V,0.00,999.99,0.00
R505,0,9999,Float,0.0,1,,,,,Filament Voltage,V,0.0,999.9,0.0
R506,0,9999,Float,0.0,1,,,,,Filament Current,mA,0.0,999.9,0.0
R507,0,9999,Float,0.0,1,,,,,Arc Voltage,V,0.0,999.9,0.0
R508,0,9999,Float,0.0,1,,,,,Arc Current,mA,0.0,999.9,0.0
R509,0,9999,Float,0.00,1,,,,,Lens1 Voltage,V,0.00,999.99,0.00
R511,0,9999,Float,0.00,1,,,,,Lens2 Voltage,V,0.00,999.99,0.00
R513,0,9999,Float,0.00,1,,,,,Suppressor Voltage,kV,0.00,999.99,0.00
R515,0,9999,Float,0.0,1,,,,,Neutralizer filament Voltage,V,0.0,999.9,0.0
R516,0,9999,Float,0.0,1,,,,,Neutralizer filament Current,A,0.0,999.9,0.0
R517,0,9999,Float,0.0,1,,,,,Neutralizer extracation Voltage,V,0.0,999.9,0.0
R518,0,9999,Float,0.0,1,,,,,Neutralizer extracation Current,mA,0.0,999.9,0.0
R519,0,999,Float,0.000,1,,,,,Process gas 1 Nozzle pressuure,MPa,0.000,99.999,0.000
R520,0,999,Float,0.000,1,,,,,Process gas 2 Nozzle pressuure,MPa,0.000,99.999,0.000
R521,0,999,Float,0.000,1,,,,,Process gas 3 Nozzle pressuure,MPa,0.000,99.999,0.000
R522,0,999,Float,0.000,1,,,,,Process gas 4 Nozzle pressuure,MPa,0.000,99.999,0.000
R527,0,4000,Short,0,1,,,,,MFC31,sccm,0,1000,0
R528,0,4000,Short,0,1,,,,,MFC32,sccm,0,1000,0
R548,0,1,Short,0,1,,,,,SCAN START,,0,1,0
;D1150,0,4000,Short,0,1,,,,,gasX,sccm,0,500,0
