2025/03/01 09:27:38,Overview,System,Auto View
2025/03/01 09:27:41,Overview,System,ModeChange View
2025/03/01 09:28:55,Lot Status,System,-
2025/03/01 09:38:36,Overview,System,LotOperation View
2025/03/01 09:38:46,Overview,System,Auto View
2025/03/01 09:39:01,Overview,System,Transfer View
2025/03/01 09:39:53,Overview,System,Service View
2025/03/01 09:41:23,Overview,System,Service View
2025/03/01 09:41:32,Overview,System,Transfer View
2025/03/01 09:41:38,Overview,System,Service View
2025/03/01 09:41:47,Overview,System,Service View
2025/03/01 09:42:31,PGC,System,MV(GCIB) Open or Close
2025/03/01 09:42:33,PGC,System,Open
2025/03/01 09:42:37,PGC,System,GV1 Open or Close
2025/03/01 09:42:38,PGC,System,Open
2025/03/01 09:42:39,PGC,System,GV2 Open or Close
2025/03/01 09:42:40,PGC,System,Open
2025/03/01 09:42:41,PGC,System,PV110 Open or Close
2025/03/01 09:42:42,PGC,System,Open
2025/03/01 09:42:43,PGC,System,PV115 Open or Close
2025/03/01 09:42:44,PGC,System,Open
2025/03/01 09:42:44,PGC,System,PV111 Open or Close
2025/03/01 09:42:45,PGC,System,Open
2025/03/01 09:42:46,PGC,System,PV116 Open or Close
2025/03/01 09:42:47,PGC,System,Open
2025/03/01 09:42:48,PGC,System,PV112 Open or Close
2025/03/01 09:42:49,PGC,System,Open
2025/03/01 10:00:12,Overview,System,Transfer View
2025/03/01 10:02:57,Lot Status,System,Placed
2025/03/01 10:03:00,Lot Status,System,-
2025/03/01 10:03:34,Lot Status,System,Placed
2025/03/01 10:03:40,Overview,System,Alarm View
2025/03/01 10:03:46,Overview,System,Service View
2025/03/01 10:04:27,PGC,System,GV1 Open or Close
2025/03/01 10:04:27,PGC,System,Close
2025/03/01 10:04:29,PGC,System,GV1 Open or Close
2025/03/01 10:04:30,PGC,System,Open
2025/03/01 10:04:31,PGC,System,PV111 Open or Close
2025/03/01 10:04:32,PGC,System,Close
2025/03/01 10:04:33,PGC,System,PV112 Open or Close
2025/03/01 10:04:34,PGC,System,Close
2025/03/01 10:04:35,PGC,System,PV115 Open or Close
2025/03/01 10:04:36,PGC,System,Close
2025/03/01 10:04:37,PGC,System,PV116 Open or Close
2025/03/01 10:04:37,PGC,System,Close
2025/03/01 10:04:38,PGC,System,PV110 Open or Close
2025/03/01 10:04:39,PGC,System,Close
2025/03/01 10:04:40,PGC,System,GV2 Open or Close
2025/03/01 10:04:41,PGC,System,Close
2025/03/01 10:04:41,PGC,System,GV1 Open or Close
2025/03/01 10:04:42,PGC,System,Close
2025/03/01 10:04:43,PGC,System,MV(GCIB) Open or Close
2025/03/01 10:04:44,PGC,System,Close
2025/03/01 10:06:29,Overview,System,Alarm View
2025/03/01 10:07:13,Overview,System,Alarm View
2025/03/01 10:08:58,Overview,System,Alarm View
2025/03/01 10:09:32,Overview,System,Service View
2025/03/01 10:09:35,PGC,System,Bias ON / OFF
2025/03/01 10:09:36,PGC,System,OFF
2025/03/01 10:09:38,PGC,System,Suppressor ON / OFF
2025/03/01 10:09:39,PGC,System,OFF
2025/03/01 10:09:40,PGC,System,Arc SW ON / OFF
2025/03/01 10:09:41,PGC,System,OFF
2025/03/01 10:09:43,PGC,System,Nuetralizer Filament SW ON / OFF
2025/03/01 10:09:44,PGC,System,OFF
2025/03/01 10:09:46,PGC,System,NutralizerExtral SW ON / OFF
2025/03/01 10:09:47,PGC,System,OFF
2025/03/01 10:09:49,PGC,System,High Voltage Supply ON / OFF
2025/03/01 10:09:50,PGC,System,OFF
2025/03/01 10:09:52,PGC,System,GCIB Remote ON / OFF
2025/03/01 10:09:53,PGC,System,OFF
2025/03/01 10:09:55,PGC,System,NutralizerExtral SW ON / OFF
2025/03/01 10:09:56,PGC,System,OFF
2025/03/01 10:09:58,PGC,System,Nuetralizer Filament SW ON / OFF
2025/03/01 10:09:59,PGC,System,ON
2025/03/01 10:10:00,PGC,System,NutralizerExtral SW ON / OFF
2025/03/01 10:10:00,PGC,System,ON
2025/03/01 10:10:01,PGC,System,Arc SW ON / OFF
2025/03/01 10:10:02,PGC,System,ON
2025/03/01 10:10:03,PGC,System,Arc SW ON / OFF
2025/03/01 10:10:03,PGC,System,OFF
2025/03/01 10:10:05,PGC,System,Nuetralizer Filament SW ON / OFF
2025/03/01 10:10:06,PGC,System,OFF
2025/03/01 10:10:07,PGC,System,NutralizerExtral SW ON / OFF
2025/03/01 10:10:08,PGC,System,OFF
2025/03/01 10:10:45,PGC,System,Arc SW ON / OFF
2025/03/01 10:10:45,PGC,System,OFF
2025/03/01 10:10:48,PGC,System,Nuetralizer Filament SW ON / OFF
2025/03/01 10:10:49,PGC,System,OFF
2025/03/01 10:10:50,PGC,System,NutralizerExtral SW ON / OFF
2025/03/01 10:10:50,PGC,System,OFF
2025/03/01 10:10:52,PGC,System,NutralizerExtral SW ON / OFF
2025/03/01 10:10:53,PGC,System,ON
2025/03/01 10:10:54,PGC,System,Nuetralizer Filament SW ON / OFF
2025/03/01 10:10:54,PGC,System,ON
2025/03/01 10:10:55,PGC,System,Arc SW ON / OFF
2025/03/01 10:10:56,PGC,System,ON
2025/03/01 10:11:25,Overview,System,Alarm View
2025/03/01 10:11:54,PGC,System,Nuetralizer Filament SW ON / OFF
2025/03/01 10:11:55,PGC,System,OFF
2025/03/01 10:12:00,PGC,System,NutralizerExtral SW ON / OFF
2025/03/01 10:12:01,PGC,System,OFF
2025/03/01 10:12:26,PGC,System,Nuetralizer Filament SW ON / OFF
2025/03/01 10:12:27,PGC,System,OFF
2025/03/01 10:12:28,PGC,System,NutralizerExtral SW ON / OFF
2025/03/01 10:12:29,PGC,System,OFF
2025/03/01 10:12:30,PGC,System,Arc SW ON / OFF
2025/03/01 10:12:31,PGC,System,OFF
2025/03/01 10:12:42,PGC,System,GCIB Remote ON / OFF
2025/03/01 10:12:43,PGC,System,ON
2025/03/01 10:12:45,PGC,System,High Voltage Supply ON / OFF
2025/03/01 10:12:46,PGC,System,ON
2025/03/01 10:12:58,PGC,System,Bias ON / OFF
2025/03/01 10:12:59,PGC,System,ON
2025/03/01 10:13:01,PGC,System,Accelerator ON / OFF
2025/03/01 10:13:02,PGC,System,ON
2025/03/01 10:13:04,PGC,System,Lens1 ON / OFF
2025/03/01 10:13:04,PGC,System,ON
2025/03/01 10:13:06,PGC,System,Lens2 ON / OFF
2025/03/01 10:13:07,PGC,System,ON
2025/03/01 10:13:09,PGC,System,Suppressor ON / OFF
2025/03/01 10:13:09,PGC,System,ON
2025/03/01 10:13:11,PGC,System,Filament SW ON / OFF
2025/03/01 10:13:12,PGC,System,ON
2025/03/01 10:13:24,PGC,System,Filament SW ON / OFF
2025/03/01 10:13:25,PGC,System,OFF
2025/03/01 10:13:25,PGC,System,Filament SW ON / OFF
2025/03/01 10:13:26,PGC,System,ON
2025/03/01 10:13:33,PGC,System,Filament SW ON / OFF
2025/03/01 10:13:34,PGC,System,ON
2025/03/01 10:13:35,PGC,System,Filament SW ON / OFF
2025/03/01 10:13:35,PGC,System,OFF
2025/03/01 10:13:36,PGC,System,Filament SW ON / OFF
2025/03/01 10:13:37,PGC,System,ON
2025/03/01 10:13:38,PGC,System,Arc SW ON / OFF
2025/03/01 10:13:39,PGC,System,OFF
2025/03/01 10:13:43,PGC,System,Nuetralizer Filament SW ON / OFF
2025/03/01 10:13:43,PGC,System,OFF
2025/03/01 10:13:46,PGC,System,NutralizerExtral SW ON / OFF
2025/03/01 10:13:47,PGC,System,OFF
2025/03/01 10:14:34,PGC,System,Bias ON / OFF
2025/03/01 10:14:35,PGC,System,ON
2025/03/01 10:14:36,PGC,System,Accelerator ON / OFF
2025/03/01 10:14:38,PGC,System,Cancel
2025/03/01 10:14:48,PGC,System,Bias ON / OFF
2025/03/01 10:14:49,PGC,System,ON
2025/03/01 10:14:55,PGC,System,Filament SW ON / OFF
2025/03/01 10:14:56,PGC,System,OFF
2025/03/01 10:15:10,Overview,System,Alarm View
2025/03/01 10:15:16,Overview,System,Service View
2025/03/01 10:15:22,PGC,System,GCIB Remote ON / OFF
2025/03/01 10:15:23,PGC,System,Cancel
2025/03/01 10:15:24,PGC,System,High Voltage Supply ON / OFF
2025/03/01 10:15:25,PGC,System,OFF
2025/03/01 10:15:26,PGC,System,GCIB Remote ON / OFF
2025/03/01 10:15:27,PGC,System,OFF
2025/03/01 10:15:30,Overview,System,Alarm View
2025/03/01 10:15:35,Overview,System,Service View
2025/03/01 10:15:37,PGC,System,GCIB Remote ON / OFF
2025/03/01 10:15:38,PGC,System,ON
2025/03/01 10:15:40,PGC,System,High Voltage Supply ON / OFF
2025/03/01 10:15:41,PGC,System,ON
2025/03/01 10:16:05,PGC,System,Bias ON / OFF
2025/03/01 10:16:06,PGC,System,ON
2025/03/01 10:16:08,PGC,System,Accelerator ON / OFF
2025/03/01 10:16:09,PGC,System,ON
2025/03/01 10:16:10,PGC,System,Lens1 ON / OFF
2025/03/01 10:16:11,PGC,System,ON
2025/03/01 10:16:12,PGC,System,Lens2 ON / OFF
2025/03/01 10:16:13,PGC,System,ON
2025/03/01 10:16:14,PGC,System,Suppressor ON / OFF
2025/03/01 10:16:15,PGC,System,ON
2025/03/01 10:16:16,PGC,System,Filament SW ON / OFF
2025/03/01 10:16:17,PGC,System,ON
2025/03/01 10:16:31,PGC,System,Filament SW ON / OFF
2025/03/01 10:16:31,PGC,System,ON
2025/03/01 10:16:37,PGC,System,Filament SW ON / OFF
2025/03/01 10:16:38,PGC,System,ON
2025/03/01 10:16:47,PGC,System,Filament SW ON / OFF
2025/03/01 10:16:48,PGC,System,OFF
2025/03/01 10:16:49,PGC,System,Filament SW ON / OFF
2025/03/01 10:16:49,PGC,System,ON
2025/03/01 10:16:55,PGC,System,Suppressor ON / OFF
2025/03/01 10:16:55,PGC,System,OFF
2025/03/01 10:16:56,PGC,System,Lens2 ON / OFF
2025/03/01 10:16:57,PGC,System,OFF
2025/03/01 10:16:58,PGC,System,Lens1 ON / OFF
2025/03/01 10:16:59,PGC,System,OFF
2025/03/01 10:17:00,PGC,System,Accelerator ON / OFF
2025/03/01 10:17:00,PGC,System,OFF
2025/03/01 10:17:02,PGC,System,Bias ON / OFF
2025/03/01 10:17:02,PGC,System,OFF
2025/03/01 10:17:24,PGC,System,Filament SW ON / OFF
2025/03/01 10:17:25,PGC,System,ON
2025/03/01 10:17:34,PGC,System,Filament SW ON / OFF
2025/03/01 10:17:34,PGC,System,OFF
2025/03/01 10:17:36,PGC,System,Filament SW ON / OFF
2025/03/01 10:17:37,PGC,System,ON
2025/03/01 10:17:51,PGC,System,Filament SW ON / OFF
2025/03/01 10:17:52,PGC,System,ON
2025/03/01 10:17:56,PGC,System,Filament SW ON / OFF
2025/03/01 10:17:57,PGC,System,OFF
2025/03/01 10:18:02,Overview,System,Logout
2025/03/01 10:18:12,Lot Status,System,Placed
2025/03/01 10:18:12,Lot Status,System,Mapped
2025/03/01 10:18:14,Lot Status,System,Placed
2025/03/01 10:18:18,Overview,System,Service View
2025/03/01 10:18:24,PGC,System,Filament SW ON / OFF
2025/03/01 10:18:25,PGC,System,ON
2025/03/01 10:18:38,PGC,System,Bias ON / OFF
2025/03/01 10:18:39,PGC,System,ON
2025/03/01 10:18:41,PGC,System,Accelerator ON / OFF
2025/03/01 10:18:42,PGC,System,ON
2025/03/01 10:18:44,PGC,System,Lens1 ON / OFF
2025/03/01 10:18:45,PGC,System,ON
2025/03/01 10:18:46,PGC,System,Lens2 ON / OFF
2025/03/01 10:18:46,PGC,System,ON
2025/03/01 10:18:47,PGC,System,Suppressor ON / OFF
2025/03/01 10:18:48,PGC,System,ON
2025/03/01 10:18:49,PGC,System,Filament SW ON / OFF
2025/03/01 10:18:50,PGC,System,ON
2025/03/01 10:19:01,PGC,System,Suppressor ON / OFF
2025/03/01 10:19:02,PGC,System,OFF
2025/03/01 10:19:03,PGC,System,Lens2 ON / OFF
2025/03/01 10:19:04,PGC,System,OFF
2025/03/01 10:19:05,PGC,System,Lens1 ON / OFF
2025/03/01 10:19:05,PGC,System,OFF
2025/03/01 10:19:06,PGC,System,Accelerator ON / OFF
2025/03/01 10:19:07,PGC,System,OFF
2025/03/01 10:19:08,PGC,System,Bias ON / OFF
2025/03/01 10:19:09,PGC,System,OFF
2025/03/01 10:19:17,PGC,System,Filament SW ON / OFF
2025/03/01 10:19:18,PGC,System,ON
2025/03/01 10:19:21,PGC,System,Filament SW ON / OFF
2025/03/01 10:19:22,PGC,System,ON
2025/03/01 10:19:23,PGC,System,Bias ON / OFF
2025/03/01 10:19:24,PGC,System,ON
2025/03/01 10:19:27,PGC,System,Accelerator ON / OFF
2025/03/01 10:19:28,PGC,System,ON
2025/03/01 10:19:30,PGC,System,Lens1 ON / OFF
2025/03/01 10:19:30,PGC,System,ON
2025/03/01 10:19:31,PGC,System,Lens2 ON / OFF
2025/03/01 10:19:32,PGC,System,ON
2025/03/01 10:19:33,PGC,System,Suppressor ON / OFF
2025/03/01 10:19:33,PGC,System,ON
2025/03/01 10:19:35,PGC,System,Filament SW ON / OFF
2025/03/01 10:19:35,PGC,System,ON
2025/03/01 10:20:13,PGC,System,Filament SW ON / OFF
2025/03/01 10:20:14,PGC,System,ON
2025/03/01 10:20:17,PGC,System,Filament SW ON / OFF
2025/03/01 10:20:18,PGC,System,OFF
2025/03/01 10:20:19,PGC,System,Filament SW ON / OFF
2025/03/01 10:20:20,PGC,System,ON
2025/03/01 10:20:38,PGC,System,Filament SW ON / OFF
2025/03/01 10:20:39,PGC,System,OFF
2025/03/01 10:20:40,PGC,System,Filament SW ON / OFF
2025/03/01 10:20:40,PGC,System,ON
2025/03/01 10:20:50,PGC,System,Bias ON / OFF
2025/03/01 10:20:51,PGC,System,ON
2025/03/01 10:20:52,PGC,System,Accelerator ON / OFF
2025/03/01 10:20:53,PGC,System,OFF
2025/03/01 10:20:54,PGC,System,GCIB Remote ON / OFF
2025/03/01 10:20:56,PGC,System,Cancel
2025/03/01 10:20:56,PGC,System,High Voltage Supply ON / OFF
2025/03/01 10:20:58,PGC,System,OFF
2025/03/01 10:20:59,PGC,System,GCIB Remote ON / OFF
2025/03/01 10:21:00,PGC,System,OFF
2025/03/01 10:21:03,PGC,System,GCIB Remote ON / OFF
2025/03/01 10:21:04,PGC,System,ON
2025/03/01 10:21:07,PGC,System,High Voltage Supply ON / OFF
2025/03/01 10:21:07,PGC,System,ON
2025/03/01 10:21:19,PGC,System,Filament SW ON / OFF
2025/03/01 10:21:20,PGC,System,ON
2025/03/01 10:21:24,PGC,System,Bias ON / OFF
2025/03/01 10:21:25,PGC,System,ON
2025/03/01 10:21:31,PGC,System,Bias ON / OFF
2025/03/01 10:21:32,PGC,System,OFF
2025/03/01 10:21:32,PGC,System,Accelerator ON / OFF
2025/03/01 10:21:33,PGC,System,OFF
2025/03/01 10:21:34,PGC,System,Lens1 ON / OFF
2025/03/01 10:21:35,PGC,System,OFF
2025/03/01 10:21:35,PGC,System,Lens2 ON / OFF
2025/03/01 10:21:36,PGC,System,OFF
2025/03/01 10:21:37,PGC,System,Suppressor ON / OFF
2025/03/01 10:21:38,PGC,System,OFF
2025/03/01 10:21:38,PGC,System,Filament SW ON / OFF
2025/03/01 10:21:39,PGC,System,OFF
2025/03/01 10:21:39,PGC,System,Arc SW ON / OFF
2025/03/01 10:21:40,PGC,System,OFF
2025/03/01 10:21:40,PGC,System,Nuetralizer Filament SW ON / OFF
2025/03/01 10:21:41,PGC,System,OFF
2025/03/01 10:21:42,PGC,System,NutralizerExtral SW ON / OFF
2025/03/01 10:21:42,PGC,System,OFF
2025/03/01 10:21:43,PGC,System,Bias ON / OFF
2025/03/01 10:21:44,PGC,System,ON
2025/03/01 10:22:43,Overview,System,Transfer View
2025/03/01 10:22:52,Lot Status,System,Mapped
2025/03/01 10:23:30,Overview,System,Transfer View
2025/03/01 10:24:14,Overview,System,Service View
2025/03/01 10:24:36,Overview,System,Alarm View
2025/03/01 10:24:44,Overview,System,Service View
2025/03/01 10:24:56,PGC,System,Bias ON / OFF
2025/03/01 10:24:57,PGC,System,ON
2025/03/01 10:25:00,PGC,System,Accelerator ON / OFF
2025/03/01 10:25:01,PGC,System,ON
2025/03/01 10:25:01,PGC,System,Lens1 ON / OFF
2025/03/01 10:25:02,PGC,System,ON
2025/03/01 10:25:03,PGC,System,Lens2 ON / OFF
2025/03/01 10:25:04,PGC,System,ON
2025/03/01 10:25:05,PGC,System,Suppressor ON / OFF
2025/03/01 10:25:06,PGC,System,ON
2025/03/01 10:25:07,PGC,System,Filament SW ON / OFF
2025/03/01 10:25:08,PGC,System,ON
2025/03/01 10:26:00,PGC,System,MV(GCIB) Open or Close
2025/03/01 10:26:00,PGC,System,Open
2025/03/01 10:26:04,PGC,System,GV1 Open or Close
2025/03/01 10:26:05,PGC,System,Open
2025/03/01 10:26:06,PGC,System,GV2 Open or Close
2025/03/01 10:26:07,PGC,System,Open
2025/03/01 10:26:07,PGC,System,PV110 Open or Close
2025/03/01 10:26:08,PGC,System,Open
2025/03/01 10:26:09,PGC,System,PV115 Open or Close
2025/03/01 10:26:10,PGC,System,Open
2025/03/01 10:26:12,PGC,System,PV111 Open or Close
2025/03/01 10:26:13,PGC,System,Open
2025/03/01 10:26:14,PGC,System,PV116 Open or Close
2025/03/01 10:26:15,PGC,System,Open
2025/03/01 10:26:15,PGC,System,PV112 Open or Close
2025/03/01 10:26:16,PGC,System,Open
2025/03/01 10:26:32,PGC,System,Bias ON / OFF
2025/03/01 10:26:33,PGC,System,ON
2025/03/01 10:26:39,PGC,System,Gas Valve Open or Close
2025/03/01 10:26:40,PGC,System,Close
2025/03/01 10:26:41,PGC,System,Gas Valve Open or Close
2025/03/01 10:26:42,PGC,System,Close
2025/03/01 10:26:45,PGC,System,Bias ON / OFF
2025/03/01 10:26:45,PGC,System,ON
2025/03/01 10:26:48,PGC,System,Accelerator ON / OFF
2025/03/01 10:26:49,PGC,System,ON
2025/03/01 10:26:53,PGC,System,MV(GCIB) Open or Close
2025/03/01 10:26:54,PGC,System,Close
2025/03/01 10:26:55,PGC,System,PV110 Open or Close
2025/03/01 10:26:56,PGC,System,Close
2025/03/01 10:26:57,PGC,System,PV115 Open or Close
2025/03/01 10:26:58,PGC,System,Close
2025/03/01 10:26:59,PGC,System,PV116 Open or Close
2025/03/01 10:26:59,PGC,System,Close
2025/03/01 10:27:00,PGC,System,PV111 Open or Close
2025/03/01 10:27:01,PGC,System,Close
2025/03/01 10:27:02,PGC,System,PV112 Open or Close
2025/03/01 10:27:03,PGC,System,Close
2025/03/01 10:27:25,Overview,System,Service View
2025/03/01 10:27:33,PGC,System,Bias ON / OFF
2025/03/01 10:27:34,PGC,System,ON
2025/03/01 10:27:50,PGC,System,Bias ON / OFF
2025/03/01 10:27:51,PGC,System,ON
2025/03/01 10:27:54,PGC,System,Accelerator ON / OFF
2025/03/01 10:27:55,PGC,System,ON
2025/03/01 10:28:53,PGC,System,Bias ON / OFF
2025/03/01 10:28:55,PGC,System,Cancel
2025/03/01 10:28:55,PGC,System,High Voltage Supply ON / OFF
2025/03/01 10:28:56,PGC,System,OFF
2025/03/01 10:28:58,PGC,System,GCIB Remote ON / OFF
2025/03/01 10:28:59,PGC,System,OFF
2025/03/01 10:29:03,PGC,System,GCIB Remote ON / OFF
2025/03/01 10:29:04,PGC,System,ON
2025/03/01 10:29:05,PGC,System,High Voltage Supply ON / OFF
2025/03/01 10:29:06,PGC,System,ON
2025/03/01 10:29:14,Overview,System,Alarm View
2025/03/01 10:29:20,Overview,System,Service View
2025/03/01 10:29:22,PGC,System,Bias ON / OFF
2025/03/01 10:29:23,PGC,System,ON
2025/03/01 10:29:37,PGC,System,Bias ON / OFF
2025/03/01 10:29:38,PGC,System,OFF
2025/03/01 10:29:38,PGC,System,Accelerator ON / OFF
2025/03/01 10:29:39,PGC,System,OFF
2025/03/01 10:29:39,PGC,System,Lens1 ON / OFF
2025/03/01 10:29:40,PGC,System,OFF
2025/03/01 10:29:41,PGC,System,Lens2 ON / OFF
2025/03/01 10:29:41,PGC,System,OFF
2025/03/01 10:29:42,PGC,System,Suppressor ON / OFF
2025/03/01 10:29:42,PGC,System,OFF
2025/03/01 10:29:43,PGC,System,Filament SW ON / OFF
2025/03/01 10:29:44,PGC,System,OFF
2025/03/01 10:29:44,PGC,System,Arc SW ON / OFF
2025/03/01 10:29:45,PGC,System,OFF
2025/03/01 10:29:45,PGC,System,Nuetralizer Filament SW ON / OFF
2025/03/01 10:29:46,PGC,System,OFF
2025/03/01 10:29:46,PGC,System,NutralizerExtral SW ON / OFF
2025/03/01 10:29:47,PGC,System,OFF
2025/03/01 10:29:56,PGC,System,Bias ON / OFF
2025/03/01 10:29:57,PGC,System,ON
2025/03/01 10:30:01,PGC,System,Accelerator ON / OFF
2025/03/01 10:30:01,PGC,System,ON
2025/03/01 10:31:34,PGC,System,Bias ON / OFF
2025/03/01 10:31:35,PGC,System,ON
2025/03/01 10:32:02,PGC,System,Bias ON / OFF
2025/03/01 10:32:02,PGC,System,ON
2025/03/01 10:32:12,PGC,System,Bias ON / OFF
2025/03/01 10:32:13,PGC,System,ON
2025/03/01 10:32:16,PGC,System,Bias ON / OFF
2025/03/01 10:32:17,PGC,System,OFF
2025/03/01 10:32:18,PGC,System,Accelerator ON / OFF
2025/03/01 10:32:18,PGC,System,OFF
2025/03/01 10:32:19,PGC,System,Lens1 ON / OFF
2025/03/01 10:32:20,PGC,System,OFF
2025/03/01 10:32:20,PGC,System,Lens2 ON / OFF
2025/03/01 10:32:22,PGC,System,OFF
2025/03/01 10:32:22,PGC,System,Suppressor ON / OFF
2025/03/01 10:32:23,PGC,System,OFF
2025/03/01 10:32:23,PGC,System,Filament SW ON / OFF
2025/03/01 10:32:24,PGC,System,OFF
2025/03/01 10:32:24,PGC,System,Arc SW ON / OFF
2025/03/01 10:32:25,PGC,System,OFF
2025/03/01 10:32:26,PGC,System,Nuetralizer Filament SW ON / OFF
2025/03/01 10:32:26,PGC,System,OFF
2025/03/01 10:32:27,PGC,System,NutralizerExtral SW ON / OFF
2025/03/01 10:32:28,PGC,System,OFF
2025/03/01 10:32:28,PGC,System,Bias ON / OFF
2025/03/01 10:32:29,PGC,System,ON
2025/03/01 10:32:36,PGC,System,Bias ON / OFF
2025/03/01 10:32:37,PGC,System,ON
2025/03/01 10:32:42,PGC,System,High Voltage Supply ON / OFF
2025/03/01 10:32:43,PGC,System,OFF
2025/03/01 10:32:44,PGC,System,Bias ON / OFF
2025/03/01 10:32:45,PGC,System,ON
2025/03/01 10:32:48,PGC,System,GCIB Remote ON / OFF
2025/03/01 10:32:48,PGC,System,OFF
2025/03/01 10:32:51,PGC,System,Bias ON / OFF
2025/03/01 10:32:52,PGC,System,ON
2025/03/01 10:32:54,PGC,System,GCIB Remote ON / OFF
2025/03/01 10:32:55,PGC,System,ON
2025/03/01 10:32:56,PGC,System,High Voltage Supply ON / OFF
2025/03/01 10:32:57,PGC,System,ON
2025/03/01 10:33:42,PGC,System,Bias ON / OFF
2025/03/01 10:33:43,PGC,System,ON
2025/03/01 10:33:49,PGC,System,Nuetralizer Filament SW ON / OFF
2025/03/01 10:33:50,PGC,System,ON
2025/03/01 10:33:51,PGC,System,NutralizerExtral SW ON / OFF
2025/03/01 10:33:52,PGC,System,ON
2025/03/01 10:33:57,Overview,System,Alarm View
2025/03/01 10:34:01,Overview,System,Service View
2025/03/01 10:34:03,PGC,System,Bias ON / OFF
2025/03/01 10:34:03,PGC,System,ON
2025/03/01 10:34:08,PGC,System,Accelerator ON / OFF
2025/03/01 10:34:09,PGC,System,ON
2025/03/01 10:34:12,Overview,System,Alarm View
2025/03/01 10:34:25,Overview,System,Transfer View
2025/03/01 10:35:08,Overview,System,Service View
2025/03/01 10:35:19,PGC,System,Bias ON / OFF
2025/03/01 10:35:20,PGC,System,ON
2025/03/01 10:36:07,PGC,System,Bias ON / OFF
2025/03/01 10:36:08,PGC,System,ON
2025/03/01 10:36:18,PGC,System,Filament SW ON / OFF
2025/03/01 10:36:19,PGC,System,ON
2025/03/01 10:36:27,Overview,System,Logout
2025/03/01 10:36:36,Lot Status,System,Mapped
2025/03/01 10:36:36,Lot Status,System,Placed
2025/03/01 10:36:38,Lot Status,System,Placed
2025/03/01 10:36:43,Overview,System,Service View
2025/03/01 10:36:47,PGC,System,Bias ON / OFF
2025/03/01 10:36:49,PGC,System,ON
2025/03/01 10:37:21,PGC,System,Bias ON / OFF
2025/03/01 10:37:22,PGC,System,ON
2025/03/01 10:37:33,PGC,System,Bias ON / OFF
2025/03/01 10:37:33,PGC,System,ON
2025/03/01 10:38:12,PGC,System,Bias ON / OFF
2025/03/01 10:38:13,PGC,System,ON
2025/03/01 10:38:16,PGC,System,Accelerator ON / OFF
2025/03/01 10:38:17,PGC,System,ON
2025/03/01 10:38:18,PGC,System,Lens1 ON / OFF
2025/03/01 10:38:18,PGC,System,ON
2025/03/01 10:38:46,Overview,System,Alarm View
2025/03/01 10:38:51,Overview,System,Service View
2025/03/01 10:38:53,PGC,System,High Voltage Supply ON / OFF
2025/03/01 10:38:54,PGC,System,OFF
2025/03/01 10:38:55,PGC,System,GCIB Remote ON / OFF
2025/03/01 10:38:56,PGC,System,OFF
2025/03/01 10:38:59,Overview,System,Alarm View
2025/03/01 10:39:03,Overview,System,Service View
2025/03/01 10:39:05,PGC,System,GCIB Remote ON / OFF
2025/03/01 10:39:06,PGC,System,ON
2025/03/01 10:39:09,PGC,System,High Voltage Supply ON / OFF
2025/03/01 10:39:10,PGC,System,ON
2025/03/01 10:39:20,PGC,System,Bias ON / OFF
2025/03/01 10:39:20,PGC,System,ON
2025/03/01 10:39:33,PGC,System,Accelerator ON / OFF
2025/03/01 10:39:34,PGC,System,ON
2025/03/01 10:39:36,PGC,System,Lens1 ON / OFF
2025/03/01 10:39:36,PGC,System,ON
2025/03/01 10:39:38,PGC,System,Lens2 ON / OFF
2025/03/01 10:39:39,PGC,System,ON
2025/03/01 10:39:40,PGC,System,Suppressor ON / OFF
2025/03/01 10:39:40,PGC,System,ON
2025/03/01 10:40:21,PGC,System,Filament SW ON / OFF
2025/03/01 10:40:25,PGC,System,Cancel
2025/03/01 10:40:39,PGC,System,Bias ON / OFF
2025/03/01 10:40:40,PGC,System,ON
2025/03/01 10:41:06,PGC,System,Bias ON / OFF
2025/03/01 10:41:06,PGC,System,ON
2025/03/01 10:41:09,PGC,System,Bias ON / OFF
2025/03/01 10:41:10,PGC,System,ON
2025/03/01 10:41:13,PGC,System,Bias ON / OFF
2025/03/01 10:41:14,PGC,System,OFF
2025/03/01 10:41:14,PGC,System,Accelerator ON / OFF
2025/03/01 10:41:15,PGC,System,OFF
2025/03/01 10:41:16,PGC,System,Lens1 ON / OFF
2025/03/01 10:41:16,PGC,System,OFF
2025/03/01 10:41:17,PGC,System,Lens2 ON / OFF
2025/03/01 10:41:18,PGC,System,OFF
2025/03/01 10:41:18,PGC,System,Suppressor ON / OFF
2025/03/01 10:41:19,PGC,System,OFF
2025/03/01 10:41:19,PGC,System,Filament SW ON / OFF
2025/03/01 10:41:20,PGC,System,OFF
2025/03/01 10:41:21,PGC,System,Arc SW ON / OFF
2025/03/01 10:41:21,PGC,System,OFF
2025/03/01 10:41:22,PGC,System,Nuetralizer Filament SW ON / OFF
2025/03/01 10:41:22,PGC,System,OFF
2025/03/01 10:41:23,PGC,System,NutralizerExtral SW ON / OFF
2025/03/01 10:41:23,PGC,System,OFF
2025/03/01 10:41:25,PGC,System,GCIB Remote ON / OFF
2025/03/01 10:41:27,PGC,System,Cancel
2025/03/01 10:41:27,PGC,System,High Voltage Supply ON / OFF
2025/03/01 10:41:28,PGC,System,OFF
2025/03/01 10:41:30,PGC,System,GCIB Remote ON / OFF
2025/03/01 10:41:30,PGC,System,OFF
2025/03/01 10:41:33,PGC,System,GCIB Remote ON / OFF
2025/03/01 10:41:34,PGC,System,ON
2025/03/01 10:41:36,PGC,System,High Voltage Supply ON / OFF
2025/03/01 10:41:36,PGC,System,ON
2025/03/01 10:42:07,PGC,System,Bias ON / OFF
2025/03/01 10:42:08,PGC,System,ON
2025/03/01 10:43:03,Overview,System,Alarm View
2025/03/01 10:43:58,PGC,System,Bias ON / OFF
2025/03/01 10:43:59,PGC,System,ON
2025/03/01 10:44:01,PGC,System,Accelerator ON / OFF
2025/03/01 10:44:02,PGC,System,ON
2025/03/01 10:44:02,PGC,System,Lens1 ON / OFF
2025/03/01 10:44:03,PGC,System,ON
2025/03/01 10:44:04,PGC,System,Lens2 ON / OFF
2025/03/01 10:44:04,PGC,System,ON
2025/03/01 10:44:05,PGC,System,Suppressor ON / OFF
2025/03/01 10:44:05,PGC,System,ON
2025/03/01 10:44:15,PGC,System,Filament SW ON / OFF
2025/03/01 10:44:16,PGC,System,ON
2025/03/01 10:44:23,PGC,System,Arc SW ON / OFF
2025/03/01 10:44:24,PGC,System,ON
2025/03/01 10:44:27,PGC,System,Nuetralizer Filament SW ON / OFF
2025/03/01 10:44:28,PGC,System,ON
2025/03/01 10:44:29,PGC,System,NutralizerExtral SW ON / OFF
2025/03/01 10:44:29,PGC,System,ON
2025/03/01 10:44:35,PGC,System,Filament SW ON / OFF
2025/03/01 10:44:36,PGC,System,OFF
2025/03/01 10:44:36,PGC,System,Arc SW ON / OFF
2025/03/01 10:44:37,PGC,System,OFF
2025/03/01 10:44:37,PGC,System,Nuetralizer Filament SW ON / OFF
2025/03/01 10:44:38,PGC,System,OFF
2025/03/01 10:44:38,PGC,System,NutralizerExtral SW ON / OFF
2025/03/01 10:44:39,PGC,System,OFF
2025/03/01 10:58:04,PGC,System,Filament SW ON / OFF
2025/03/01 10:58:05,PGC,System,ON
2025/03/01 10:58:36,PGC,System,Filament SW ON / OFF
2025/03/01 10:58:37,PGC,System,ON
2025/03/01 10:58:43,PGC,System,Filament SW ON / OFF
2025/03/01 10:58:44,PGC,System,OFF
2025/03/01 10:58:54,PGC,System,Filament SW ON / OFF
2025/03/01 10:58:55,PGC,System,ON
2025/03/01 10:59:00,PGC,System,Filament SW ON / OFF
2025/03/01 10:59:01,PGC,System,ON
2025/03/01 10:59:16,PGC,System,Filament SW ON / OFF
2025/03/01 10:59:17,PGC,System,ON
2025/03/01 10:59:49,PGC,System,Filament SW ON / OFF
2025/03/01 10:59:49,PGC,System,ON
2025/03/01 10:59:53,PGC,System,Filament SW ON / OFF
2025/03/01 10:59:54,PGC,System,OFF
2025/03/01 10:59:54,PGC,System,Filament SW ON / OFF
2025/03/01 10:59:55,PGC,System,ON
2025/03/01 11:00:05,PGC,System,Filament SW ON / OFF
2025/03/01 11:00:06,PGC,System,ON
2025/03/01 11:01:40,PGC,System,Filament SW ON / OFF
2025/03/01 11:01:40,PGC,System,ON
2025/03/01 11:01:46,PGC,System,Filament SW ON / OFF
2025/03/01 11:01:47,PGC,System,OFF
2025/03/01 11:02:03,PGC,System,Filament SW ON / OFF
2025/03/01 11:02:03,PGC,System,ON
2025/03/01 11:02:32,Overview,System,Alarm View
2025/03/01 11:02:36,Overview,System,Setup View
2025/03/01 11:02:37,Overview,System,Service View
2025/03/01 11:02:38,PGC,System,Filament SW ON / OFF
2025/03/01 11:02:39,PGC,System,ON
2025/03/01 11:02:45,Overview,System,Service View
2025/03/01 11:02:48,PGC,System,Filament SW ON / OFF
2025/03/01 11:02:49,PGC,System,ON
2025/03/01 11:02:54,PGC,System,Filament SW ON / OFF
2025/03/01 11:02:54,PGC,System,OFF
2025/03/01 11:02:55,PGC,System,Arc SW ON / OFF
2025/03/01 11:02:56,PGC,System,OFF
2025/03/01 11:02:56,PGC,System,Nuetralizer Filament SW ON / OFF
2025/03/01 11:02:57,PGC,System,OFF
2025/03/01 11:02:57,PGC,System,NutralizerExtral SW ON / OFF
2025/03/01 11:02:58,PGC,System,OFF
2025/03/01 11:02:59,PGC,System,Filament SW ON / OFF
2025/03/01 11:03:01,PGC,System,Cancel
2025/03/01 11:03:03,PGC,System,Filament SW ON / OFF
2025/03/01 11:03:03,PGC,System,ON
2025/03/01 11:03:06,PGC,System,Gas Valve Open or Close
2025/03/01 11:03:07,PGC,System,Open
2025/03/01 11:03:08,PGC,System,Gas Valve Open or Close
2025/03/01 11:03:09,PGC,System,Open
2025/03/01 11:03:13,PGC,System,Filament SW ON / OFF
2025/03/01 11:03:14,PGC,System,ON
2025/03/01 11:03:19,PGC,System,GV1 Open or Close
2025/03/01 11:03:20,PGC,System,Close
2025/03/01 11:03:21,PGC,System,GV2 Open or Close
2025/03/01 11:03:22,PGC,System,Close
2025/03/01 11:03:25,PGC,System,MV(GCIB) Open or Close
2025/03/01 11:03:26,PGC,System,Open
2025/03/01 11:03:31,PGC,System,GV1 Open or Close
2025/03/01 11:03:32,PGC,System,Open
2025/03/01 11:03:33,PGC,System,GV2 Open or Close
2025/03/01 11:03:33,PGC,System,Open
2025/03/01 11:03:35,PGC,System,PV110 Open or Close
2025/03/01 11:03:36,PGC,System,Open
2025/03/01 11:03:37,PGC,System,PV115 Open or Close
2025/03/01 11:03:38,PGC,System,Open
2025/03/01 11:03:39,PGC,System,PV111 Open or Close
2025/03/01 11:03:40,PGC,System,Open
2025/03/01 11:03:41,PGC,System,PV116 Open or Close
2025/03/01 11:03:42,PGC,System,Open
2025/03/01 11:03:42,PGC,System,PV112 Open or Close
2025/03/01 11:03:43,PGC,System,Open
2025/03/01 11:03:46,Overview,System,Service View
2025/03/01 11:05:12,PGC,System,Filament SW ON / OFF
2025/03/01 11:05:14,PGC,System,ON
2025/03/01 11:05:22,PGC,System,Filament SW ON / OFF
2025/03/01 11:05:23,PGC,System,ON
2025/03/01 11:05:26,PGC,System,Filament SW ON / OFF
2025/03/01 11:05:26,PGC,System,OFF
2025/03/01 11:05:27,PGC,System,Arc SW ON / OFF
2025/03/01 11:05:28,PGC,System,OFF
2025/03/01 11:05:28,PGC,System,Nuetralizer Filament SW ON / OFF
2025/03/01 11:05:29,PGC,System,OFF
2025/03/01 11:05:29,PGC,System,NutralizerExtral SW ON / OFF
2025/03/01 11:05:29,PGC,System,OFF
2025/03/01 11:05:32,PGC,System,Filament SW ON / OFF
2025/03/01 11:05:32,PGC,System,ON
2025/03/01 11:06:00,PGC,System,Filament SW ON / OFF
2025/03/01 11:06:01,PGC,System,ON
2025/03/01 11:06:06,PGC,System,Filament SW ON / OFF
2025/03/01 11:06:06,PGC,System,OFF
2025/03/01 11:06:07,PGC,System,Filament SW ON / OFF
2025/03/01 11:06:08,PGC,System,ON
2025/03/01 11:06:24,Overview,System,Service View
2025/03/01 11:06:37,PGC,System,PV111 Open or Close
2025/03/01 11:06:38,PGC,System,Close
2025/03/01 11:06:39,PGC,System,PV112 Open or Close
2025/03/01 11:06:39,PGC,System,Close
2025/03/01 11:06:40,PGC,System,PV115 Open or Close
2025/03/01 11:06:41,PGC,System,Close
2025/03/01 11:06:42,PGC,System,PV116 Open or Close
2025/03/01 11:06:43,PGC,System,Close
2025/03/01 11:06:43,PGC,System,PV110 Open or Close
2025/03/01 11:06:44,PGC,System,Close
2025/03/01 11:06:45,PGC,System,GV2 Open or Close
2025/03/01 11:06:46,PGC,System,Close
2025/03/01 11:06:47,PGC,System,GV1 Open or Close
2025/03/01 11:06:47,PGC,System,Close
2025/03/01 11:06:48,PGC,System,MV(GCIB) Open or Close
2025/03/01 11:06:49,PGC,System,Close
2025/03/01 11:19:02,PGC,System,Filament SW ON / OFF
2025/03/01 11:19:03,PGC,System,ON
2025/03/01 11:19:05,PGC,System,Arc SW ON / OFF
2025/03/01 11:19:06,PGC,System,ON
2025/03/01 11:19:07,PGC,System,Nuetralizer Filament SW ON / OFF
2025/03/01 11:19:08,PGC,System,ON
2025/03/01 11:19:10,PGC,System,NutralizerExtral SW ON / OFF
2025/03/01 11:19:11,PGC,System,ON
2025/03/01 11:19:17,PGC,System,MV(GCIB) Open or Close
2025/03/01 11:19:18,PGC,System,Open
2025/03/01 11:19:22,PGC,System,GV1 Open or Close
2025/03/01 11:19:22,PGC,System,Open
2025/03/01 11:19:24,PGC,System,GV2 Open or Close
2025/03/01 11:19:25,PGC,System,Open
2025/03/01 11:19:26,PGC,System,PV115 Open or Close
2025/03/01 11:19:26,PGC,System,Open
2025/03/01 11:19:27,PGC,System,PV111 Open or Close
2025/03/01 11:19:28,PGC,System,Open
2025/03/01 11:19:29,PGC,System,PV116 Open or Close
2025/03/01 11:19:30,PGC,System,Open
2025/03/01 11:19:31,PGC,System,PV112 Open or Close
2025/03/01 11:19:32,PGC,System,Open
2025/03/01 11:29:44,Overview,System,Alarm View
2025/03/01 11:29:49,Overview,System,Service View
2025/03/01 11:29:55,PGC,System,PV110 Open or Close
2025/03/01 11:29:56,PGC,System,Open
2025/03/01 11:29:59,Overview,System,Alarm View
2025/03/01 11:30:03,Overview,System,Service View
2025/03/01 11:34:30,Overview,System,Alarm View
2025/03/01 11:39:05,Overview,System,SemiAuto View
2025/03/01 11:39:24,Overview,System,Service View
2025/03/01 11:44:26,Overview,System,Transfer View
2025/03/01 11:44:42,Lot Status,System,-
2025/03/01 11:45:03,Lot Status,System,Placed
2025/03/01 11:45:44,Lot Status,System,Mapped
2025/03/01 11:46:25,Overview,System,Transfer View
2025/03/01 11:46:37,Overview,System,Service View
2025/03/01 11:47:33,Overview,System,Service View
2025/03/01 11:53:21,Overview,System,Transfer View
2025/03/01 11:53:31,Overview,System,SemiAuto View
2025/03/01 11:53:34,Overview,System,Service View
2025/03/01 11:53:43,Overview,System,Transfer View
2025/03/01 11:53:49,Overview,System,SemiAuto View
2025/03/01 11:54:42,BMode Scan Sampling,PM,BMode Scan Start
2025/03/01 11:54:52,Overview,System,Service View
2025/03/01 12:11:55,BMode Scan Sampling,PM,BMode Scan End
2025/03/01 13:19:40,Overview,System,Transfer View
2025/03/01 13:19:46,Overview,System,Service View
2025/03/01 13:19:55,Overview,System,Transfer View
2025/03/01 13:23:55,Overview,System,SemiAuto View
2025/03/01 13:24:40,BMode Scan Sampling,PM,BMode Scan Start
2025/03/01 13:24:52,Overview,System,Service View
2025/03/01 13:29:11,BMode Scan Sampling,PM,BMode Scan End
2025/03/01 13:30:18,Overview,System,Transfer View
2025/03/01 13:32:09,Overview,System,Transfer View
2025/03/01 13:32:48,Overview,System,Service View
2025/03/01 13:33:00,Overview,System,Transfer View
2025/03/01 13:33:10,Overview,System,Service View
2025/03/01 13:33:55,Overview,System,Service View
2025/03/01 13:42:08,Overview,System,Transfer View
2025/03/01 13:45:28,Overview,System,Service View
2025/03/01 13:59:16,Overview,System,Service View
2025/03/01 14:00:21,Overview,System,ModeChange View
2025/03/01 14:00:26,Overview,System,ModeChange View
2025/03/01 14:00:39,Overview,System,Auto View
2025/03/01 14:00:47,Auto,System,Start
2025/03/01 14:00:53,Overview,System,LotOperation View
2025/03/01 14:02:41,Lot Status,System,Processing
2025/03/01 14:02:43,Overview,System,Auto View
2025/03/01 14:02:47,Overview,System,ModeChange View
2025/03/01 14:04:44,BMode Scan Sampling,PM,BMode Scan Start
2025/03/01 14:12:04,BMode Scan Sampling,PM,BMode Scan End
2025/03/01 14:13:02,BMode Scan Sampling,PM,BMode Scan Start
2025/03/01 14:18:46,BMode Scan Sampling,PM,BMode Scan End
2025/03/01 14:19:44,BMode Scan Sampling,PM,BMode Scan Start
2025/03/01 14:24:29,BMode Scan Sampling,PM,BMode Scan End
2025/03/01 14:25:27,BMode Scan Sampling,PM,BMode Scan Start
2025/03/01 14:32:15,Overview,System,Transfer View
2025/03/01 14:32:22,BMode Scan Sampling,PM,BMode Scan End
2025/03/01 14:33:20,BMode Scan Sampling,PM,BMode Scan Start
2025/03/01 14:38:49,Overview,System,Service View
2025/03/01 14:40:27,BMode Scan Sampling,PM,BMode Scan End
2025/03/01 14:41:25,BMode Scan Sampling,PM,BMode Scan Start
2025/03/01 14:46:58,BMode Scan Sampling,PM,BMode Scan End
2025/03/01 14:47:55,BMode Scan Sampling,PM,BMode Scan Start
2025/03/01 14:53:43,BMode Scan Sampling,PM,BMode Scan End
2025/03/01 14:54:41,BMode Scan Sampling,PM,BMode Scan Start
2025/03/01 15:00:33,BMode Scan Sampling,PM,BMode Scan End
2025/03/01 15:01:31,BMode Scan Sampling,PM,BMode Scan Start
2025/03/01 15:08:25,BMode Scan Sampling,PM,BMode Scan End
2025/03/01 15:09:23,BMode Scan Sampling,PM,BMode Scan Start
2025/03/01 15:16:35,BMode Scan Sampling,PM,BMode Scan End
2025/03/01 15:17:34,BMode Scan Sampling,PM,BMode Scan Start
2025/03/01 15:24:03,BMode Scan Sampling,PM,BMode Scan End
2025/03/01 15:25:01,BMode Scan Sampling,PM,BMode Scan Start
2025/03/01 15:31:35,BMode Scan Sampling,PM,BMode Scan End
2025/03/01 15:41:46,Overview,System,Service View
2025/03/01 15:41:49,Overview,System,Alarm View
2025/03/01 15:42:15,Overview,System,Alarm View
2025/03/01 15:43:25,Overview,System,Auto View
2025/03/01 15:43:29,Auto,System,Stop
2025/03/01 15:43:33,Overview,System,LotOperation View
2025/03/01 15:43:37,Lot Operation,System,Close Window
2025/03/01 15:43:38,Overview,System,Auto View
2025/03/01 15:43:40,Overview,System,ModeChange View
2025/03/01 15:43:44,Overview,System,SemiAuto View
2025/03/01 15:43:48,Overview,System,ModeChange View
2025/03/01 15:43:49,Overview,System,Auto View
2025/03/01 15:43:52,Overview,System,LotOperation View
2025/03/01 15:43:55,Overview,System,Alarm View
2025/03/01 15:44:00,Overview,System,Transfer View
2025/03/01 15:45:22,Overview,System,Service View
2025/03/01 15:45:26,Overview,System,SemiAuto View
2025/03/01 15:45:28,Overview,System,Transfer View
2025/03/01 15:50:16,Overview,System,Service View
2025/03/01 15:52:40,Overview,System,Transfer View
2025/03/01 15:52:44,Overview,System,Service View
2025/03/01 15:53:00,Overview,System,Transfer View
2025/03/01 15:53:15,Overview,System,Service View
2025/03/01 15:58:49,Overview,System,Alarm View
2025/03/01 15:58:54,Overview,System,Transfer View
2025/03/01 15:59:10,Overview,System,Alarm View
2025/03/01 15:59:15,Overview,System,Transfer View
2025/03/01 16:00:08,Overview,System,Service View
2025/03/01 16:00:11,Overview,System,Transfer View
2025/03/01 16:08:44,Overview,System,Service View
2025/03/01 16:17:16,Overview,System,Transfer View
2025/03/01 16:17:42,Overview,System,ModeChange View
2025/03/01 16:17:46,Overview,System,Auto View
2025/03/01 16:18:12,Overview,System,ModeChange View
2025/03/01 16:18:14,Overview,System,Auto View
2025/03/01 16:18:22,Auto,System,Start
2025/03/01 16:18:24,Overview,System,LotOperation View
2025/03/01 16:19:27,Lot Status,System,Processing
2025/03/01 16:19:30,Overview,System,Auto View
2025/03/01 16:19:32,Overview,System,ModeChange View
2025/03/01 16:21:20,Overview,System,Service View
2025/03/01 16:21:27,BMode Scan Sampling,PM,BMode Scan Start
2025/03/01 16:28:06,BMode Scan Sampling,PM,BMode Scan End
2025/03/01 16:29:03,BMode Scan Sampling,PM,BMode Scan Start
2025/03/01 16:36:14,BMode Scan Sampling,PM,BMode Scan End
2025/03/01 16:37:12,BMode Scan Sampling,PM,BMode Scan Start
2025/03/01 16:43:26,BMode Scan Sampling,PM,BMode Scan End
2025/03/01 16:44:24,BMode Scan Sampling,PM,BMode Scan Start
2025/03/01 16:50:18,Overview,System,Service View
2025/03/01 16:50:59,BMode Scan Sampling,PM,BMode Scan End
2025/03/01 16:51:03,Overview,System,LotOperation View
2025/03/01 16:51:06,Overview,System,LotOperation View
2025/03/01 16:51:28,Overview,System,Auto View
2025/03/01 16:51:33,Auto,System,Stop
2025/03/01 16:51:38,Overview,System,Transfer View
2025/03/01 16:51:41,Overview,System,ModeChange View
2025/03/01 16:51:44,Overview,System,LotOperation View
2025/03/01 16:51:57,Overview,System,Transfer View
2025/03/01 16:52:56,Overview,System,Service View
2025/03/01 16:53:20,Overview,System,Transfer View
2025/03/01 16:56:03,Overview,System,Service View
2025/03/01 16:57:55,Overview,System,Transfer View
2025/03/01 16:59:29,Overview,System,Service View
2025/03/01 17:02:32,Overview,System,Transfer View
2025/03/01 17:02:47,Overview,System,Transfer View
2025/03/01 17:03:47,Overview,System,Service View
2025/03/01 17:04:40,Overview,System,Transfer View
2025/03/01 17:07:17,Overview,System,Transfer View
2025/03/01 17:10:58,Overview,System,Transfer View
2025/03/01 17:12:18,Overview,System,Transfer View
2025/03/01 17:12:26,Overview,System,Logout
2025/03/01 17:12:39,Lot Status,System,Placed
2025/03/01 17:12:39,Lot Status,System,Placed
2025/03/01 17:12:44,Overview,System,Transfer View
2025/03/01 17:14:21,Overview,System,Service View
2025/03/01 17:16:59,Overview,System,Service View
2025/03/01 17:17:45,PGC,System,PV111 Open or Close
2025/03/01 17:17:46,PGC,System,Close
2025/03/01 17:17:47,PGC,System,PV112 Open or Close
2025/03/01 17:17:47,PGC,System,Close
2025/03/01 17:17:49,PGC,System,PV115 Open or Close
2025/03/01 17:17:50,PGC,System,Close
2025/03/01 17:17:51,PGC,System,PV116 Open or Close
2025/03/01 17:17:51,PGC,System,Close
2025/03/01 17:17:52,PGC,System,PV110 Open or Close
2025/03/01 17:17:53,PGC,System,Close
2025/03/01 17:17:53,PGC,System,GV2 Open or Close
2025/03/01 17:17:54,PGC,System,Close
2025/03/01 17:17:55,PGC,System,GV1 Open or Close
2025/03/01 17:17:56,PGC,System,Close
2025/03/01 17:17:57,PGC,System,MV(GCIB) Open or Close
2025/03/01 17:17:58,PGC,System,Close
2025/03/01 17:18:53,Overview,System,Alarm View
2025/03/01 17:18:56,Overview,System,Service View
2025/03/01 17:19:50,Overview,System,Transfer View
2025/03/01 17:21:19,Overview,System,Service View
2025/03/01 17:25:43,Overview,System,Transfer View
2025/03/01 17:26:14,Overview,System,Transfer View
2025/03/01 17:27:19,Overview,System,Service View
2025/03/01 17:28:15,Overview,System,Service View
2025/03/01 17:28:26,Overview,System,Transfer View
2025/03/01 19:42:24,Overview,System,Transfer View
2025/03/01 19:43:49,Overview,System,Service View
2025/03/01 19:43:53,Overview,System,Transfer View
2025/03/01 19:44:04,Overview,System,Service View
2025/03/01 19:52:41,Overview,System,Transfer View
2025/03/01 19:52:51,Overview,System,Service View
2025/03/01 19:53:07,Overview,System,Transfer View
2025/03/01 19:53:14,Overview,System,LotOperation View
