//LIFE PC,,,,,,,,,,
//ItemName, Device Address, Unit, RangeMin, RangeMax,ScaleMin,ScaleMax,DataType,Format,Act Device Address, Reset Command
Filament Life,D1568,[Hour],0,9999,0,9999,Word,0,D728,D1017@28
Filament_Neautra Life,D1569,[Hour],0,9999,0,9999,Word,0,D729,D1017@0x29
Faraday-Cup1 Life,D1576,[Hour],0,9999,0,9999,Word,0,D726,D1017@0x26
Faraday-Cup2 Life,D1577,[Hour],0,9999,0,9999,Word,0,D727,D1017@0x27
RV01 Life  ,D1590,[Count],0,9999999,0,9999999,DWord,0,D740,D1017@0x40
LV01 Life  ,D1592,[Count],0,9999999,0,9999999,DWord,0,D742,D1017@0x41
FV01 Life  ,D1594,[Count],0,9999999,0,9999999,DWord,0,D744,D1017@0x42
MV01 Life  ,D1596,[Count],0,9999999,0,9999999,DWord,0,D746,D1017@0x43
MV02 Life  ,D1598,[Count],0,9999999,0,9999999,DWord,0,D748,D1017@0x44
MV03 Life  ,D1600,[Count],0,9999999,0,9999999,DWord,0,D750,D1017@0x45
PV04 Life  ,D1602,[Count],0,9999999,0,9999999,DWord,0,D752,D1017@0x46
PV03 Life  ,D1604,[Count],0,9999999,0,9999999,DWord,0,D754,D1017@0x47
GV01 Life,D1606,[Count],0,9999999,0,9999999,DWord,0,D756,D1017@0x48
//PV101 Life  ,D1640,[Count],0,9999999,0,9999999,DWord,0,D800,D1017@0x60
//PV102 Life  ,D1642,[Count],0,9999999,0,9999999,DWord,0,D802,D1017@0x61
//PV103 Life  ,D1644,[Count],0,9999999,0,9999999,DWord,0,D804,D1017@0x62
//PV104 Life  ,D1646,[Count],0,9999999,0,9999999,DWord,0,D806,D1017@0x63
//PV105 Life  ,D1648,[Count],0,9999999,0,9999999,DWord,0,D808,D1017@0x64
//PV106 Life  ,D1650,[Count],0,9999999,0,9999999,DWord,0,D810,D1017@0x65
//PV107 Life  ,D1652,[Count],0,9999999,0,9999999,DWord,0,D812,D1017@0x66
//PV108 Life  ,D1654,[Count],0,9999999,0,9999999,DWord,0,D814,D1017@0x67
PV110 Life  ,D1658,[Count],0,9999999,0,9999999,DWord,0,D818,D1017@0x69
PV111 Life  ,D1660,[Count],0,9999999,0,9999999,DWord,0,D820,D1017@0x6A
PV112 Life  ,D1662,[Count],0,9999999,0,9999999,DWord,0,D822,D1017@0x6B
PV113 Life  ,D1664,[Count],0,9999999,0,9999999,DWord,0,D824,D1017@0x6C
PV114 Life  ,D1666,[Count],0,9999999,0,9999999,DWord,0,D826,D1017@0x6D
PV115 Life  ,D1668,[Count],0,9999999,0,9999999,DWord,0,D828,D1017@0x6E
PV116 Life  ,D1670,[Count],0,9999999,0,9999999,DWord,0,D830,D1017@0x6F
PV117 Life  ,D1672,[Count],0,9999999,0,9999999,DWord,0,D832,D1017@0x70
PV118 Life  ,D1674,[Count],0,9999999,0,9999999,DWord,0,D834,D1017@0x71
PV119 Life  ,D1676,[Count],0,9999999,0,9999999,DWord,0,D836,D1017@0x72
PV120 Life  ,D1678,[Count],0,9999999,0,9999999,DWord,0,D838,D1017@0x73
