//シスチE��パラメータ―　LIFE TR,,,,,,,,,,
//ItemName, Device Address, Unit, RangeMin, RangeMax,ScaleMin,ScaleMax,DataType,Format,Act Device Address,
TMP21 Life,D1574,[Day],0,9999,0,9999,Word,0,D724,D1017@0x24
PEG21 Life,D1575,[Day],0,9999,0,9999,Word,0,D725,D1017@0x25
GV12 Life  ,D1616,[Count],0,9999999,0,9999999,DWord,0,D766,D1017@0x50
RV21 Life  ,D1620,[Count],0,9999999,0,9999999,DWord,0,D770,D1017@0x51
LV21 Life  ,D1622,[Count],0,9999999,0,9999999,DWord,0,D772,D1017@0x52
FV21 Life  ,D1624,[Count],0,9999999,0,9999999,DWord,0,D774,D1017@0x53
MV21 Life  ,D1626,[Count],0,9999999,0,9999999,DWord,0,D776,D1017@0x54
//PV21 Life  ,D1628,[Count],0,9999999,0,9999999,DWord,0,D778,D1017@0x55
