2024/12/24 13:21:57,Send: TFMS1000579BMSTS
2024/12/24 13:21:57,Receive: TFMS1000579AMSTS,5
2024/12/24 13:23:47,Send: TFMS1000580BMFST,
2024/12/24 13:23:47,Receive: TFMS1000580AMFST
2024/12/24 13:23:48,Send: TFMS1000581BMSTS
2024/12/24 13:23:48,Receive: TFMS1000581AMSTS,2
2024/12/24 13:23:49,Send: TFMS1000582BMSTS
2024/12/24 13:23:49,Receive: TFMS1000582AMSTS,2
2024/12/24 13:23:50,Send: TFMS1000583BMSTS
2024/12/24 13:23:50,Receive: TFMS1000583AMSTS,2
2024/12/24 13:23:51,Send: TFMS1000584BMSTS
2024/12/24 13:23:51,Receive: TFMS1000584AMSTS,2
2024/12/24 13:23:52,Send: TFMS1000585BMSTS
2024/12/24 13:23:52,Receive: TFMS1000585AMSTS,1
2024/12/24 13:34:55,Send: TFMS1000586BMSTS
2024/12/24 13:34:55,Receive: TFMS1000586AMSTS,0
2024/12/24 13:34:57,Send: TFMS1000587BMFST,
2024/12/24 13:34:57,Receive: TFMS1000587AMFST
2024/12/24 13:34:58,Send: TFMS1000588BMSTS
2024/12/24 13:34:58,Receive: TFMS1000588AMSTS,2
2024/12/24 13:34:59,Send: TFMS1000589BMSTS
2024/12/24 13:34:59,Receive: TFMS1000589AMSTS,2
2024/12/24 13:35:00,Send: TFMS1000590BMSTS
2024/12/24 13:35:00,Receive: TFMS1000590AMSTS,2
2024/12/24 13:35:01,Send: TFMS1000591BMSTS
2024/12/24 13:35:01,Receive: TFMS1000591AMSTS,2
2024/12/24 13:35:02,Send: TFMS1000592BMSTS
2024/12/24 13:35:02,Receive: TFMS1000592AMSTS,1
2024/12/24 13:36:37,Send: TFMS1000593BMSTS
2024/12/24 13:36:37,Receive: TFMS1000593AMSTS,1
2024/12/24 13:39:41,Send: TFMS1000594BMMST,TempLot1_202412241339,1725,SiO2 on Si,MAP0
2024/12/24 13:39:41,Receive: TFMS1000594AMMST,1725
2024/12/24 13:40:42,Send: TFMS1000595BMSTS
2024/12/24 13:40:42,Receive: TFMS1000595AMSTS,3
2024/12/24 13:41:48,Send: TFMS1000596BMSTS
2024/12/24 13:41:48,Receive: TFMS1000596AMSTS,3
2024/12/24 13:42:54,Send: TFMS1000597BMSTS
2024/12/24 13:42:54,Receive: TFMS1000597AMSTS,3
2024/12/24 13:44:00,Send: TFMS1000598BMSTS
2024/12/24 13:44:00,Receive: TFMS1000598AMSTS,3
2024/12/24 13:45:06,Send: TFMS1000599BMSTS
2024/12/24 13:45:06,Receive: TFMS1000599AMSTS,3
2024/12/24 13:46:12,Send: TFMS1000600BMSTS
2024/12/24 13:46:12,Receive: TFMS1000600AMSTS,3
2024/12/24 13:46:21,Send: TFMS1000601BMSTS
2024/12/24 13:46:21,Receive: TFMS1000601AMSTS,2
2024/12/24 13:46:33,Send: TFMS1000602BMSTS
2024/12/24 13:46:33,Receive: TFMS1000602AMSTS,5
2024/12/24 13:46:39,Send: TFMS1000603BMFED,
2024/12/24 13:46:40,Receive: TFMS1000603AMFED,
2024/12/24 13:46:49,Send: TFMS1000604BMSTS
2024/12/24 13:46:50,Receive: TFMS1000604AMSTS,5
