2025/03/01 09:39:48,Send: TFMS1000191BMSTS
2025/03/01 09:39:48,Receive: TFMS1000191AMSTS,5
2025/03/01 09:41:29,Send: TFMS1000192BMFST,
2025/03/01 09:41:29,Receive: TFMS1000192AMFST
2025/03/01 09:41:30,Send: TFMS1000193BMSTS
2025/03/01 09:41:30,Receive: TFMS1000193AMSTS,2
2025/03/01 09:41:31,Send: TFMS1000194BMSTS
2025/03/01 09:41:31,Receive: TFMS1000194AMSTS,2
2025/03/01 09:41:32,Send: TFMS1000195BMSTS
2025/03/01 09:41:32,Receive: TFMS1000195AMSTS,2
2025/03/01 09:41:33,Send: TFMS1000196BMSTS
2025/03/01 09:41:33,Receive: TFMS1000196AMSTS,2
2025/03/01 09:41:34,Send: TFMS1000197BMSTS
2025/03/01 09:41:34,Receive: TFMS1000197AMSTS,1
2025/03/01 09:41:44,Send: TFMS1000198BMMST,LotID_154115,2505,SiO2(PtoP Ref:LN Device),MAP18
2025/03/01 09:41:44,Receive: TFMS1000198AMMST,2505
2025/03/01 09:42:45,Send: TFMS1000199BMSTS
2025/03/01 09:42:45,Receive: TFMS1000199AMSTS,3
2025/03/01 09:43:51,Send: TFMS1000200BMSTS
2025/03/01 09:43:51,Receive: TFMS1000200AMSTS,3
2025/03/01 09:44:57,Send: TFMS1000201BMSTS
2025/03/01 09:44:57,Receive: TFMS1000201AMSTS,3
2025/03/01 09:45:20,Send: TFMS1000202BMSTS
2025/03/01 09:45:20,Receive: TFMS1000202AMSTS,2
2025/03/01 09:45:32,Send: TFMS1000203BMSTS
2025/03/01 09:45:32,Receive: TFMS1000203AMSTS,5
2025/03/01 09:45:38,Send: TFMS1000204BMFED,
2025/03/01 09:45:39,Receive: TFMS1000204AMFED,
2025/03/01 10:00:18,Send: TFMS1000205BMSTS
2025/03/01 10:00:19,Receive: TFMS1000205AMSTS,5
2025/03/01 10:23:24,Send: TFMS1000001BMSTS
2025/03/01 10:23:24,Receive: TFMS1000001AMSTS,5
2025/03/01 10:23:45,Send: TFMS1000002BMFST,
2025/03/01 10:23:45,Receive: TFMS1000002AMFST
2025/03/01 10:23:46,Send: TFMS1000003BMSTS
2025/03/01 10:23:46,Receive: TFMS1000003AMSTS,1
2025/03/01 10:24:27,Send: TFMS1000004BMMST,TempLot1_202503011024,1825,SiO2 on Si,MAP0
2025/03/01 10:24:27,Receive: TFMS1000004AMMST,1825
2025/03/01 10:25:28,Send: TFMS1000005BMSTS
2025/03/01 10:25:28,Receive: TFMS1000005AMSTS,3
2025/03/01 10:26:34,Send: TFMS1000006BMSTS
2025/03/01 10:26:34,Receive: TFMS1000006AMSTS,3
2025/03/01 10:27:40,Send: TFMS1000007BMSTS
2025/03/01 10:27:40,Receive: TFMS1000007AMSTS,3
2025/03/01 10:28:46,Send: TFMS1000008BMSTS
2025/03/01 10:28:46,Receive: TFMS1000008AMSTS,3
2025/03/01 10:29:52,Send: TFMS1000009BMSTS
2025/03/01 10:29:52,Receive: TFMS1000009AMSTS,3
2025/03/01 10:30:58,Send: TFMS1000010BMSTS
2025/03/01 10:30:58,Receive: TFMS1000010AMSTS,3
2025/03/01 10:31:07,Send: TFMS1000011BMSTS
2025/03/01 10:31:07,Receive: TFMS1000011AMSTS,2
2025/03/01 10:31:19,Send: TFMS1000012BMSTS
2025/03/01 10:31:19,Receive: TFMS1000012AMSTS,5
2025/03/01 10:31:25,Send: TFMS1000013BMFED,
2025/03/01 10:31:25,Receive: TFMS1000013AMFED,
2025/03/01 10:34:30,Send: TFMS1000014BMSTS
2025/03/01 10:34:30,Receive: TFMS1000014AMSTS,5
2025/03/01 13:32:38,Send: TFMS1000001BMSTS
2025/03/01 13:32:38,Receive: TFMS1000001AMSTS,5
2025/03/01 13:33:05,Send: TFMS1000002BMFST,
2025/03/01 13:33:06,Receive: TFMS1000002AMFST
2025/03/01 13:33:06,Send: TFMS1000003BMSTS
2025/03/01 13:33:07,Receive: TFMS1000003AMSTS,1
2025/03/01 13:33:16,Send: TFMS1000004BMMST,TempLot1_202503011333,1925,SiO2 on Si,MAP0
2025/03/01 13:33:17,Receive: TFMS1000004AMMST,1925
2025/03/01 13:34:18,Send: TFMS1000005BMSTS
2025/03/01 13:34:18,Receive: TFMS1000005AMSTS,3
2025/03/01 13:35:24,Send: TFMS1000006BMSTS
2025/03/01 13:35:24,Receive: TFMS1000006AMSTS,3
2025/03/01 13:36:30,Send: TFMS1000007BMSTS
2025/03/01 13:36:30,Receive: TFMS1000007AMSTS,3
2025/03/01 13:37:36,Send: TFMS1000008BMSTS
2025/03/01 13:37:36,Receive: TFMS1000008AMSTS,3
2025/03/01 13:38:42,Send: TFMS1000009BMSTS
2025/03/01 13:38:42,Receive: TFMS1000009AMSTS,3
2025/03/01 13:39:48,Send: TFMS1000010BMSTS
2025/03/01 13:39:48,Receive: TFMS1000010AMSTS,3
2025/03/01 13:40:03,Send: TFMS1000011BMSTS
2025/03/01 13:40:03,Receive: TFMS1000011AMSTS,2
2025/03/01 13:40:15,Send: TFMS1000012BMSTS
2025/03/01 13:40:15,Receive: TFMS1000012AMSTS,5
2025/03/01 13:40:21,Send: TFMS1000013BMFED,
2025/03/01 13:40:21,Receive: TFMS1000013AMFED,
2025/03/01 13:42:14,Send: TFMS1000014BMSTS
2025/03/01 13:42:14,Receive: TFMS1000014AMSTS,5
2025/03/01 16:06:04,Send: TFMS1000015BMSTS
2025/03/01 16:06:04,Receive: TFMS1000015AMSTS,5
2025/03/01 16:08:53,Send: TFMS1000016BMMST,LotID_140241,2517,SiO2(PtoP Ref:LN Device),MAP18
2025/03/01 16:08:53,Receive: TFMS1000016AMMST,2517
2025/03/01 16:09:54,Send: TFMS1000017BMSTS
2025/03/01 16:09:54,Receive: TFMS1000017AMSTS,3
2025/03/01 16:11:00,Send: TFMS1000018BMSTS
2025/03/01 16:11:00,Receive: TFMS1000018AMSTS,3
2025/03/01 16:12:06,Send: TFMS1000019BMSTS
2025/03/01 16:12:06,Receive: TFMS1000019AMSTS,3
2025/03/01 16:12:28,Send: TFMS1000020BMSTS
2025/03/01 16:12:29,Receive: TFMS1000020AMSTS,2
2025/03/01 16:12:40,Send: TFMS1000021BMSTS
2025/03/01 16:12:41,Receive: TFMS1000021AMSTS,5
2025/03/01 16:12:47,Send: TFMS1000022BMFED,
2025/03/01 16:12:47,Receive: TFMS1000022AMFED,
2025/03/01 16:17:20,Send: TFMS1000023BMSTS
2025/03/01 16:17:20,Receive: TFMS1000023AMSTS,5
2025/03/01 17:03:24,Send: TFMS1000024BMSTS
2025/03/01 17:03:24,Receive: TFMS1000024AMSTS,5
2025/03/01 17:03:59,Send: TFMS1000025BMMST,LotID_140241,2520,SiO2(PtoP Ref:LN Device),MAP18
2025/03/01 17:03:59,Receive: TFMS1000025AMMST,2520
2025/03/01 17:04:46,Send: TFMS1000026BMFST,
2025/03/01 17:04:46,Receive: TFMS1000026AMFST
2025/03/01 17:04:47,Send: TFMS1000027BMSTS
2025/03/01 17:04:47,Receive: TFMS1000027AMSTS,1
2025/03/01 17:07:22,Send: TFMS1000028BMSTS
2025/03/01 17:07:22,Receive: TFMS1000028AMSTS,0
2025/03/01 17:07:24,Send: TFMS1000029BMFST,
2025/03/01 17:07:25,Receive: TFMS1000029AMFST
2025/03/01 17:07:25,Send: TFMS1000030BMSTS
2025/03/01 17:07:25,Receive: TFMS1000030AMSTS,2
2025/03/01 17:07:26,Send: TFMS1000031BMSTS
2025/03/01 17:07:26,Receive: TFMS1000031AMSTS,2
2025/03/01 17:07:27,Send: TFMS1000032BMSTS
2025/03/01 17:07:27,Receive: TFMS1000032AMSTS,2
2025/03/01 17:07:28,Send: TFMS1000033BMSTS
2025/03/01 17:07:28,Receive: TFMS1000033AMSTS,2
2025/03/01 17:07:29,Send: TFMS1000034BMSTS
2025/03/01 17:07:29,Receive: TFMS1000034AMSTS,1
2025/03/01 17:08:08,Send: TFMS1000035BMSTS
2025/03/01 17:08:08,Receive: TFMS1000035AMSTS,1
2025/03/01 17:11:03,Send: TFMS1000036BMSTS
2025/03/01 17:11:03,Receive: TFMS1000036AMSTS,0
2025/03/01 17:11:06,Send: TFMS1000037BMFST,
2025/03/01 17:11:06,Receive: TFMS1000037AMFST
2025/03/01 17:11:07,Send: TFMS1000038BMSTS
2025/03/01 17:11:07,Receive: TFMS1000038AMSTS,2
2025/03/01 17:11:08,Send: TFMS1000039BMSTS
2025/03/01 17:11:08,Receive: TFMS1000039AMSTS,2
2025/03/01 17:11:09,Send: TFMS1000040BMSTS
2025/03/01 17:11:09,Receive: TFMS1000040AMSTS,2
2025/03/01 17:11:10,Send: TFMS1000041BMSTS
2025/03/01 17:11:10,Receive: TFMS1000041AMSTS,2
2025/03/01 17:11:11,Send: TFMS1000042BMSTS
2025/03/01 17:11:11,Receive: TFMS1000042AMSTS,1
2025/03/01 17:13:12,Send: TFMS1000001BMFST,
2025/03/01 17:13:13,Receive: TFMS1000001AMFST
2025/03/01 17:13:13,Send: TFMS1000002BMSTS
2025/03/01 17:13:14,Receive: TFMS1000002AMSTS,1
2025/03/01 17:13:26,Send: TFMS1000003BMSTS
2025/03/01 17:13:26,Receive: TFMS1000003AMSTS,1
2025/03/01 17:14:28,Send: TFMS1000004BMFST,
2025/03/01 17:14:28,Receive: TFMS1000004AMFST
2025/03/01 17:14:29,Send: TFMS1000005BMSTS
2025/03/01 17:14:29,Receive: TFMS1000005AMSTS,2
2025/03/01 17:14:30,Send: TFMS1000006BMSTS
2025/03/01 17:14:30,Receive: TFMS1000006AMSTS,2
2025/03/01 17:14:31,Send: TFMS1000007BMSTS
2025/03/01 17:14:31,Receive: TFMS1000007AMSTS,2
2025/03/01 17:14:32,Send: TFMS1000008BMSTS
2025/03/01 17:14:32,Receive: TFMS1000008AMSTS,2
2025/03/01 17:14:33,Send: TFMS1000009BMSTS
2025/03/01 17:14:33,Receive: TFMS1000009AMSTS,1
2025/03/01 17:14:40,Send: TFMS1000010BMMST,TempLot2_202503011714,2519,SiO2(PtoP Ref:LN Device),MAP18
2025/03/01 17:14:40,Receive: TFMS1000010AMMST,2519
2025/03/01 17:15:41,Send: TFMS1000011BMSTS
2025/03/01 17:15:41,Receive: TFMS1000011AMSTS,3
2025/03/01 17:16:47,Send: TFMS1000012BMSTS
2025/03/01 17:16:47,Receive: TFMS1000012AMSTS,3
2025/03/01 17:17:53,Send: TFMS1000013BMSTS
2025/03/01 17:17:53,Receive: TFMS1000013AMSTS,3
2025/03/01 17:18:18,Send: TFMS1000014BMSTS
2025/03/01 17:18:18,Receive: TFMS1000014AMSTS,2
2025/03/01 17:18:30,Send: TFMS1000015BMSTS
2025/03/01 17:18:30,Receive: TFMS1000015AMSTS,5
2025/03/01 17:18:36,Send: TFMS1000016BMFED,
2025/03/01 17:18:36,Receive: TFMS1000016AMFED,
2025/03/01 17:19:54,Send: TFMS1000017BMSTS
2025/03/01 17:19:55,Receive: TFMS1000017AMSTS,5
2025/03/01 17:20:51,Send: TFMS1000018BMSTS
2025/03/01 17:20:51,Receive: TFMS1000018AMSTS,5
2025/03/01 17:21:29,Send: TFMS1000019BMMST,TempLot2_202503011721,2520,SiO2(PtoP Ref:LN Device),MAP18
2025/03/01 17:21:29,Receive: TFMS1000019AMMST,2520
2025/03/01 17:22:30,Send: TFMS1000020BMSTS
2025/03/01 17:22:30,Receive: TFMS1000020AMSTS,3
2025/03/01 17:23:36,Send: TFMS1000021BMSTS
2025/03/01 17:23:36,Receive: TFMS1000021AMSTS,3
2025/03/01 17:24:42,Send: TFMS1000022BMSTS
2025/03/01 17:24:42,Receive: TFMS1000022AMSTS,3
2025/03/01 17:25:08,Send: TFMS1000023BMSTS
2025/03/01 17:25:08,Receive: TFMS1000023AMSTS,2
2025/03/01 17:25:20,Send: TFMS1000024BMSTS
2025/03/01 17:25:20,Receive: TFMS1000024AMSTS,5
2025/03/01 17:25:26,Send: TFMS1000025BMFED,
2025/03/01 17:25:27,Receive: TFMS1000025AMFED,
2025/03/01 17:25:48,Send: TFMS1000026BMSTS
2025/03/01 17:25:48,Receive: TFMS1000026AMSTS,5
2025/03/01 17:26:50,Send: TFMS1000027BMSTS
2025/03/01 17:26:50,Receive: TFMS1000027AMSTS,5
2025/03/01 17:27:26,Send: TFMS1000028BMMST,TempLot2_202503011727,2521,SiO2(PtoP Ref:LN Device),MAP18
2025/03/01 17:27:26,Receive: TFMS1000028AMMST,2521
2025/03/01 17:28:27,Send: TFMS1000029BMSTS
2025/03/01 17:28:27,Receive: TFMS1000029AMSTS,3
2025/03/01 17:29:33,Send: TFMS1000030BMSTS
2025/03/01 17:29:33,Receive: TFMS1000030AMSTS,3
2025/03/01 17:30:39,Send: TFMS1000031BMSTS
2025/03/01 17:30:39,Receive: TFMS1000031AMSTS,3
2025/03/01 17:31:04,Send: TFMS1000032BMSTS
2025/03/01 17:31:04,Receive: TFMS1000032AMSTS,2
2025/03/01 17:31:16,Send: TFMS1000033BMSTS
2025/03/01 17:31:16,Receive: TFMS1000033AMSTS,5
2025/03/01 17:31:22,Send: TFMS1000034BMFED,
2025/03/01 17:31:22,Receive: TFMS1000034AMFED,
2025/03/01 19:42:28,Send: TFMS1000035BMSTS
2025/03/01 19:42:28,Receive: TFMS1000035AMSTS,5
2025/03/01 19:43:32,Send: TFMS1000036BMSTS
2025/03/01 19:43:32,Receive: TFMS1000036AMSTS,5
2025/03/01 19:43:57,Send: TFMS1000037BMFST,
2025/03/01 19:43:57,Receive: TFMS1000037AMFST
2025/03/01 19:43:58,Send: TFMS1000038BMSTS
2025/03/01 19:43:58,Receive: TFMS1000038AMSTS,1
2025/03/01 19:44:10,Send: TFMS1000039BMMST,TempLot2_202503011944,2522,SiO2(PtoP Ref:LN Device),MAP18
2025/03/01 19:44:10,Receive: TFMS1000039AMMST,2522
2025/03/01 19:45:11,Send: TFMS1000040BMSTS
2025/03/01 19:45:11,Receive: TFMS1000040AMSTS,3
2025/03/01 19:46:17,Send: TFMS1000041BMSTS
2025/03/01 19:46:17,Receive: TFMS1000041AMSTS,3
2025/03/01 19:47:23,Send: TFMS1000042BMSTS
2025/03/01 19:47:23,Receive: TFMS1000042AMSTS,3
2025/03/01 19:47:49,Send: TFMS1000043BMSTS
2025/03/01 19:47:49,Receive: TFMS1000043AMSTS,2
2025/03/01 19:48:01,Send: TFMS1000044BMSTS
2025/03/01 19:48:01,Receive: TFMS1000044AMSTS,5
2025/03/01 19:48:07,Send: TFMS1000045BMFED,
2025/03/01 19:48:07,Receive: TFMS1000045AMFED,
2025/03/01 19:52:45,Send: TFMS1000046BMSTS
2025/03/01 19:52:45,Receive: TFMS1000046AMSTS,5
