﻿//基本：先頭列に//を入れるとコメント扱いになりデータしては扱わない
//ロボットやバルブなどのコントロール名と画像ファイルを紐づける,,,,,,,
//コントロール名をKeyとして画像Noを指定して描画するなど,,,,,,,
//画像数はMax=16,,,,,,
//-- ３点までを想定 --
//!! Tagの所には何かしら文字列を入れる 何も入れないと登録されないので注意
//コントロール名,Command Adrress,Command Value,DlgMessage,Button Name,Monitor Address,Type,Monitor Type,画像1 (0),画像2 (1),画像3 (2),画像4 (3),画像5 (4),画像5 (5)
DrpBtn_DRP0,D1016,0x30@0x1030,DRP(GCIB) Start or Stop,START@STOP,D41,Bit,0@1,DRP_Unknown.png,DRP_Run.png,DRP_Alarm.png,,,
ValveBtn_FV_G,D1016,0x62@0x1062,FV(GCIB) Open or Close,Open@Close,D41,Bit,4,Valve_H_OFF.png,Valve_H_ON.png,,,,
ValveBtn_SRV_G,D1016,0x60@0x1060,SRV(GCIB) Open or Close,Open@Close,D41,Bit,2,Valve_H_OFF.png,Valve_H_ON.png,,,,
ValveBtn_RV_G,D1016,0x61@0x1061,RV(GCIB) Open or Close,Open@Close,D41,Bit,3,Valve_H_OFF.png,Valve_H_ON.png,,,,

DrpBtn_DRP1,D1016,0x36@0x1036,DRP1 Start or Stop,START@STOP,D50,Bit,0@1,DRP_Unknown.png,DRP_Run.png,DRP_Alarm.png,,,,
ValveBtn_FV1,D1016,0x72@0x1072,FV1 Open or Close,Open@Close,D50,Bit,6,Valve_W_OFF.png,Valve_W_ON.png,Valve_W_ON.png
DrpBtn_DRP2,D1016,0x3B@0x103B,DRP2 Start or Stop,START@STOP,D52,Bit,0@1,DRP_Unknown.png,DRP_Run.png,DRP_Alarm.png,,,
ValveBtn_FV2,D1016,0x82@0x1082,FV2 Open or Close,Open@Close,D52,Bit,6,Valve_W_OFF.png,Valve_W_ON.png,,,,

TmpBtn_TMP1,D1016,0x37@0x1037,TMP1 Start or Stop,START@STOP,D51,TMP,0@1@2@3@4,TMP_Stop.png,TMP_Acc.png,TMP_Dec.png,TMP_Normal.png,TMP_Alarm.png,TMP_Warning.png,TMP_Unknown.png
ValveBtn_MV1,D1016,0x71@0x1071,MV1 Open or Close,Open@Close,D50,Bit,C,Valve_H_OFF.png,Valve_H_ON.png,Valve_H_ON.png,Valve_H_Unknown.png,,
ValveBtn_SRV1,D1016,0x73@0x1073,SRV1 Open or Close,Open@Close,D50,Bit,2,Valve_H_OFF.png,Valve_H_ON.png,Valve_H_ON.png,Valve_H_Unknown.png,,
ValveBtn_RV1,D1016,0x74@0x1074,RV1 Open or Close,Open@Close,D50,Bit,4,Valve_H_OFF.png,Valve_H_ON.png,Valve_H_ON.png,Valve_H_Unknown.png

TmpBtn_TMP2,D1016,0x3C@0x103C,TMP2 Start or Stop,START@STOP,D53,TMP,0@1@2@3@4,TMP_Stop.png,TMP_Acc.png,TMP_Dec.png,TMP_Normal.png,TMP_Alarm.png,TMP_Warning.png,TMP_Unknown.png
ValveBtn_MV2,D1016,0x81@0x1081,MV2 Open or Close,Open@Close,D52,Bit,C,Valve_H_OFF.png,Valve_H_ON.png,Valve_H_ON.png,Valve_H_Unknown.png,,
//
TmpBtn_TMP_G1,D1016,0x32@0x1032,TMP G1 Start or Stop,START@STOP,D42,TMP,2@3@4@5@6,TMP_Stop.png,TMP_Acc.png,TMP_Dec.png,TMP_Normal.png,TMP_Alarm.png,TMP_Warning.png,TMP_Unknown.png
ValveBtn_TGV1,D1016,0x68@0x1068,TGV1 Open or Close,Open@Close,D41,Bit,B,Valve_H_OFF.png,Valve_H_ON.png,Valve_H_ON.png
TmpBtn_TMP_G2,D1016,0x33@0x1033,TMP G2 Start or Stop,START@STOP,D42,TMP,8@9@A@B@C,TMP_Stop.png,TMP_Acc.png,TMP_Dec.png,TMP_Normal.png,TMP_Alarm.png,TMP_Warning.png,TMP_Unknown.png
ValveBtn_TGV2,D1016,0x69@0x1069,TGV2 Open or Close,Open@Close,D41,Bit,D,Valve_H_OFF.png,Valve_H_ON.png,Valve_H_ON.png
TmpBtn_TMP_G3,D1016,0x34@0x1034,TMP G3 Start or Stop,START@STOP,D43,TMP,0@1@2@3@4,TMP_Stop.png,TMP_Acc.png,TMP_Dec.png,TMP_Normal.png,TMP_Alarm.png,TMP_Warning.png,TMP_Unknown.png
ValveBtn_TGV3,D1016,0x6A@0x106A,TGV3 Open or Close,Open@Close,D42,Bit,0,Valve_H_OFF.png,Valve_H_ON.png,Valve_H_ON.png

ValveBtn_Water,D1011,8@8,Water Valve Open or Close,Open@Close,D246,Bit,7,Valve_W_OFF.png,Valve_W_ON.png, ,,,

//ValveBtn_SLV,D1016,0x67@0x1067,SLV2 Open or Close,Open@Close,D41,Bit,8,Valve_H_OFF.png,Valve_H_ON.png, Valve_H_Unknown.png,Valve_H_Unknown.png,Valve_H_Unknown.png
ValveBtn_LV,D1016,0x65@0x1065,LV2 Open or Close,Open@Close,D41,Bit,7,Valve_H_OFF.png,Valve_H_ON.png, Valve_H_Unknown.png,Valve_H_Unknown.png,Valve_H_Unknown.png

ValveBtn_SLV1,D1016,0x75@0x1075,SLV1 Open or Close,Open@Close,D50,Bit,8,Valve_H_OFF.png,Valve_H_ON.png, Valve_H_Unknown.png,Valve_H_Unknown.png,Valve_H_Unknown.png
ValveBtn_LV1,D1016,0x76@0x1076,LV1 Open or Close,Open@Close,D50,Bit,A,Valve_H_OFF.png,Valve_H_ON.png, Valve_H_Unknown.png,Valve_H_Unknown.png,Valve_H_Unknown.png

ValveBtn_SLV2,D1016,0x85@0x1085,SLV2 Open or Close,Open@Close,D52,Bit,8,Valve_H_OFF.png,Valve_H_ON.png, Valve_H_Unknown.png,Valve_H_Unknown.png,Valve_H_Unknown.png
ValveBtn_LV2,D1016,0x86@0x1086,LV2 Open or Close,Open@Close,D52,Bit,A,Valve_H_OFF.png,Valve_H_ON.png, Valve_H_Unknown.png,Valve_H_Unknown.png,Valve_H_Unknown.png

ValveBtn_SLV3,D1016,0x8D@0x108D,SLV3 Open or Close,Open@Close,D54,Bit,4,Valve_H_OFF.png,Valve_H_ON.png, Valve_H_Unknown.png,Valve_H_Unknown.png,Valve_H_Unknown.png
ValveBtn_LV3,D1016,0x8E@0x108E,LV3 Open or Close,Open@Close,D54,Bit,6,Valve_H_OFF.png,Valve_H_ON.png, Valve_H_Unknown.png,Valve_H_Unknown.png,Valve_H_Unknown.png

//ValveBtn_SRV1,D1016,0x73@0x1073,SRV1 Open or Close,Open@Close,D50,Bit,2,Valve_H_OFF.png,Valve_H_ON.png,Valve_H_ON.png,Valve_H_Unknown.png,,
ValveBtn_SRV2,D1016,0x83@0x1083,SRV2 Open or Close,Open@Close,D52,Bit,2,Valve_H_OFF.png,Valve_H_ON.png,Valve_H_ON.png,Valve_H_Unknown.png,,Valve_H_Unknown.png
ValveBtn_RV2,D1016,0x84@0x1084,RV2 Open or Close,Open@Close,D52,Bit,4,Valve_H_OFF.png,Valve_H_ON.png,Valve_H_ON.png,Valve_H_Unknown.png,,Valve_H_Unknown.png
ValveBtn_MV2,D1016,0x81@0x1081,MV2 Open or Close,Open@Close,D52,Bit,C,Valve_H_OFF.png,Valve_H_ON.png,Valve_H_ON.png,Valve_H_Unknown.png,,Valve_H_Unknown.png

ValveBtn_SRV3,D1016,0x8B@0x108B,SRV3 Open or Close,Open@Close,D54,Bit,0,Valve_H_OFF.png,Valve_H_ON.png,Valve_H_ON.png,Valve_H_Unknown.png,,Valve_H_Unknown.png
ValveBtn_RV3,D1016,0x8C@0x108C,RV3 Open or Close,Open@Close,D54,Bit,2,Valve_H_OFF.png,Valve_H_ON.png,Valve_H_ON.png,Valve_H_Unknown.png,,Valve_H_Unknown.png

//
ValveBtn_GV1,D1016,0x63@0x1063,GV1 Open or Close,Open@Close,D41,Bit,5,Valve_W_OFF.png,Valve_W_ON.png,,,,
ValveBtn_GV2,D1016,0x64@0x1064,GV2 Open or Close,Open@Close,D41,Bit,6,Valve_W_OFF.png,Valve_W_ON.png,,,,
ValveBtn_PV110,D1016,0x99@0x1099,PV110 Open or Close,Open@Close,D45,Bit,2,Valve_W_OFF.png,Valve_W_ON.png,Valve_W_OFF.png,Valve_W_ON.png,,
//
//MFC111-MFC118
ValveBtn_PV111,D1016,0x9A@0x109A,PV111 Open or Close,Open@Close,D45,Bit,4,Valve_W_OFF.png,Valve_W_ON.png,
ValveBtn_PV112,D1016,0x9B@0x109B,PV112 Open or Close,Open@Close,D45,Bit,6,Valve_W_OFF.png,Valve_W_ON.png,
ValveBtn_PV113,D1016,0x9C@0x109C,PV113 Open or Close,Open@Close,D45,Bit,8,Valve_W_OFF.png,Valve_W_ON.png,
ValveBtn_PV114,D1016,0x9D@0x109D,PV114 Open or Close,Open@Close,D45,Bit,A,Valve_W_OFF.png,Valve_W_ON.png,
//
ValveBtn_PV115,D1016,0x9E@0x109E,PV115 Open or Close,Open@Close,D45,Bit,C,Valve_W_OFF.png,Valve_W_ON.png,
ValveBtn_PV116,D1016,0x9F@0x109F,PV116 Open or Close,Open@Close,D45,Bit,E,Valve_W_OFF.png,Valve_W_ON.png,
ValveBtn_PV117,D1016,0xA0@0x10A0,PV117 Open or Close,Open@Close,D46,Bit,0,Valve_W_OFF.png,Valve_W_ON.png,
ValveBtn_PV118,D1016,0xA1@0x10A1,PV118 Open or Close,Open@Close,D46,Bit,2,Valve_W_OFF.png,Valve_W_ON.png,
//
//
ValveBtn_PV101,D1016,0x90@0x1090,PV101 Open or Close,Open@Close,D44,Bit,0,Valve_W_OFF.png,Valve_W_ON.png, Valve_W_Unknown.png,Valve_W_Unknown.png,Valve_W_Unknown.png
ValveBtn_PV102,D1016,0x91@0x1091,PV102 Open or Close,Open@Close,D44,Bit,2,Valve_W_OFF.png,Valve_W_ON.png, Valve_W_Unknown.png,Valve_W_Unknown.png,Valve_W_Unknown.png
ValveBtn_PV103,D1016,0x92@0x1092,PV103 Open or Close,Open@Close,D44,Bit,4,Valve_W_OFF.png,Valve_W_ON.png, Valve_W_Unknown.png,Valve_W_Unknown.png,Valve_W_Unknown.png
ValveBtn_PV104,D1016,0x93@0x1093,PV104 Open or Close,Open@Close,D44,Bit,6,Valve_W_OFF.png,Valve_W_ON.png, Valve_W_Unknown.png,Valve_W_Unknown.png,Valve_W_Unknown.png

ValveBtn_PV105,D1016,0x94@0x1094,PV105 Open or Close,Open@Close,D44,Bit,8,Valve_W_OFF.png,Valve_W_ON.png, Valve_W_Unknown.png,Valve_W_Unknown.png,Valve_W_Unknown.png
ValveBtn_PV106,D1016,0x95@0x1095,PV106 Open or Close,Open@Close,D44,Bit,A,Valve_W_OFF.png,Valve_W_ON.png, Valve_W_Unknown.png,Valve_W_Unknown.png,Valve_W_Unknown.png
ValveBtn_PV107,D1016,0x96@0x1096,PV107 Open or Close,Open@Close,D44,Bit,C,Valve_W_OFF.png,Valve_W_ON.png, Valve_W_Unknown.png,Valve_W_Unknown.png,Valve_W_Unknown.png
ValveBtn_PV108,D1016,0x97@0x1097,PV108 Open or Close,Open@Close,D44,Bit,E,Valve_W_OFF.png,Valve_W_ON.png, Valve_W_Unknown.png,Valve_W_Unknown.png,Valve_W_Unknown.png

//Vacuum Sw [未確定]
VacuumSW_PS1,,,,,D51,Bit,8@9,maru_Silver.gif,maru_blue.gif, maru_Red.png,maru_Silver.gif,,
VacuumSW_PS2,,,,,D53,Bit,8@9,maru_Silver.gif,maru_blue.gif, maru_Red.png,maru_Silver.gif,,
VacuumSW_PS3,,,,,D54,Bit,8@9,maru_Silver.gif,maru_blue.gif, maru_Red.png,maru_Silver.gif,,
VacuumSW_VS,,,,,D43,Bit,D,maru_Silver.gif,maru_blue.gif, maru_Red.png,maru_Silver.gif,,

//Mecha画面
VacuumSW_MPS1,,,,,D51,Bit,8@9,maru_Silver.gif,maru_blue.gif, maru_Red.png,maru_Silver.gif,,
VacuumSW_MPS2,,,,,D53,Bit,8@9,maru_Silver.gif,maru_blue.gif, maru_Red.png,maru_Silver.gif,,
VacuumSW_MPS3,,,,,D54,Bit,8@9,maru_Silver.gif,maru_blue.gif, maru_Red.png,maru_Silver.gif,
,,,,,
//ValveBtn_MV,D1016,0x60@0x1060,MV Open or Close,Open@Close,D43,Bit,E,DV_CloseV.png,DV_OpenV.png, DV_AlarmV.png,DV_UnknownV.png,,
//ValveBtn_GV12,D1016,0x70@0x1070,GV12 Open or Close,Open@Close,D50,Bit,E,DV_CloseV.png,DV_OpenV.png, DV_AlarmV.png,DV_UnknownV.png,,
//ValveBtn_GV23,D1016,0x80@0x1080,GV23 Open or Close,Open@Close,D52,Bit,E,DV_CloseV.png,DV_OpenV.png, DV_AlarmV.png,DV_UnknownV.png,,
//ValveBtn_DV3,D1016,0x8A@0x108A,DV3 Open or Close,Open@Close,D54,Bit,A,DV_CloseV.png,DV_OpenV.png, DV_AlarmV.png,DV_UnknownV.png,,

//ManualProcess画面用
ValveBtn_Gas1,D1016,0x63@0x1063,Gas Valve Open or Close,Open@Close,D41,Bit,5,Valve_W_OFF.png,Valve_W_ON.png, Valve_W_ON.png, Valve_W_Unknown.png,Valve_W_Unknown.png,Valve_W_Unknown.png
ValveBtn_Gas2,D1016,0x64@0x1064,Gas Valve Open or Close,Open@Close,D41,Bit,6,Valve_W_OFF.png,Valve_W_ON.png, Valve_W_ON.png, Valve_W_Unknown.png,Valve_W_Unknown.png,Valve_W_Unknown.png

//Mecha画面用
pnlVacRobot2,,,,,1007,Number,,RobotRet0.png, RobotRet1.png, RobotRet2.png, RobotRet3.png, RobotExt1_ArmA.png, RobotExt1_ArmB.png, RobotExt2_ArmA.png, RobotExt2_ArmB.png, RobotExt3_ArmA.png, RobotExt3_ArmB.png

