2024/12/25 08:46:51,H,Machine,217,1,MFC111 Flow Alarm,Occurr,2024/12/25 08:46:51
2024/12/25 08:46:56,H,Machine,217,1,MFC111 Flow Alarm,Crear,2024/12/25 08:46:56
2024/12/25 08:47:54,H,Machine,218,1,MFC112 Flow Alarm,Occurr,2024/12/25 08:47:54
2024/12/25 08:48:00,H,Machine,218,1,MFC112 Flow Alarm,Crear,2024/12/25 08:48:00
2024/12/25 09:58:49,H,GCIB,246,1,HV1 Accelerator Not Turn ON (GCIB),Occurr,2024/12/25 09:58:49
2024/12/25 09:59:14,H,GCIB,246,1,HV1 Accelerator Not Turn ON (GCIB),Crear,2024/12/25 09:59:14
2024/12/25 10:07:46,H,GCIB,246,1,HV1 Accelerator Not Turn ON (GCIB),Occurr,2024/12/25 10:07:46
2024/12/25 10:07:52,H,GCIB,246,1,HV1 Accelerator Not Turn ON (GCIB),Crear,2024/12/25 10:07:52
2024/12/25 10:11:02,H,GCIB,246,1,HV1 Accelerator Not Turn ON (GCIB),Occurr,2024/12/25 10:11:02
2024/12/25 10:11:09,H,GCIB,246,1,HV1 Accelerator Not Turn ON (GCIB),Crear,2024/12/25 10:11:09
2024/12/25 10:13:34,H,GCIB,246,1,HV1 Accelerator Not Turn ON (GCIB),Occurr,2024/12/25 10:13:34
2024/12/25 10:13:51,H,GCIB,246,1,HV1 Accelerator Not Turn ON (GCIB),Crear,2024/12/25 10:13:51
2024/12/25 11:37:51,H,EFEM,327,1,EFEM Robot Alarm,Occurr,2024/12/25 11:37:51
2024/12/25 11:38:56,H,EFEM,327,1,EFEM Robot Alarm,Crear,2024/12/25 11:38:56
2024/12/25 11:39:21,H,EFEM,332,1,EFEM Vacuum Pressure Abnormal,Occurr,2024/12/25 11:39:21
2024/12/25 11:39:42,H,,369,1,Error MFST Command,Occurr,2024/12/25 11:39:42
2024/12/25 11:40:08,H,,369,1,Error MFST Command,Crear,2024/12/25 11:40:08
2024/12/25 11:41:34,H,EFEM,327,1,EFEM Robot Alarm,Occurr,2024/12/25 11:41:34
2024/12/25 11:42:29,H,EFEM,332,1,EFEM Vacuum Pressure Abnormal,Crear,2024/12/25 11:42:29
2024/12/25 11:42:50,H,EFEM,327,1,EFEM Robot Alarm,Crear,2024/12/25 11:42:50
2024/12/25 11:44:57,L,Machine,17,2,TP KEY Switch Maintenance Announce,Occurr,2024/12/25 11:44:57
2024/12/25 11:44:57,L,,255,2,GCIB Not Remote,Occurr,2024/12/25 11:44:57
2024/12/25 11:45:14,L,Machine,17,2,TP KEY Switch Maintenance Announce,Crear,2024/12/25 11:45:14
2024/12/25 11:45:37,L,,255,2,GCIB Not Remote,Crear,2024/12/25 11:45:37
2024/12/25 11:46:12,H,EFEM,327,1,EFEM Robot Alarm,Occurr,2024/12/25 11:46:12
2024/12/25 11:48:56,H,EFEM,327,1,EFEM Robot Alarm,Crear,2024/12/25 11:48:56
