//システムパラメータ―　PM,,,,,,,,,
//ItemName, Device Address, Unit, RangeMin, RangeMax,ScaleMin,ScaleMax,DataType,Format,Act Device Address
Slow Rough Time 0.1,D1210,[sec],0,999.9,0,9999,Float,0.0,D1035
//Rough Vaccuming Complete Pressure,D1036,[Pa],1.0E-4,1.0E5,0,10000,PIG1,0.0E0,D1036
High Vaccum Pressure Complete,D1037,[Pa],1.0E-9,1.0E-2,0,10000,PEG1,0.0E0,D1037
Slow Vent Time 0.1,D1212,[sec],0,999.9,0,9999,Float,0.0,D1038
//Vaccum SW Over Time 0.1,D1039,[sec],0,999.9,0,9999,Float,0,D1039
TMP Activation Pressure,D1040,[Pa],1.0E-4,1.0E5,0,10000,PIG1,0.0E0,D1040
TMP Back Pressure,D1041,[Pa],1.0E-4,1.0E5,0,10000,PIG1,0.0E0,D1041
//MV1 Openable Pressure,D1042,[Pa],1.0E-4,1.0E5,0,10000,PIG1,0.0E0,D1042
//PV120 Openable Pressure,D1043,[Pa],1.0E-9,1.0E-2,0,10000,PEG1,0.0E0,D1043
//GV12 Openable Pressure,D1044,[Pa],1.0E-9,1.0E-2,0,10000,PEG1,0.0E0,D1044
RV1 Openable Pressure,D1045,[Pa],1.0E-4,1.0E5,0,10000,PIG1,0.0E0,D1045
PS1 Atom Check Time,D1216,[sec],0,999.9,0,9999,Float,0.0,D1216
PEG High Voltage Permit Pressure ,D1077,[Pa],1.0E-4,1.0E5,0,10000,PIG1,0.0E0,D1077

