//チャンバー情報
//項目名, MonDevice, SetDevice, Tag, 単位, FullScale, RangeMin, RangeMax,Format
M11:Torque-X,D206,,Float32, %,100, 0,100,-0.00
M12:Torque-Y,D216,,Float32, %,100, 0,100,-0.00
M13:Torque-T,D226,,Float32, %,100, 0,100,-0.00
M14:Torque-Lift,D236,,Float32, %,100, 0,100,-0.00

M11:Position-X,D200,,Float32, mm,100, 0,100,0.00
M12:Position-Y,D210,,Float32, mm,100, 0,100,-0.00
M13:Position-T,D220,,Float32, deg,100, 0,100,-0.00
M14:Position-Lift,D230,,Float32, mm,100, 0,100,-0.00

M11:Speed-X,D202,,Float32,mm/sec,100, 0,100,-0.00
M12:Speed-Y,D212,,Float32,mm/sec,100, 0,100,-0.00
M13:Speed-T,D222,,Float32,deg/sec,100, 0,100,-0.00
M14:Speed-Lift,D232,,Float32,mm/sec,100, 0,100,-0.00

M11:Error-X,D204,,Int16,,100,0,100,0
M12:Error-Y,D214,,Int16,,100,0,100,0
M13:Error-T,D224,,Int16,,100,0,100,0
M14:Error-Lift,D234,,Int16,,100,0,100,0
M11:Warning-X,D205,,Int16,,100,0,100,0
M12:Warning-Y,D215,,Int16,,100,0,100,0
M13:Warning-T,D225,,Int16,,100,0,100,0
M14:Warning-Lift,D235,,Int16,,100,0,100,0
