2025/08/16 10:34:16,L,Machine,17,2,TP KEY Switch Maintenance Announce,Occurr,2025/08/16 10:34:16
2025/08/16 10:34:16,L,,255,2,GCIB Not Remote,Occurr,2025/08/16 10:34:16
2025/08/16 10:36:56,L,Machine,17,2,TP KEY Switch Maintenance Announce,Crear,2025/08/16 10:36:56
2025/08/16 10:37:14,L,,255,2,GCIB Not Remote,Crear,2025/08/16 10:37:14
2025/08/16 10:37:22,H,GCIB,247,1,HV2 Suppressor Not Turn ON (GCIB),Occurr,2025/08/16 10:37:22
2025/08/16 10:37:22,H,GCIB,248,1,HV3 Lens1  Not Turn ON (GCIB),Occurr,2025/08/16 10:37:22
2025/08/16 10:37:22,H,GCIB,249,1,HV4 Lens2  Not Turn ON (GCIB),Occurr,2025/08/16 10:37:22
2025/08/16 10:37:22,H,GCIB,250,1,HV5 Bias  Not Turn ON (GCIB),Occurr,2025/08/16 10:37:22
2025/08/16 10:37:28,H,Machine,31,1,PK80 DC Power Alarm,Occurr,2025/08/16 10:37:28
2025/08/16 10:37:32,H,GCIB,246,1,HV1 Accelerator Not Turn ON (GCIB),Occurr,2025/08/16 10:37:32
2025/08/16 10:37:38,H,GCIB,251,1,Arc (Ionizer) Not Turn ON (GCIB),Occurr,2025/08/16 10:37:38
2025/08/16 10:38:05,H,GCIB,247,1,HV2 Suppressor Not Turn ON (GCIB),Crear,2025/08/16 10:38:05
2025/08/16 10:38:05,H,GCIB,248,1,HV3 Lens1  Not Turn ON (GCIB),Crear,2025/08/16 10:38:05
2025/08/16 10:38:05,H,GCIB,249,1,HV4 Lens2  Not Turn ON (GCIB),Crear,2025/08/16 10:38:05
2025/08/16 10:38:05,H,GCIB,250,1,HV5 Bias  Not Turn ON (GCIB),Crear,2025/08/16 10:38:05
2025/08/16 10:38:05,H,Machine,31,1,PK80 DC Power Alarm,Crear,2025/08/16 10:38:05
2025/08/16 10:38:05,H,GCIB,246,1,HV1 Accelerator Not Turn ON (GCIB),Crear,2025/08/16 10:38:05
2025/08/16 10:38:05,H,GCIB,251,1,Arc (Ionizer) Not Turn ON (GCIB),Crear,2025/08/16 10:38:05
2025/08/16 10:38:08,H,GCIB,250,1,HV5 Bias  Not Turn ON (GCIB),Occurr,2025/08/16 10:38:08
2025/08/16 10:38:10,H,GCIB,246,1,HV1 Accelerator Not Turn ON (GCIB),Occurr,2025/08/16 10:38:10
2025/08/16 10:38:11,H,GCIB,248,1,HV3 Lens1  Not Turn ON (GCIB),Occurr,2025/08/16 10:38:11
2025/08/16 10:38:12,H,GCIB,249,1,HV4 Lens2  Not Turn ON (GCIB),Occurr,2025/08/16 10:38:12
2025/08/16 10:38:13,H,GCIB,247,1,HV2 Suppressor Not Turn ON (GCIB),Occurr,2025/08/16 10:38:13
2025/08/16 10:41:52,H,EFEM,343,1,EFEM 6inch Wafer stick2 out Alarm (CS2),Occurr,2025/08/16 10:41:52
2025/08/16 10:44:36,H,GCIB,250,1,HV5 Bias  Not Turn ON (GCIB),Crear,2025/08/16 10:44:36
2025/08/16 10:44:36,H,GCIB,246,1,HV1 Accelerator Not Turn ON (GCIB),Crear,2025/08/16 10:44:36
2025/08/16 10:44:36,H,GCIB,248,1,HV3 Lens1  Not Turn ON (GCIB),Crear,2025/08/16 10:44:36
2025/08/16 10:44:36,H,GCIB,249,1,HV4 Lens2  Not Turn ON (GCIB),Crear,2025/08/16 10:44:36
2025/08/16 10:44:36,H,GCIB,247,1,HV2 Suppressor Not Turn ON (GCIB),Crear,2025/08/16 10:44:36
2025/08/16 10:44:36,H,EFEM,343,1,EFEM 6inch Wafer stick2 out Alarm (CS2),Crear,2025/08/16 10:44:36
2025/08/16 10:44:40,H,EFEM,327,1,EFEM Robot Alarm,Occurr,2025/08/16 10:44:40
2025/08/16 10:45:21,H,EFEM,327,1,EFEM Robot Alarm,Crear,2025/08/16 10:45:21
2025/08/16 13:47:25,H,EFEM,327,1,EFEM Robot Alarm,Occurr,2025/08/16 13:47:25
2025/08/16 13:47:45,H,EFEM,327,1,EFEM Robot Alarm,Crear,2025/08/16 13:47:45
2025/08/16 14:37:00,H,GCIB,247,1,HV2 Suppressor Not Turn ON (GCIB),Occurr,2025/08/16 14:37:00
2025/08/16 14:37:00,H,GCIB,248,1,HV3 Lens1  Not Turn ON (GCIB),Occurr,2025/08/16 14:37:00
2025/08/16 14:37:00,H,GCIB,249,1,HV4 Lens2  Not Turn ON (GCIB),Occurr,2025/08/16 14:37:00
2025/08/16 14:37:00,H,GCIB,250,1,HV5 Bias  Not Turn ON (GCIB),Occurr,2025/08/16 14:37:00
2025/08/16 14:37:10,H,GCIB,246,1,HV1 Accelerator Not Turn ON (GCIB),Occurr,2025/08/16 14:37:10
2025/08/16 14:38:00,H,GCIB,247,1,HV2 Suppressor Not Turn ON (GCIB),Crear,2025/08/16 14:38:00
2025/08/16 14:38:00,H,GCIB,248,1,HV3 Lens1  Not Turn ON (GCIB),Crear,2025/08/16 14:38:00
2025/08/16 14:38:00,H,GCIB,249,1,HV4 Lens2  Not Turn ON (GCIB),Crear,2025/08/16 14:38:00
2025/08/16 14:38:00,H,GCIB,250,1,HV5 Bias  Not Turn ON (GCIB),Crear,2025/08/16 14:38:00
2025/08/16 14:38:00,H,GCIB,246,1,HV1 Accelerator Not Turn ON (GCIB),Crear,2025/08/16 14:38:00
2025/08/16 14:53:27,H,Machine,218,1,MFC112 Flow Alarm,Occurr,2025/08/16 14:53:27
2025/08/16 14:58:17,H,Machine,218,1,MFC112 Flow Alarm,Crear,2025/08/16 14:58:17
2025/08/16 15:03:43,L,Machine,17,2,TP KEY Switch Maintenance Announce,Occurr,2025/08/16 15:03:43
2025/08/16 15:03:43,L,,255,2,GCIB Not Remote,Occurr,2025/08/16 15:03:43
2025/08/16 15:04:22,L,Machine,17,2,TP KEY Switch Maintenance Announce,Crear,2025/08/16 15:04:22
2025/08/16 15:05:01,L,,255,2,GCIB Not Remote,Crear,2025/08/16 15:05:01
2025/08/16 16:02:57,H,PC,70,1,TMP Back pressure Alarm (PC),Occurr,2025/08/16 16:02:57
2025/08/16 16:18:52,H,PC,70,1,TMP Back pressure Alarm (PC),Crear,2025/08/16 16:18:52
2025/08/16 17:31:25,H,GCIB,250,1,HV5 Bias  Not Turn ON (GCIB),Occurr,2025/08/16 17:31:25
2025/08/16 17:31:46,H,GCIB,250,1,HV5 Bias  Not Turn ON (GCIB),Crear,2025/08/16 17:31:46
2025/08/16 17:31:55,H,GCIB,246,1,HV1 Accelerator Not Turn ON (GCIB),Occurr,2025/08/16 17:31:55
2025/08/16 17:32:35,H,GCIB,248,1,HV3 Lens1  Not Turn ON (GCIB),Occurr,2025/08/16 17:32:35
2025/08/16 17:33:15,H,GCIB,249,1,HV4 Lens2  Not Turn ON (GCIB),Occurr,2025/08/16 17:33:15
2025/08/16 17:33:46,H,GCIB,247,1,HV2 Suppressor Not Turn ON (GCIB),Occurr,2025/08/16 17:33:46
2025/08/16 17:33:48,H,GCIB,246,1,HV1 Accelerator Not Turn ON (GCIB),Crear,2025/08/16 17:33:48
2025/08/16 17:33:48,H,GCIB,248,1,HV3 Lens1  Not Turn ON (GCIB),Crear,2025/08/16 17:33:48
2025/08/16 17:33:48,H,GCIB,249,1,HV4 Lens2  Not Turn ON (GCIB),Crear,2025/08/16 17:33:48
2025/08/16 17:33:48,H,GCIB,247,1,HV2 Suppressor Not Turn ON (GCIB),Crear,2025/08/16 17:33:48
