2024/12/25 10:34:45,Send: TFMS1000001BMSTS
2024/12/25 10:34:45,Receive: TFMS1000001AMSTS,5
2024/12/25 10:35:32,Send: TFMS1000002BMMST,TempLot1_202412251035,1924,SiO2 on Si,MAP0
2024/12/25 10:35:33,Receive: TFMS1000002AMMST,1924
2024/12/25 10:36:47,Send: TFMS1000003BMMST,TempLot1_202412251036,1924,SiO2 on Si,MAP05
2024/12/25 10:36:48,Receive: TFMS1000003AMMST,1924
2024/12/25 10:37:19,Send: TFMS1000004BMFST,
2024/12/25 10:37:19,Receive: TFMS1000004AMFST
2024/12/25 10:37:19,Send: TFMS1000005BMSTS
2024/12/25 10:37:20,Receive: TFMS1000005AMSTS,2
2024/12/25 10:37:20,Send: TFMS1000006BMSTS
2024/12/25 10:37:21,Receive: TFMS1000006AMSTS,2
2024/12/25 10:37:22,Send: TFMS1000007BMSTS
2024/12/25 10:37:22,Receive: TFMS1000007AMSTS,2
2024/12/25 10:37:23,Send: TFMS1000008BMSTS
2024/12/25 10:37:23,Receive: TFMS1000008AMSTS,2
2024/12/25 10:37:24,Send: TFMS1000009BMSTS
2024/12/25 10:37:24,Receive: TFMS1000009AMSTS,1
2024/12/25 10:37:52,Send: TFMS1000010BMMST,TempLot1_202412251037,1924,SiO2 on Si,MAP05
2024/12/25 10:37:52,Receive: TFMS1000010AMMST,1924
2024/12/25 10:38:53,Send: TFMS1000011BMSTS
2024/12/25 10:38:53,Receive: TFMS1000011AMSTS,3
2024/12/25 10:39:59,Send: TFMS1000012BMSTS
2024/12/25 10:39:59,Receive: TFMS1000012AMSTS,3
2024/12/25 10:41:05,Send: TFMS1000013BMSTS
2024/12/25 10:41:26,Receive: Error:A connection attempt failed because the connected party did not properly respond after a period of time, or established connection failed because connected host has failed to respond 192.168.10.66:5000
2024/12/25 10:42:11,Send: TFMS1000014BMSTS
2024/12/25 10:42:11,Receive: TFMS1000014AMSTS,3
2024/12/25 10:42:38,Send: TFMS1000015BMSTS
2024/12/25 10:42:38,Receive: TFMS1000015AMSTS,2
2024/12/25 10:42:49,Send: TFMS1000016BMSTS
2024/12/25 10:42:49,Receive: TFMS1000016AMSTS,5
2024/12/25 10:42:50,Send: TFMS1000017BMSTS
2024/12/25 10:42:50,Receive: TFMS1000017AMSTS,5
2024/12/25 10:42:56,Send: TFMS1000018BMFED,
2024/12/25 10:42:56,Receive: TFMS1000018AMFED,
2024/12/25 10:46:37,Send: TFMS1000019BMSTS
2024/12/25 10:46:37,Receive: TFMS1000019AMSTS,5
2024/12/25 10:47:13,Send: TFMS1000020BMMST,TempLot1_202412251047,1925,SiO2 on Si,MAP05
2024/12/25 10:47:13,Receive: TFMS1000020AMMST,1925
2024/12/25 10:48:14,Send: TFMS1000021BMSTS
2024/12/25 10:48:14,Receive: TFMS1000021AMSTS,3
2024/12/25 10:49:20,Send: TFMS1000022BMSTS
2024/12/25 10:49:20,Receive: TFMS1000022AMSTS,3
2024/12/25 10:50:26,Send: TFMS1000023BMSTS
2024/12/25 10:50:26,Receive: TFMS1000023AMSTS,3
2024/12/25 10:51:32,Send: TFMS1000024BMSTS
2024/12/25 10:51:32,Receive: TFMS1000024AMSTS,3
2024/12/25 10:51:59,Send: TFMS1000025BMSTS
2024/12/25 10:51:59,Receive: TFMS1000025AMSTS,2
2024/12/25 10:52:11,Send: TFMS1000026BMSTS
2024/12/25 10:52:11,Receive: TFMS1000026AMSTS,5
2024/12/25 10:52:13,Send: TFMS1000027BMSTS
2024/12/25 10:52:13,Receive: TFMS1000027AMSTS,5
2024/12/25 10:52:17,Send: TFMS1000028BMFED,
2024/12/25 10:52:17,Receive: TFMS1000028AMFED,
2024/12/25 10:54:09,Send: TFMS1000029BMSTS
2024/12/25 10:54:09,Receive: TFMS1000029AMSTS,5
2024/12/25 10:54:45,Send: TFMS1000030BMMST,TempLot1_202412251054,1924,SiO2 on Si,MAP05
2024/12/25 10:54:45,Receive: TFMS1000030AMMST,1924
2024/12/25 10:55:46,Send: TFMS1000031BMSTS
2024/12/25 10:55:46,Receive: TFMS1000031AMSTS,3
2024/12/25 10:56:52,Send: TFMS1000032BMSTS
2024/12/25 10:56:53,Receive: TFMS1000032AMSTS,3
2024/12/25 10:57:58,Send: TFMS1000033BMSTS
2024/12/25 10:57:58,Receive: TFMS1000033AMSTS,3
2024/12/25 10:59:04,Send: TFMS1000034BMSTS
2024/12/25 10:59:04,Receive: TFMS1000034AMSTS,3
2024/12/25 10:59:31,Send: TFMS1000035BMSTS
2024/12/25 10:59:31,Receive: TFMS1000035AMSTS,2
2024/12/25 10:59:43,Send: TFMS1000036BMSTS
2024/12/25 10:59:43,Receive: TFMS1000036AMSTS,5
2024/12/25 10:59:50,Send: TFMS1000037BMFED,
2024/12/25 10:59:50,Receive: TFMS1000037AMFED,
2024/12/25 11:00:28,Send: TFMS1000038BMSTS
2024/12/25 11:00:29,Receive: TFMS1000038AMSTS,5
2024/12/25 11:31:41,Send: TFMS1000039BMSTS
2024/12/25 11:31:41,Receive: TFMS1000039AMSTS,5
2024/12/25 11:32:12,Send: TFMS1000040BMMST,TempLot1_202412251132,1925,SiO2 on Si,MAP05
2024/12/25 11:32:12,Receive: TFMS1000040AMMST,1925
2024/12/25 11:33:14,Send: TFMS1000041BMSTS
2024/12/25 11:33:14,Receive: TFMS1000041AMSTS,3
2024/12/25 11:34:20,Send: TFMS1000042BMSTS
2024/12/25 11:34:20,Receive: TFMS1000042AMSTS,3
2024/12/25 11:35:26,Send: TFMS1000043BMSTS
2024/12/25 11:35:26,Receive: TFMS1000043AMSTS,3
2024/12/25 11:36:32,Send: TFMS1000044BMSTS
2024/12/25 11:36:32,Receive: TFMS1000044AMSTS,3
2024/12/25 11:36:59,Send: TFMS1000045BMSTS
2024/12/25 11:36:59,Receive: TFMS1000045AMSTS,2
2024/12/25 11:37:11,Send: TFMS1000046BMSTS
2024/12/25 11:37:11,Receive: TFMS1000046AMSTS,5
2024/12/25 11:37:17,Send: TFMS1000047BMFED,
2024/12/25 11:37:17,Receive: TFMS1000047AMFED,
2024/12/25 11:37:19,Send: TFMS1000048BMSTS
2024/12/25 11:37:19,Receive: TFMS1000048AMSTS,5
2024/12/25 11:38:55,Send: TFMS1000049BMFST,
2024/12/25 11:39:16,Receive: Error:A connection attempt failed because the connected party did not properly respond after a period of time, or established connection failed because connected host has failed to respond 192.168.10.66:5000
2024/12/25 11:39:18,Send: TFMS1000050BMFST,
2024/12/25 11:39:39,Receive: Error:A connection attempt failed because the connected party did not properly respond after a period of time, or established connection failed because connected host has failed to respond 192.168.10.66:5000
2024/12/25 11:39:41,Send: TFMS1000051BMFST,
2024/12/25 11:40:02,Receive: Error:A connection attempt failed because the connected party did not properly respond after a period of time, or established connection failed because connected host has failed to respond 192.168.10.66:5000
2024/12/25 11:40:38,Send: TFMS1000052BMFST,
2024/12/25 11:40:38,Receive: TFMS1000052AMFST
2024/12/25 11:40:39,Send: TFMS1000053BMSTS
2024/12/25 11:40:39,Receive: TFMS1000053AMSTS,1
2024/12/25 11:41:01,Send: TFMS1000054BMSTS
2024/12/25 11:41:01,Receive: TFMS1000054AMSTS,1
2024/12/25 11:43:13,Send: TFMS1000055BMFST,
2024/12/25 11:43:13,Receive: TFMS1000055AMFST
2024/12/25 11:43:14,Send: TFMS1000056BMSTS
2024/12/25 11:43:14,Receive: TFMS1000056AMSTS,1
2024/12/25 11:45:44,Send: TFMS1000057BMSTS
2024/12/25 11:45:44,Receive: TFMS1000057AMSTS,1
2024/12/25 11:46:56,Send: TFMS1000058BMFST,
2024/12/25 11:46:56,Receive: TFMS1000058AMFST
2024/12/25 11:46:57,Send: TFMS1000059BMSTS
2024/12/25 11:46:57,Receive: TFMS1000059AMSTS,1
2024/12/25 11:51:32,Send: TFMS1000060BMSTS
2024/12/25 11:51:32,Receive: TFMS1000060AMSTS,0
2024/12/25 11:51:34,Send: TFMS1000061BMFST,
2024/12/25 11:51:34,Receive: TFMS1000061AMFST
2024/12/25 11:51:35,Send: TFMS1000062BMSTS
2024/12/25 11:51:35,Receive: TFMS1000062AMSTS,2
2024/12/25 11:51:36,Send: TFMS1000063BMSTS
2024/12/25 11:51:36,Receive: TFMS1000063AMSTS,2
2024/12/25 11:51:37,Send: TFMS1000064BMSTS
2024/12/25 11:51:37,Receive: TFMS1000064AMSTS,2
2024/12/25 11:51:37,Send: TFMS1000065BMSTS
2024/12/25 11:51:37,Receive: TFMS1000065AMSTS,2
2024/12/25 11:51:38,Send: TFMS1000066BMSTS
2024/12/25 11:51:38,Receive: TFMS1000066AMSTS,2
2024/12/25 11:51:38,Send: TFMS1000067BMSTS
2024/12/25 11:51:38,Receive: TFMS1000067AMSTS,2
2024/12/25 11:51:39,Send: TFMS1000068BMSTS
2024/12/25 11:51:39,Receive: TFMS1000068AMSTS,1
2024/12/25 11:52:11,Send: TFMS1000069BMMST,LotID_115109,2401,SiO2(PtoP Ref:LN Device),MAP18
2024/12/25 11:52:11,Receive: TFMS1000069AMMST,2401
2024/12/25 11:53:13,Send: TFMS1000070BMSTS
2024/12/25 11:53:13,Receive: TFMS1000070AMSTS,3
2024/12/25 11:54:19,Send: TFMS1000071BMSTS
2024/12/25 11:54:19,Receive: TFMS1000071AMSTS,3
2024/12/25 11:55:25,Send: TFMS1000072BMSTS
2024/12/25 11:55:25,Receive: TFMS1000072AMSTS,3
2024/12/25 11:55:51,Send: TFMS1000073BMSTS
2024/12/25 11:55:51,Receive: TFMS1000073AMSTS,2
2024/12/25 11:56:03,Send: TFMS1000074BMSTS
2024/12/25 11:56:03,Receive: TFMS1000074AMSTS,5
2024/12/25 11:56:09,Send: TFMS1000075BMFED,
2024/12/25 11:56:09,Receive: TFMS1000075AMFED,
2024/12/25 11:56:10,Send: TFMS1000076BMSTS
2024/12/25 11:56:10,Receive: TFMS1000076AMSTS,5
2024/12/25 11:56:50,Send: TFMS1000077BMSTS
2024/12/25 11:56:50,Receive: TFMS1000077AMSTS,5
2024/12/25 11:57:09,Send: TFMS1000078BMMST,LotID_115109,2402,SiO2(PtoP Ref:LN Device),MAP18
2024/12/25 11:57:09,Receive: TFMS1000078AMMST,2402
2024/12/25 11:58:10,Send: TFMS1000079BMSTS
2024/12/25 11:58:10,Receive: TFMS1000079AMSTS,3
2024/12/25 11:59:16,Send: TFMS1000080BMSTS
2024/12/25 11:59:16,Receive: TFMS1000080AMSTS,3
2024/12/25 12:00:22,Send: TFMS1000081BMSTS
2024/12/25 12:00:22,Receive: TFMS1000081AMSTS,3
2024/12/25 12:00:49,Send: TFMS1000082BMSTS
2024/12/25 12:00:49,Receive: TFMS1000082AMSTS,2
2024/12/25 12:01:01,Send: TFMS1000083BMSTS
2024/12/25 12:01:01,Receive: TFMS1000083AMSTS,5
2024/12/25 12:01:07,Send: TFMS1000084BMFED,
2024/12/25 12:01:08,Receive: TFMS1000084AMFED,
2024/12/25 12:01:08,Send: TFMS1000085BMSTS
2024/12/25 12:01:08,Receive: TFMS1000085AMSTS,5
2024/12/25 12:01:46,Send: TFMS1000086BMSTS
2024/12/25 12:01:46,Receive: TFMS1000086AMSTS,5
2024/12/25 12:02:06,Send: TFMS1000087BMMST,LotID_115109,2403,SiO2(PtoP Ref:LN Device),MAP18
2024/12/25 12:02:07,Receive: TFMS1000087AMMST,2403
2024/12/25 12:03:07,Send: TFMS1000088BMSTS
2024/12/25 12:03:08,Receive: TFMS1000088AMSTS,3
2024/12/25 12:04:13,Send: TFMS1000089BMSTS
2024/12/25 12:04:14,Receive: TFMS1000089AMSTS,3
2024/12/25 12:05:19,Send: TFMS1000090BMSTS
2024/12/25 12:05:20,Receive: TFMS1000090AMSTS,3
2024/12/25 12:05:48,Send: TFMS1000091BMSTS
2024/12/25 12:05:48,Receive: TFMS1000091AMSTS,2
2024/12/25 12:05:59,Send: TFMS1000092BMSTS
2024/12/25 12:06:00,Receive: TFMS1000092AMSTS,5
2024/12/25 12:06:06,Send: TFMS1000093BMFED,
2024/12/25 12:06:06,Receive: TFMS1000093AMFED,
2024/12/25 12:06:07,Send: TFMS1000094BMSTS
2024/12/25 12:06:07,Receive: TFMS1000094AMSTS,5
2024/12/25 12:06:45,Send: TFMS1000095BMSTS
2024/12/25 12:06:45,Receive: TFMS1000095AMSTS,5
2024/12/25 12:07:05,Send: TFMS1000096BMMST,LotID_115109,2404,SiO2(PtoP Ref:LN Device),MAP18
2024/12/25 12:07:05,Receive: TFMS1000096AMMST,2404
2024/12/25 12:08:06,Send: TFMS1000097BMSTS
2024/12/25 12:08:06,Receive: TFMS1000097AMSTS,3
2024/12/25 12:09:12,Send: TFMS1000098BMSTS
2024/12/25 12:09:12,Receive: TFMS1000098AMSTS,3
2024/12/25 12:10:18,Send: TFMS1000099BMSTS
2024/12/25 12:10:18,Receive: TFMS1000099AMSTS,3
2024/12/25 12:10:45,Send: TFMS1000100BMSTS
2024/12/25 12:10:45,Receive: TFMS1000100AMSTS,2
2024/12/25 12:10:57,Send: TFMS1000101BMSTS
2024/12/25 12:10:57,Receive: TFMS1000101AMSTS,5
2024/12/25 12:11:03,Send: TFMS1000102BMFED,
2024/12/25 12:11:03,Receive: TFMS1000102AMFED,
2024/12/25 12:11:04,Send: TFMS1000103BMSTS
2024/12/25 12:11:04,Receive: TFMS1000103AMSTS,5
2024/12/25 12:11:42,Send: TFMS1000104BMSTS
2024/12/25 12:11:42,Receive: TFMS1000104AMSTS,5
2024/12/25 12:12:02,Send: TFMS1000105BMMST,LotID_115109,2405,SiO2(PtoP Ref:LN Device),MAP18
2024/12/25 12:12:02,Receive: TFMS1000105AMMST,2405
2024/12/25 12:13:03,Send: TFMS1000106BMSTS
2024/12/25 12:13:03,Receive: TFMS1000106AMSTS,3
2024/12/25 12:14:09,Send: TFMS1000107BMSTS
2024/12/25 12:14:09,Receive: TFMS1000107AMSTS,3
2024/12/25 12:15:15,Send: TFMS1000108BMSTS
2024/12/25 12:15:15,Receive: TFMS1000108AMSTS,3
2024/12/25 12:15:42,Send: TFMS1000109BMSTS
2024/12/25 12:15:42,Receive: TFMS1000109AMSTS,2
2024/12/25 12:15:54,Send: TFMS1000110BMSTS
2024/12/25 12:15:54,Receive: TFMS1000110AMSTS,5
2024/12/25 12:16:00,Send: TFMS1000111BMFED,
2024/12/25 12:16:01,Receive: TFMS1000111AMFED,
2024/12/25 12:16:01,Send: TFMS1000112BMSTS
2024/12/25 12:16:02,Receive: TFMS1000112AMSTS,5
2024/12/25 12:16:40,Send: TFMS1000113BMSTS
2024/12/25 12:16:40,Receive: TFMS1000113AMSTS,5
2024/12/25 12:17:00,Send: TFMS1000114BMMST,LotID_115109,2406,SiO2(PtoP Ref:LN Device),MAP18
2024/12/25 12:17:00,Receive: TFMS1000114AMMST,2406
2024/12/25 12:18:01,Send: TFMS1000115BMSTS
2024/12/25 12:18:01,Receive: TFMS1000115AMSTS,3
2024/12/25 12:19:07,Send: TFMS1000116BMSTS
2024/12/25 12:19:07,Receive: TFMS1000116AMSTS,3
2024/12/25 12:20:13,Send: TFMS1000117BMSTS
2024/12/25 12:20:13,Receive: TFMS1000117AMSTS,3
2024/12/25 12:20:52,Send: TFMS1000118BMSTS
2024/12/25 12:20:52,Receive: TFMS1000118AMSTS,2
2024/12/25 12:21:04,Send: TFMS1000119BMSTS
2024/12/25 12:21:04,Receive: TFMS1000119AMSTS,5
2024/12/25 12:21:10,Send: TFMS1000120BMFED,
2024/12/25 12:21:10,Receive: TFMS1000120AMFED,
2024/12/25 12:21:11,Send: TFMS1000121BMSTS
2024/12/25 12:21:11,Receive: TFMS1000121AMSTS,5
2024/12/25 12:21:49,Send: TFMS1000122BMSTS
2024/12/25 12:21:49,Receive: TFMS1000122AMSTS,5
2024/12/25 12:22:08,Send: TFMS1000123BMMST,LotID_115109,2407,SiO2(PtoP Ref:LN Device),MAP18
2024/12/25 12:22:08,Receive: TFMS1000123AMMST,2407
2024/12/25 12:23:09,Send: TFMS1000124BMSTS
2024/12/25 12:23:09,Receive: TFMS1000124AMSTS,3
2024/12/25 12:24:15,Send: TFMS1000125BMSTS
2024/12/25 12:24:16,Receive: TFMS1000125AMSTS,3
2024/12/25 12:25:21,Send: TFMS1000126BMSTS
2024/12/25 12:25:21,Receive: TFMS1000126AMSTS,3
2024/12/25 12:25:48,Send: TFMS1000127BMSTS
2024/12/25 12:25:48,Receive: TFMS1000127AMSTS,2
2024/12/25 12:26:00,Send: TFMS1000128BMSTS
2024/12/25 12:26:01,Receive: TFMS1000128AMSTS,5
2024/12/25 12:26:06,Send: TFMS1000129BMFED,
2024/12/25 12:26:07,Receive: TFMS1000129AMFED,
2024/12/25 12:26:07,Send: TFMS1000130BMSTS
2024/12/25 12:26:08,Receive: TFMS1000130AMSTS,5
2024/12/25 12:26:45,Send: TFMS1000131BMSTS
2024/12/25 12:26:46,Receive: TFMS1000131AMSTS,5
2024/12/25 12:27:06,Send: TFMS1000132BMMST,LotID_115109,2408,SiO2(PtoP Ref:LN Device),MAP18
2024/12/25 12:27:06,Receive: TFMS1000132AMMST,2408
2024/12/25 12:28:07,Send: TFMS1000133BMSTS
2024/12/25 12:28:07,Receive: TFMS1000133AMSTS,3
2024/12/25 12:29:13,Send: TFMS1000134BMSTS
2024/12/25 12:29:13,Receive: TFMS1000134AMSTS,3
2024/12/25 12:30:19,Send: TFMS1000135BMSTS
2024/12/25 12:30:19,Receive: TFMS1000135AMSTS,3
2024/12/25 12:30:44,Send: TFMS1000136BMSTS
2024/12/25 12:30:44,Receive: TFMS1000136AMSTS,2
2024/12/25 12:30:56,Send: TFMS1000137BMSTS
2024/12/25 12:30:56,Receive: TFMS1000137AMSTS,5
2024/12/25 12:31:02,Send: TFMS1000138BMFED,
2024/12/25 12:31:02,Receive: TFMS1000138AMFED,
2024/12/25 12:31:03,Send: TFMS1000139BMSTS
2024/12/25 12:31:03,Receive: TFMS1000139AMSTS,5
2024/12/25 12:31:41,Send: TFMS1000140BMSTS
2024/12/25 12:31:41,Receive: TFMS1000140AMSTS,5
2024/12/25 12:32:01,Send: TFMS1000141BMMST,LotID_115109,2409,SiO2(PtoP Ref:LN Device),MAP18
2024/12/25 12:32:01,Receive: TFMS1000141AMMST,2409
2024/12/25 12:33:02,Send: TFMS1000142BMSTS
2024/12/25 12:33:02,Receive: TFMS1000142AMSTS,3
2024/12/25 12:34:08,Send: TFMS1000143BMSTS
2024/12/25 12:34:08,Receive: TFMS1000143AMSTS,3
2024/12/25 12:35:14,Send: TFMS1000144BMSTS
2024/12/25 12:35:14,Receive: TFMS1000144AMSTS,3
2024/12/25 12:35:39,Send: TFMS1000145BMSTS
2024/12/25 12:35:39,Receive: TFMS1000145AMSTS,2
2024/12/25 12:35:51,Send: TFMS1000146BMSTS
2024/12/25 12:35:51,Receive: TFMS1000146AMSTS,5
2024/12/25 12:35:57,Send: TFMS1000147BMFED,
2024/12/25 12:35:57,Receive: TFMS1000147AMFED,
2024/12/25 12:35:58,Send: TFMS1000148BMSTS
2024/12/25 12:35:58,Receive: TFMS1000148AMSTS,5
2024/12/25 12:36:36,Send: TFMS1000149BMSTS
2024/12/25 12:36:36,Receive: TFMS1000149AMSTS,5
2024/12/25 12:36:56,Send: TFMS1000150BMMST,LotID_115109,2412,SiO2(PtoP Ref:LN Device),MAP18
2024/12/25 12:36:56,Receive: TFMS1000150AMMST,2412
2024/12/25 12:37:57,Send: TFMS1000151BMSTS
2024/12/25 12:37:57,Receive: TFMS1000151AMSTS,3
2024/12/25 12:39:03,Send: TFMS1000152BMSTS
2024/12/25 12:39:03,Receive: TFMS1000152AMSTS,3
2024/12/25 12:40:09,Send: TFMS1000153BMSTS
2024/12/25 12:40:09,Receive: TFMS1000153AMSTS,3
2024/12/25 12:40:34,Send: TFMS1000154BMSTS
2024/12/25 12:40:34,Receive: TFMS1000154AMSTS,2
2024/12/25 12:40:46,Send: TFMS1000155BMSTS
2024/12/25 12:40:47,Receive: TFMS1000155AMSTS,5
2024/12/25 12:40:53,Send: TFMS1000156BMFED,
2024/12/25 12:40:53,Receive: TFMS1000156AMFED,
2024/12/25 12:40:54,Send: TFMS1000157BMSTS
2024/12/25 12:40:54,Receive: TFMS1000157AMSTS,5
2024/12/25 12:41:32,Send: TFMS1000158BMSTS
2024/12/25 12:41:32,Receive: TFMS1000158AMSTS,5
2024/12/25 12:41:52,Send: TFMS1000159BMMST,LotID_115109,2413,SiO2(PtoP Ref:LN Device),MAP18
2024/12/25 12:41:52,Receive: TFMS1000159AMMST,2413
2024/12/25 12:42:53,Send: TFMS1000160BMSTS
2024/12/25 12:42:53,Receive: TFMS1000160AMSTS,3
2024/12/25 12:43:59,Send: TFMS1000161BMSTS
2024/12/25 12:43:59,Receive: TFMS1000161AMSTS,3
2024/12/25 12:45:05,Send: TFMS1000162BMSTS
2024/12/25 12:45:05,Receive: TFMS1000162AMSTS,3
2024/12/25 12:45:30,Send: TFMS1000163BMSTS
2024/12/25 12:45:30,Receive: TFMS1000163AMSTS,2
2024/12/25 12:45:42,Send: TFMS1000164BMSTS
2024/12/25 12:45:42,Receive: TFMS1000164AMSTS,5
2024/12/25 12:45:48,Send: TFMS1000165BMFED,
2024/12/25 12:45:48,Receive: TFMS1000165AMFED,
2024/12/25 12:45:49,Send: TFMS1000166BMSTS
2024/12/25 12:45:49,Receive: TFMS1000166AMSTS,5
2024/12/25 12:46:27,Send: TFMS1000167BMSTS
2024/12/25 12:46:27,Receive: TFMS1000167AMSTS,5
2024/12/25 12:46:47,Send: TFMS1000168BMMST,LotID_115109,2414,SiO2(PtoP Ref:LN Device),MAP18
2024/12/25 12:46:47,Receive: TFMS1000168AMMST,2414
2024/12/25 12:47:48,Send: TFMS1000169BMSTS
2024/12/25 12:47:48,Receive: TFMS1000169AMSTS,3
2024/12/25 12:48:54,Send: TFMS1000170BMSTS
2024/12/25 12:48:54,Receive: TFMS1000170AMSTS,3
2024/12/25 12:50:00,Send: TFMS1000171BMSTS
2024/12/25 12:50:00,Receive: TFMS1000171AMSTS,3
2024/12/25 12:50:25,Send: TFMS1000172BMSTS
2024/12/25 12:50:25,Receive: TFMS1000172AMSTS,2
2024/12/25 12:50:37,Send: TFMS1000173BMSTS
2024/12/25 12:50:37,Receive: TFMS1000173AMSTS,5
2024/12/25 12:50:43,Send: TFMS1000174BMFED,
2024/12/25 12:50:43,Receive: TFMS1000174AMFED,
2024/12/25 12:50:44,Send: TFMS1000175BMSTS
2024/12/25 12:50:45,Receive: TFMS1000175AMSTS,5
2024/12/25 12:51:22,Send: TFMS1000176BMSTS
2024/12/25 12:51:22,Receive: TFMS1000176AMSTS,5
2024/12/25 12:51:42,Send: TFMS1000177BMMST,LotID_115109,2415,SiO2(PtoP Ref:LN Device),MAP18
2024/12/25 12:51:42,Receive: TFMS1000177AMMST,2415
2024/12/25 12:52:43,Send: TFMS1000178BMSTS
2024/12/25 12:52:44,Receive: TFMS1000178AMSTS,3
2024/12/25 12:53:49,Send: TFMS1000179BMSTS
2024/12/25 12:53:50,Receive: TFMS1000179AMSTS,3
2024/12/25 12:54:55,Send: TFMS1000180BMSTS
2024/12/25 12:54:55,Receive: TFMS1000180AMSTS,3
2024/12/25 12:55:20,Send: TFMS1000181BMSTS
2024/12/25 12:55:21,Receive: TFMS1000181AMSTS,2
2024/12/25 12:55:32,Send: TFMS1000182BMSTS
2024/12/25 12:55:33,Receive: TFMS1000182AMSTS,5
2024/12/25 12:55:39,Send: TFMS1000183BMFED,
2024/12/25 12:55:39,Receive: TFMS1000183AMFED,
2024/12/25 12:55:40,Send: TFMS1000184BMSTS
2024/12/25 12:55:40,Receive: TFMS1000184AMSTS,5
2024/12/25 12:56:18,Send: TFMS1000185BMSTS
2024/12/25 12:56:18,Receive: TFMS1000185AMSTS,5
2024/12/25 12:56:38,Send: TFMS1000186BMMST,LotID_115109,2424,SiO2(PtoP Ref:LN Device),MAP18
2024/12/25 12:56:38,Receive: TFMS1000186AMMST,2424
2024/12/25 12:57:39,Send: TFMS1000187BMSTS
2024/12/25 12:57:39,Receive: TFMS1000187AMSTS,3
2024/12/25 12:58:45,Send: TFMS1000188BMSTS
2024/12/25 12:58:45,Receive: TFMS1000188AMSTS,3
2024/12/25 12:59:51,Send: TFMS1000189BMSTS
2024/12/25 12:59:51,Receive: TFMS1000189AMSTS,3
2024/12/25 13:00:16,Send: TFMS1000190BMSTS
2024/12/25 13:00:16,Receive: TFMS1000190AMSTS,2
2024/12/25 13:00:28,Send: TFMS1000191BMSTS
2024/12/25 13:00:28,Receive: TFMS1000191AMSTS,5
2024/12/25 13:00:34,Send: TFMS1000192BMFED,
2024/12/25 13:00:34,Receive: TFMS1000192AMFED,
2024/12/25 13:00:35,Send: TFMS1000193BMSTS
2024/12/25 13:00:35,Receive: TFMS1000193AMSTS,5
2024/12/25 13:01:01,Send: TFMS1000194BMSTS
2024/12/25 13:01:02,Receive: TFMS1000194AMSTS,5
2024/12/25 13:01:21,Send: TFMS1000195BMMST,LotID_115109,2425,SiO2(PtoP Ref:LN Device),MAP18
2024/12/25 13:01:22,Receive: TFMS1000195AMMST,2425
2024/12/25 13:02:22,Send: TFMS1000196BMSTS
2024/12/25 13:02:22,Receive: TFMS1000196AMSTS,3
2024/12/25 13:03:28,Send: TFMS1000197BMSTS
2024/12/25 13:03:29,Receive: TFMS1000197AMSTS,3
2024/12/25 13:04:34,Send: TFMS1000198BMSTS
2024/12/25 13:04:34,Receive: TFMS1000198AMSTS,3
2024/12/25 13:04:59,Send: TFMS1000199BMSTS
2024/12/25 13:05:00,Receive: TFMS1000199AMSTS,2
2024/12/25 13:05:11,Send: TFMS1000200BMSTS
2024/12/25 13:05:12,Receive: TFMS1000200AMSTS,5
2024/12/25 13:05:18,Send: TFMS1000201BMFED,
2024/12/25 13:05:18,Receive: TFMS1000201AMFED,
2024/12/25 13:05:19,Send: TFMS1000202BMSTS
2024/12/25 13:05:19,Receive: TFMS1000202AMSTS,5
2024/12/25 13:10:22,Send: TFMS1000203BMSTS
2024/12/25 13:10:22,Receive: TFMS1000203AMSTS,5
2024/12/25 13:11:57,Send: TFMS1000204BMMST,TempLot1_202412251311,1921,SiO2 on Si,MAP0
2024/12/25 13:11:57,Receive: TFMS1000204AMMST,1921
2024/12/25 13:12:53,Send: TFMS1000205BMFST,
2024/12/25 13:12:53,Receive: TFMS1000205AMFST
2024/12/25 13:12:54,Send: TFMS1000206BMSTS
2024/12/25 13:12:54,Receive: TFMS1000206AMSTS,1
2024/12/25 13:13:16,Send: TFMS1000207BMSTS
2024/12/25 13:13:16,Receive: TFMS1000207AMSTS,1
2024/12/25 13:23:37,Send: TFMS1000208BMSTS
2024/12/25 13:23:37,Receive: TFMS1000208AMSTS,1
2024/12/25 13:23:58,Send: TFMS1000209BMMST,TempLot1_202412251323,1921,SiO2 on Si,MAP0
2024/12/25 13:23:58,Receive: TFMS1000209AMMST,1921
2024/12/25 13:24:59,Send: TFMS1000210BMSTS
2024/12/25 13:24:59,Receive: TFMS1000210AMSTS,3
2024/12/25 13:25:36,Send: TFMS1000211BMFST,
2024/12/25 13:25:36,Receive: TFMS1000211AMFST
2024/12/25 13:25:37,Send: TFMS1000212BMSTS
2024/12/25 13:25:37,Receive: TFMS1000212AMSTS,1
2024/12/25 13:25:52,Send: TFMS1000213BMMST,TempLot1_202412251325,1921,SiO2 on Si,MAP0
2024/12/25 13:25:52,Receive: TFMS1000213AMMST,1921
2024/12/25 13:26:53,Send: TFMS1000214BMSTS
2024/12/25 13:26:53,Receive: TFMS1000214AMSTS,2
2024/12/25 13:27:18,Send: TFMS1000215BMMST,TempLot1_202412251327,1921,SiO2 on Si,MAP0
2024/12/25 13:27:18,Receive: TFMS1000215AMMST,1921
2024/12/25 13:28:19,Send: TFMS1000216BMSTS
2024/12/25 13:28:19,Receive: TFMS1000216AMSTS,3
2024/12/25 13:29:25,Send: TFMS1000217BMSTS
2024/12/25 13:29:26,Receive: TFMS1000217AMSTS,3
2024/12/25 13:30:31,Send: TFMS1000218BMSTS
2024/12/25 13:30:31,Receive: TFMS1000218AMSTS,3
2024/12/25 13:31:37,Send: TFMS1000219BMSTS
2024/12/25 13:31:38,Receive: TFMS1000219AMSTS,3
2024/12/25 13:32:43,Send: TFMS1000220BMSTS
2024/12/25 13:32:43,Receive: TFMS1000220AMSTS,3
2024/12/25 13:33:49,Send: TFMS1000221BMSTS
2024/12/25 13:33:50,Receive: TFMS1000221AMSTS,3
2024/12/25 13:33:56,Send: TFMS1000222BMSTS
2024/12/25 13:33:56,Receive: TFMS1000222AMSTS,2
2024/12/25 13:34:06,Send: TFMS1000223BMSTS
2024/12/25 13:34:06,Receive: TFMS1000223AMSTS,5
2024/12/25 13:34:08,Send: TFMS1000224BMSTS
2024/12/25 13:34:09,Receive: TFMS1000224AMSTS,5
2024/12/25 13:34:15,Send: TFMS1000225BMFED,
2024/12/25 13:34:15,Receive: TFMS1000225AMFED,
2024/12/25 13:34:38,Send: TFMS1000226BMSTS
2024/12/25 13:34:38,Receive: TFMS1000226AMSTS,5
2024/12/25 13:50:54,Send: TFMS1000227BMSTS
2024/12/25 13:50:54,Receive: TFMS1000227AMSTS,5
2024/12/25 13:51:30,Send: TFMS1000228BMMST,TempLot1_202412251351,1921,SiO2 on Si,MAP0
2024/12/25 13:51:51,Receive: Error:A connection attempt failed because the connected party did not properly respond after a period of time, or established connection failed because connected host has failed to respond 192.168.10.66:5000
2024/12/25 13:52:03,Send: TFMS1000229BMMST,TempLot1_202412251352,1921,SiO2 on Si,MAP0
2024/12/25 13:52:03,Receive: TFMS1000229AMMST,1921
2024/12/25 13:53:04,Send: TFMS1000230BMSTS
2024/12/25 13:53:04,Receive: TFMS1000230AMSTS,3
2024/12/25 13:54:10,Send: TFMS1000231BMSTS
2024/12/25 13:54:10,Receive: TFMS1000231AMSTS,3
2024/12/25 13:55:16,Send: TFMS1000232BMSTS
2024/12/25 13:55:16,Receive: TFMS1000232AMSTS,3
2024/12/25 13:56:22,Send: TFMS1000233BMSTS
2024/12/25 13:56:22,Receive: TFMS1000233AMSTS,3
2024/12/25 13:57:28,Send: TFMS1000234BMSTS
2024/12/25 13:57:29,Receive: TFMS1000234AMSTS,3
2024/12/25 13:58:34,Send: TFMS1000235BMSTS
2024/12/25 13:58:35,Receive: TFMS1000235AMSTS,3
2024/12/25 13:58:42,Send: TFMS1000236BMSTS
2024/12/25 13:58:43,Receive: TFMS1000236AMSTS,2
2024/12/25 13:58:54,Send: TFMS1000237BMSTS
2024/12/25 13:58:55,Receive: TFMS1000237AMSTS,5
2024/12/25 13:59:01,Send: TFMS1000238BMFED,
2024/12/25 13:59:01,Receive: TFMS1000238AMFED,
2024/12/25 14:04:42,Send: TFMS1000239BMSTS
2024/12/25 14:04:42,Receive: TFMS1000239AMSTS,5
2024/12/25 16:13:44,Send: TFMS1000001BMSTS
2024/12/25 16:14:05,Receive: Error:A connection attempt failed because the connected party did not properly respond after a period of time, or established connection failed because connected host has failed to respond 192.168.10.66:5000
2024/12/25 16:14:09,Send: TFMS1000002BMFST,
2024/12/25 16:14:09,Receive: TFMS1000002AMFST
2024/12/25 16:14:10,Send: TFMS1000003BMSTS
2024/12/25 16:14:10,Receive: TFMS1000003AMSTS,1
2024/12/25 16:16:52,Send: TFMS1000004BMMST,LotID_145358,2415,SiO2(PtoP Ref:LN Device),MAP18
2024/12/25 16:16:52,Receive: TFMS1000004AMMST,2415
2024/12/25 16:17:53,Send: TFMS1000005BMSTS
2024/12/25 16:17:53,Receive: TFMS1000005AMSTS,3
2024/12/25 16:18:37,Send: TFMS1000006BMSTS
2024/12/25 16:18:37,Receive: TFMS1000006AMSTS,2
2024/12/25 16:18:49,Send: TFMS1000007BMSTS
2024/12/25 16:18:49,Receive: TFMS1000007AMSTS,5
2024/12/25 16:18:55,Send: TFMS1000008BMFED,
2024/12/25 16:18:55,Receive: TFMS1000008AMFED,
2024/12/25 16:20:48,Send: TFMS1000009BMMST,LotID_145358,2415,SiO2(PtoP Ref:LN Device),MAP18
2024/12/25 16:20:49,Receive: TFMS1000009AMMST,2415
2024/12/25 16:20:50,Send: TFMS1000010BMSTS
2024/12/25 16:20:55,Receive: TFMS1000010AMSTS,3
2024/12/25 16:21:06,Send: TFMS1000011BMSTS
2024/12/25 16:21:07,Receive: TFMS1000011AMSTS,3
2024/12/25 16:21:19,Send: TFMS1000012BMSTS
2024/12/25 16:21:24,Receive: TFMS1000012AMSTS,3
2024/12/25 16:21:35,Send: TFMS1000013BMSTS
2024/12/25 16:21:36,Receive: TFMS1000013AMSTS,3
2024/12/25 16:30:49,Send: TFMS1000014BMMST,LotID_145358,2415,SiO2(PtoP Ref:LN Device),MAP18
2024/12/25 16:30:49,Receive: TFMS1000014AMMST,2415
2024/12/25 16:31:49,Send: TFMS1000015BMSTS
2024/12/25 16:31:50,Receive: TFMS1000015AMSTS,3
2024/12/25 16:32:56,Send: TFMS1000016BMSTS
2024/12/25 16:32:56,Receive: TFMS1000016AMSTS,3
2024/12/25 16:34:02,Send: TFMS1000017BMSTS
2024/12/25 16:34:02,Receive: TFMS1000017AMSTS,3
2024/12/25 16:34:26,Send: TFMS1000018BMSTS
2024/12/25 16:34:26,Receive: TFMS1000018AMSTS,2
2024/12/25 16:34:38,Send: TFMS1000019BMSTS
2024/12/25 16:34:38,Receive: TFMS1000019AMSTS,5
2024/12/25 16:34:44,Send: TFMS1000020BMFED,
2024/12/25 16:34:44,Receive: TFMS1000020AMFED,
2024/12/25 16:38:44,Send: TFMS1000021BMSTS
2024/12/25 16:38:44,Receive: TFMS1000021AMSTS,5
