2025/03/01 10:03:30,H,Machine,31,1,PK80 DC Power Alarm,Occurr,2025/03/01 10:03:30
2025/03/01 10:04:39,H,Machine,217,1,MFC111 Flow Alarm,Occurr,2025/03/01 10:04:39
2025/03/01 10:04:41,H,Machine,218,1,MFC112 Flow Alarm,Occurr,2025/03/01 10:04:41
2025/03/01 10:09:50,H,Machine,31,1,PK80 DC Power Alarm,Crear,2025/03/01 10:09:50
2025/03/01 10:11:28,H,Machine,217,1,MFC111 Flow Alarm,Crear,2025/03/01 10:11:28
2025/03/01 10:11:28,H,Machine,218,1,MFC112 Flow Alarm,Crear,2025/03/01 10:11:28
2025/03/01 10:12:55,H,Machine,31,1,PK80 DC Power Alarm,Occurr,2025/03/01 10:12:55
2025/03/01 10:13:05,H,GCIB,250,1,HV5 Bias  Not Turn ON (GCIB),Occurr,2025/03/01 10:13:05
2025/03/01 10:13:10,H,GCIB,248,1,HV3 Lens1  Not Turn ON (GCIB),Occurr,2025/03/01 10:13:10
2025/03/01 10:13:13,H,GCIB,249,1,HV4 Lens2  Not Turn ON (GCIB),Occurr,2025/03/01 10:13:13
2025/03/01 10:13:15,H,GCIB,247,1,HV2 Suppressor Not Turn ON (GCIB),Occurr,2025/03/01 10:13:15
2025/03/01 10:13:18,H,GCIB,246,1,HV1 Accelerator Not Turn ON (GCIB),Occurr,2025/03/01 10:13:18
2025/03/01 10:14:00,H,GCIB,260,1,High Voltage Unmatch Alarm,Occurr,2025/03/01 10:14:00
2025/03/01 10:15:12,H,GCIB,250,1,HV5 Bias  Not Turn ON (GCIB),Crear,2025/03/01 10:15:12
2025/03/01 10:15:12,H,GCIB,248,1,HV3 Lens1  Not Turn ON (GCIB),Crear,2025/03/01 10:15:12
2025/03/01 10:15:12,H,GCIB,249,1,HV4 Lens2  Not Turn ON (GCIB),Crear,2025/03/01 10:15:12
2025/03/01 10:15:12,H,GCIB,247,1,HV2 Suppressor Not Turn ON (GCIB),Crear,2025/03/01 10:15:12
2025/03/01 10:15:12,H,GCIB,246,1,HV1 Accelerator Not Turn ON (GCIB),Crear,2025/03/01 10:15:12
2025/03/01 10:15:12,H,GCIB,260,1,High Voltage Unmatch Alarm,Crear,2025/03/01 10:15:12
2025/03/01 10:15:25,H,Machine,31,1,PK80 DC Power Alarm,Crear,2025/03/01 10:15:25
2025/03/01 10:15:50,H,Machine,31,1,PK80 DC Power Alarm,Occurr,2025/03/01 10:15:50
2025/03/01 10:16:07,H,GCIB,250,1,HV5 Bias  Not Turn ON (GCIB),Occurr,2025/03/01 10:16:07
2025/03/01 10:16:09,H,GCIB,246,1,HV1 Accelerator Not Turn ON (GCIB),Occurr,2025/03/01 10:16:09
2025/03/01 10:16:12,H,GCIB,248,1,HV3 Lens1  Not Turn ON (GCIB),Occurr,2025/03/01 10:16:12
2025/03/01 10:16:14,H,GCIB,249,1,HV4 Lens2  Not Turn ON (GCIB),Occurr,2025/03/01 10:16:14
2025/03/01 10:16:16,H,GCIB,247,1,HV2 Suppressor Not Turn ON (GCIB),Occurr,2025/03/01 10:16:16
2025/03/01 10:18:12,H,Machine,31,1,PK80 DC Power Alarm,Occurr,2025/03/01 10:18:12
2025/03/01 10:18:12,H,GCIB,246,1,HV1 Accelerator Not Turn ON (GCIB),Occurr,2025/03/01 10:18:12
2025/03/01 10:18:12,H,GCIB,247,1,HV2 Suppressor Not Turn ON (GCIB),Occurr,2025/03/01 10:18:12
2025/03/01 10:18:12,H,GCIB,248,1,HV3 Lens1  Not Turn ON (GCIB),Occurr,2025/03/01 10:18:12
2025/03/01 10:18:12,H,GCIB,249,1,HV4 Lens2  Not Turn ON (GCIB),Occurr,2025/03/01 10:18:12
2025/03/01 10:18:12,H,GCIB,250,1,HV5 Bias  Not Turn ON (GCIB),Occurr,2025/03/01 10:18:12
2025/03/01 10:20:25,H,GCIB,260,1,High Voltage Unmatch Alarm,Occurr,2025/03/01 10:20:25
2025/03/01 10:20:58,H,Machine,31,1,PK80 DC Power Alarm,Crear,2025/03/01 10:20:58
2025/03/01 10:21:16,H,Machine,31,1,PK80 DC Power Alarm,Occurr,2025/03/01 10:21:16
2025/03/01 10:24:38,H,GCIB,246,1,HV1 Accelerator Not Turn ON (GCIB),Crear,2025/03/01 10:24:38
2025/03/01 10:24:38,H,GCIB,247,1,HV2 Suppressor Not Turn ON (GCIB),Crear,2025/03/01 10:24:38
2025/03/01 10:24:38,H,GCIB,248,1,HV3 Lens1  Not Turn ON (GCIB),Crear,2025/03/01 10:24:38
2025/03/01 10:24:38,H,GCIB,249,1,HV4 Lens2  Not Turn ON (GCIB),Crear,2025/03/01 10:24:38
2025/03/01 10:24:38,H,GCIB,250,1,HV5 Bias  Not Turn ON (GCIB),Crear,2025/03/01 10:24:38
2025/03/01 10:24:38,H,GCIB,260,1,High Voltage Unmatch Alarm,Crear,2025/03/01 10:24:38
2025/03/01 10:24:58,H,GCIB,250,1,HV5 Bias  Not Turn ON (GCIB),Occurr,2025/03/01 10:24:58
2025/03/01 10:25:01,H,GCIB,246,1,HV1 Accelerator Not Turn ON (GCIB),Occurr,2025/03/01 10:25:01
2025/03/01 10:25:03,H,GCIB,248,1,HV3 Lens1  Not Turn ON (GCIB),Occurr,2025/03/01 10:25:03
2025/03/01 10:25:05,H,GCIB,249,1,HV4 Lens2  Not Turn ON (GCIB),Occurr,2025/03/01 10:25:05
2025/03/01 10:25:07,H,GCIB,247,1,HV2 Suppressor Not Turn ON (GCIB),Occurr,2025/03/01 10:25:07
2025/03/01 10:25:57,H,GCIB,260,1,High Voltage Unmatch Alarm,Occurr,2025/03/01 10:25:57
2025/03/01 10:26:13,H,Machine,217,1,MFC111 Flow Alarm,Occurr,2025/03/01 10:26:13
2025/03/01 10:26:17,H,Machine,218,1,MFC112 Flow Alarm,Occurr,2025/03/01 10:26:17
2025/03/01 10:28:57,H,Machine,31,1,PK80 DC Power Alarm,Crear,2025/03/01 10:28:57
2025/03/01 10:29:14,H,Machine,31,1,PK80 DC Power Alarm,Occurr,2025/03/01 10:29:14
2025/03/01 10:32:43,H,Machine,31,1,PK80 DC Power Alarm,Crear,2025/03/01 10:32:43
2025/03/01 10:33:06,H,Machine,31,1,PK80 DC Power Alarm,Occurr,2025/03/01 10:33:06
2025/03/01 10:33:59,H,GCIB,250,1,HV5 Bias  Not Turn ON (GCIB),Crear,2025/03/01 10:33:59
2025/03/01 10:33:59,H,GCIB,246,1,HV1 Accelerator Not Turn ON (GCIB),Crear,2025/03/01 10:33:59
2025/03/01 10:33:59,H,GCIB,248,1,HV3 Lens1  Not Turn ON (GCIB),Crear,2025/03/01 10:33:59
2025/03/01 10:33:59,H,GCIB,249,1,HV4 Lens2  Not Turn ON (GCIB),Crear,2025/03/01 10:33:59
2025/03/01 10:33:59,H,GCIB,247,1,HV2 Suppressor Not Turn ON (GCIB),Crear,2025/03/01 10:33:59
2025/03/01 10:33:59,H,GCIB,260,1,High Voltage Unmatch Alarm,Crear,2025/03/01 10:33:59
2025/03/01 10:33:59,H,Machine,217,1,MFC111 Flow Alarm,Crear,2025/03/01 10:33:59
2025/03/01 10:33:59,H,Machine,218,1,MFC112 Flow Alarm,Crear,2025/03/01 10:33:59
2025/03/01 10:36:36,H,Machine,31,1,PK80 DC Power Alarm,Occurr,2025/03/01 10:36:36
2025/03/01 10:38:54,H,Machine,31,1,PK80 DC Power Alarm,Crear,2025/03/01 10:38:54
2025/03/01 10:39:18,H,Machine,31,1,PK80 DC Power Alarm,Occurr,2025/03/01 10:39:18
2025/03/01 10:39:21,H,GCIB,250,1,HV5 Bias  Not Turn ON (GCIB),Occurr,2025/03/01 10:39:21
2025/03/01 10:39:34,H,GCIB,246,1,HV1 Accelerator Not Turn ON (GCIB),Occurr,2025/03/01 10:39:34
2025/03/01 10:39:37,H,GCIB,248,1,HV3 Lens1  Not Turn ON (GCIB),Occurr,2025/03/01 10:39:37
2025/03/01 10:39:39,H,GCIB,249,1,HV4 Lens2  Not Turn ON (GCIB),Occurr,2025/03/01 10:39:39
2025/03/01 10:39:41,H,GCIB,247,1,HV2 Suppressor Not Turn ON (GCIB),Occurr,2025/03/01 10:39:41
2025/03/01 10:40:21,H,GCIB,260,1,High Voltage Unmatch Alarm,Occurr,2025/03/01 10:40:21
2025/03/01 10:41:29,H,Machine,31,1,PK80 DC Power Alarm,Crear,2025/03/01 10:41:29
2025/03/01 10:41:45,H,Machine,31,1,PK80 DC Power Alarm,Occurr,2025/03/01 10:41:45
2025/03/01 10:43:57,H,GCIB,250,1,HV5 Bias  Not Turn ON (GCIB),Crear,2025/03/01 10:43:57
2025/03/01 10:43:57,H,GCIB,246,1,HV1 Accelerator Not Turn ON (GCIB),Crear,2025/03/01 10:43:57
2025/03/01 10:43:57,H,GCIB,248,1,HV3 Lens1  Not Turn ON (GCIB),Crear,2025/03/01 10:43:57
2025/03/01 10:43:57,H,GCIB,249,1,HV4 Lens2  Not Turn ON (GCIB),Crear,2025/03/01 10:43:57
2025/03/01 10:43:57,H,GCIB,247,1,HV2 Suppressor Not Turn ON (GCIB),Crear,2025/03/01 10:43:57
2025/03/01 10:43:57,H,GCIB,260,1,High Voltage Unmatch Alarm,Crear,2025/03/01 10:43:57
2025/03/01 10:44:00,H,GCIB,250,1,HV5 Bias  Not Turn ON (GCIB),Occurr,2025/03/01 10:44:00
2025/03/01 10:44:02,H,GCIB,246,1,HV1 Accelerator Not Turn ON (GCIB),Occurr,2025/03/01 10:44:02
2025/03/01 10:44:04,H,GCIB,248,1,HV3 Lens1  Not Turn ON (GCIB),Occurr,2025/03/01 10:44:04
2025/03/01 10:44:05,H,GCIB,249,1,HV4 Lens2  Not Turn ON (GCIB),Occurr,2025/03/01 10:44:05
2025/03/01 10:44:06,H,GCIB,247,1,HV2 Suppressor Not Turn ON (GCIB),Occurr,2025/03/01 10:44:06
2025/03/01 11:02:34,H,GCIB,250,1,HV5 Bias  Not Turn ON (GCIB),Crear,2025/03/01 11:02:34
2025/03/01 11:02:34,H,GCIB,246,1,HV1 Accelerator Not Turn ON (GCIB),Crear,2025/03/01 11:02:34
2025/03/01 11:02:34,H,GCIB,248,1,HV3 Lens1  Not Turn ON (GCIB),Crear,2025/03/01 11:02:34
2025/03/01 11:02:34,H,GCIB,249,1,HV4 Lens2  Not Turn ON (GCIB),Crear,2025/03/01 11:02:34
2025/03/01 11:02:34,H,GCIB,247,1,HV2 Suppressor Not Turn ON (GCIB),Crear,2025/03/01 11:02:34
2025/03/01 11:06:46,H,Machine,218,1,MFC112 Flow Alarm,Occurr,2025/03/01 11:06:46
2025/03/01 11:18:49,H,Machine,31,1,PK80 DC Power Alarm,Crear,2025/03/01 11:18:49
2025/03/01 11:18:49,H,Machine,218,1,MFC112 Flow Alarm,Crear,2025/03/01 11:18:49
2025/03/01 11:24:27,L,,256,2,APC Pressure Abnormal,Occurr,2025/03/01 11:24:27
2025/03/01 11:29:56,H,Machine,217,1,MFC111 Flow Alarm,Occurr,2025/03/01 11:29:56
2025/03/01 11:29:56,H,Machine,218,1,MFC112 Flow Alarm,Occurr,2025/03/01 11:29:56
2025/03/01 11:30:01,H,Machine,217,1,MFC111 Flow Alarm,Crear,2025/03/01 11:30:01
2025/03/01 11:30:01,H,Machine,218,1,MFC112 Flow Alarm,Crear,2025/03/01 11:30:01
2025/03/01 11:34:32,L,,256,2,APC Pressure Abnormal,Crear,2025/03/01 11:34:32
2025/03/01 15:17:52,L,LC,301,2,LC Upper Wafer Transfer Fail,Occurr,2025/03/01 15:17:52
2025/03/01 15:42:07,L,LC,301,2,LC Upper Wafer Transfer Fail,Crear,2025/03/01 15:42:07
2025/03/01 15:42:12,L,LC,301,2,LC Upper Wafer Transfer Fail,Occurr,2025/03/01 15:42:12
2025/03/01 15:43:58,L,LC,301,2,LC Upper Wafer Transfer Fail,Crear,2025/03/01 15:43:58
2025/03/01 15:44:03,L,LC,301,2,LC Upper Wafer Transfer Fail,Occurr,2025/03/01 15:44:03
2025/03/01 15:55:57,H,TC,295,1,TC Maintenance Door Open Alarm,Occurr,2025/03/01 15:55:57
2025/03/01 15:58:51,L,LC,301,2,LC Upper Wafer Transfer Fail,Crear,2025/03/01 15:58:51
2025/03/01 15:58:51,H,TC,295,1,TC Maintenance Door Open Alarm,Crear,2025/03/01 15:58:51
2025/03/01 15:58:56,L,LC,301,2,LC Upper Wafer Transfer Fail,Occurr,2025/03/01 15:58:56
2025/03/01 15:59:11,L,LC,301,2,LC Upper Wafer Transfer Fail,Crear,2025/03/01 15:59:11
2025/03/01 17:17:53,H,Machine,217,1,MFC111 Flow Alarm,Occurr,2025/03/01 17:17:53
2025/03/01 17:17:54,H,Machine,218,1,MFC112 Flow Alarm,Occurr,2025/03/01 17:17:54
2025/03/01 17:18:55,H,Machine,217,1,MFC111 Flow Alarm,Crear,2025/03/01 17:18:55
2025/03/01 17:18:55,H,Machine,218,1,MFC112 Flow Alarm,Crear,2025/03/01 17:18:55
