//チャンバー情報
//項目名, MonDevice, SetDevice, Tag, 単位, FullScale, RangeMin, RangeMax,Format
Beam Current(Fixing),D310,, IO, uA,1000, 0,1000,000.0
Beam Current(Moving),D330,, IO, uA,1000, 0,1000,0.00
Accelerator Current,D311,D1100, IO, mA,5000, 0,5.00,0.00
Accelerator Voltage,D312,D1101, I0, kV,6000, 0,60.00,0.00
Lens1 Current,D313,D1102, I0, mA,2500, 0,2.50,0.00
Lens1 Voltage,D314,D1103, I0, kV,6000, 0,60.00,0.00
Lens2 Current,D315,D1104, I0, mA,5000, 0,5.00,0.00
Lens2 Voltage,D316,D1105, I0, kV,6000, 0,60.00,0.00
Bias Current Setting,D317,D1106, I0, mA,5000, 0,5.00,0.00
Bias Voltage Setting,D318,D1107, I0, kV,3000, 0,30.00,0.00
Suppressor Current,D319,D1108, I0, mA,3000, 0,3.00,0.00
Suppressor Voltage,D320,D1109, I0, kV,2000, 0,20.00,0.00

Arc Current,D321,D1110, I0, mA,5000, 0,500.0,0.0
Arc Voltage,D322,D1111, I0, V,5000, 0,500.0,0.0
Filament Current,D323,D1112, I0, A,8000, 0,80.00,0.00
Filament Voltage,D324,D1113, I0, V,70, 0,7.0,0.00
Neutralizer extracation Current,D325,D1114, I0, mA,8000, 0,800.0,0.0
Neutralizer extracation Volt,D326,D1115, I0, V,5000, 0,500.0,0.0
Neutralizer filamen Curren,D327,D1116, I0, A,4000, 0,40.00,0.00
Neutralizer filamen Voltage,D328,D1117, I0, V,70, 0,7.00,0.00
,,,,,,,,
APC pressuure,D329,D1120, I0, MPa,1000, 0,1.000,0.000

MFC101 Flow Ar,D300,D1140, I0, sccm,1000, 0,100.0,0.0
MFC102 Flow Ar,D301,D1144, I0, sccm,1000, 0,100.0,0.0
MFC103 Flow ,D302,D1148, I0, sccm,2000, 0,2000,0
MFC104 Flow ,D303,D1152, I0, sccm,2000, 0,2000,0
MFC111 Flow NF3,D304,D1156, I0, sccm,1700, 0,170.0,0.0
MFC112 Flow N2,D305,D1160, I0, sccm,1000, 0,1000,0
MFC113 Flow Ar,D306,D1164, I0, sccm,1000, 0,1000,0
MFC114 Flow O2,D307,D1168, I0, sccm,1000, 0,1000,0
,,,,,,,,
Beam Start Level,,D1130, I0, %,100, 0,100,0
Beam Ramp Up Level,,D1131, I0, %,100, 0,100,0
Beam SRamp Up Time,,D1132, I0, min,120, 0,120,0
,,,,,,,,
Neutralizer Use,,D1133, I0, ,1, 0,1,0
Data Profile Use,,D1134, I0, ,1, 0,1,0
