﻿//基本：先頭列に//を入れるとコメント扱いになりデータしては扱わない
//ロボットやバルブなどのコントロール名と画像ファイルを紐づける,,,,,,,
//コントロール名をKeyとして画像Noを指定して描画するなど,,,,,,,
//画像数はランダムで無限,,,,,,,
//!! Tagの所には何かしら文字列を入れる 何も入れないと登録されないので注意
//コントロール名,Command Adrress, Command No,DlgMessage,Buutton Name,Monitor Address,Type,Value(0-9999), 画像1 (0), 画像2 (1), 画像3 (2), 画像4 (3), 画像1 (0), 画像2 (1), 画像3 (2), 画像4 (3), 画像5 (4)
pnlVacRobot,,,,,1007,Number,,RobotRet0.png, RobotRet1.png, RobotRet2.png, RobotRet3.png, RobotExt1_ArmA.png, RobotExt1_ArmB.png, RobotExt2_ArmA.png, RobotExt2_ArmB.png, RobotExt3_ArmA.png, RobotExt3_ArmB.png