2025/03/22 09:56:57,Scheduler,Lot Cancel:Skip,Port:1 Slotr No:1
2025/03/22 09:56:57,Scheduler,Lot Cancel:Skip,Port:1 Slotr No:2
2025/03/22 09:56:57,Scheduler,Lot Cancel:Skip,Port:1 Slotr No:3
2025/03/22 09:56:57,Scheduler,Lot Cancel:Skip,Port:1 Slotr No:4
2025/03/22 09:56:57,Scheduler,Lot Cancel:Skip,Port:1 Slotr No:6
2025/03/22 09:56:57,Scheduler,Lot Cancel:Skip,Port:1 Slotr No:7
2025/03/22 09:56:57,Scheduler,Lot Cancel:Skip,Port:1 Slotr No:9
2025/03/22 09:56:57,Scheduler,Lot Cancel:Skip,Port:1 Slotr No:11
2025/03/22 09:56:57,Scheduler,Lot Cancel:Skip,Port:1 Slotr No:12
2025/03/22 09:56:57,Scheduler,Lot Cancel:Skip,Port:1 Slotr No:13
2025/03/22 09:56:57,Scheduler,Lot Cancel:Skip,Port:1 Slotr No:14
2025/03/22 09:56:57,Scheduler,Lot Cancel:Skip,Port:1 Slotr No:15
2025/03/22 09:56:57,Scheduler,Lot Cancel:Skip,Port:1 Slotr No:17
2025/03/22 09:56:57,Scheduler,Lot Cancel:Skip,Port:1 Slotr No:19
2025/03/22 09:56:57,Scheduler,Lot Cancel:Skip,Port:1 Slotr No:20
2025/03/22 12:22:34,Scheduler,Lot Cancel:Skip,Port:2 Slotr No:26
2025/03/22 12:22:34,Scheduler,Lot Cancel:Skip,Port:2 Slotr No:27
2025/03/22 12:22:34,Scheduler,Lot Cancel:Skip,Port:2 Slotr No:28
2025/03/22 12:22:34,Scheduler,Lot Cancel:Skip,Port:2 Slotr No:29
2025/03/22 12:22:34,Scheduler,Lot Cancel:Skip,Port:2 Slotr No:30
2025/03/22 12:22:34,Scheduler,Lot Cancel:Skip,Port:2 Slotr No:31
2025/03/22 12:22:34,Scheduler,Lot Cancel:Skip,Port:2 Slotr No:32
2025/03/22 12:22:34,Scheduler,Lot Cancel:Skip,Port:2 Slotr No:33
2025/03/22 12:22:34,Scheduler,Lot Cancel:Skip,Port:2 Slotr No:34
2025/03/22 12:22:34,Scheduler,Lot Cancel:Skip,Port:2 Slotr No:35
2025/03/22 12:22:34,Scheduler,Lot Cancel:Skip,Port:2 Slotr No:36
2025/03/22 12:22:34,Scheduler,Lot Cancel:Skip,Port:2 Slotr No:37
2025/03/22 12:22:34,Scheduler,Lot Cancel:Skip,Port:2 Slotr No:38
2025/03/22 12:22:34,Scheduler,Lot Cancel:Skip,Port:2 Slotr No:39
2025/03/22 12:23:22,Scheduler,LotInfo,SlotNo:01 1901,Scan Recipe1,T,1201,
2025/03/22 12:23:22,Scheduler,LotInfo,SlotNo:02 1,Scan Recipe2,F,1202,
2025/03/22 12:23:22,Scheduler,LotInfo,SlotNo:03 1,Scan Recipe3,F,1203,
2025/03/22 12:23:22,Scheduler,LotInfo,SlotNo:04 1,Scan Recipe4,F,1204,
2025/03/22 12:23:22,Scheduler,LotInfo,SlotNo:05 1,Scan Recipe5,F,0,
2025/03/22 12:23:22,Scheduler,LotInfo,SlotNo:06 1,Scan Recipe6,F,1206,
2025/03/22 12:23:22,Scheduler,LotInfo,SlotNo:07 1,Scan Recipe7,F,1207,
2025/03/22 12:23:22,Scheduler,LotInfo,SlotNo:08 1,Scan Recipe8,F,0,
2025/03/22 12:23:22,Scheduler,LotInfo,SlotNo:09 1,Scan Recipe9,F,1209,
2025/03/22 12:23:22,Scheduler,LotInfo,SlotNo:10 1,Scan Recipe10,F,0,
2025/03/22 12:23:22,Scheduler,LotInfo,SlotNo:11 1,Scan Recipe11,F,1211,
2025/03/22 12:23:22,Scheduler,LotInfo,SlotNo:12 1,Scan Recipe12,F,1212,
2025/03/22 12:23:22,Scheduler,LotInfo,SlotNo:13 1,Scan Recipe13,F,1213,
2025/03/22 12:23:22,Scheduler,LotInfo,SlotNo:14 1,Scan Recipe14,F,1214,
2025/03/22 12:23:22,Scheduler,LotInfo,SlotNo:15 1,Scan Recipe15,F,1215,
2025/03/22 12:23:22,Scheduler,LotInfo,SlotNo:16 1,Scan Recipe16,F,0,
2025/03/22 12:23:22,Scheduler,LotInfo,SlotNo:17 1,Scan Recipe17,F,1217,
2025/03/22 12:23:22,Scheduler,LotInfo,SlotNo:18 1,Scan Recipe18,F,0,
2025/03/22 12:23:22,Scheduler,LotInfo,SlotNo:19 1,Scan Recipe19,F,1219,
2025/03/22 12:23:22,Scheduler,LotInfo,SlotNo:20 1,Scan Recipe20,F,1220,
2025/03/22 12:23:22,Scheduler,LotInfo,SlotNo:21 1,Scan Recipe21,F,0,
2025/03/22 12:23:22,Scheduler,LotInfo,SlotNo:22 1,Scan Recipe22,F,0,
2025/03/22 12:23:22,Scheduler,LotInfo,SlotNo:23 1,Scan Recipe23,F,0,
2025/03/22 12:23:22,Scheduler,LotInfo,SlotNo:24 1,Scan Recipe24,F,0,
2025/03/22 12:23:22,Scheduler,LotInfo,SlotNo:25 1,Scan Recipe25,F,0,
2025/03/22 12:24:56,Scheduler,SetupHandOff,Rotate Only 2:2,1,2,D,True
2025/03/22 12:24:57,Scheduler,Transport,SetTransCompleteCheckInfo,Get Unit:2 Slot:1 Hand:2 Work:1201
2025/03/22 12:25:05,Scheduler,PlusStep,SlotNo:01 Step:3
2025/03/22 12:25:05,Scheduler,PlusStep,RESULT ROUTE:, 201GA
2025/03/22 12:25:05,Scheduler,Transport,TransComplete Unit:2 Work:1201
2025/03/22 12:25:05,Scheduler,SetupHandOff,Rotate Only 2:3,1,2,U,True
2025/03/22 12:25:11,Scheduler,Transport,SetTransCompleteCheckInfo,Put Unit:3 Slot:1 Hand:2 Work:1201
2025/03/22 12:25:11,Scheduler,Recipe Load,Unit No,3
2025/03/22 12:25:11,Scheduler,Recipe Load,Scan Recipe,C:\Measure\Bak\LotID_154043\1201_0322122344\Recipe_auto_1-1201.csv
2025/03/22 12:25:19,Scheduler,PlusStep,SlotNo:01 Step:4
2025/03/22 12:25:19,Scheduler,PlusStep,RESULT ROUTE:,201GA, 301PA
2025/03/22 12:25:19,Scheduler,Transport,TransComplete Unit:3 Work:1201
2025/03/22 12:33:12,Scheduler,Transport,SetTransCompleteCheckInfo,Get Unit:3 Slot:1 Hand:1 Work:1201
2025/03/22 12:33:21,Scheduler,PlusStep,SlotNo:01 Step:5
2025/03/22 12:33:21,Scheduler,PlusStep,RESULT ROUTE:,201GA,301PA, 301GB
2025/03/22 12:33:21,Scheduler,Transport,TransComplete Unit:3 Work:1201
2025/03/22 12:33:21,Scheduler,SetupHandOff,Rotate Only 2:1,1,1,U,True
2025/03/22 12:33:28,Scheduler,Transport,SetTransCompleteCheckInfo,Put Unit:1 Slot:1 Hand:1 Work:1201
2025/03/22 12:33:28,Scheduler,Recipe Load,Unit No,1
2025/03/22 12:33:35,Scheduler,PlusStep,SlotNo:01 Step:6
2025/03/22 12:33:35,Scheduler,PlusStep,RESULT ROUTE:,201GA,301PA,301GB, 101PB
2025/03/22 12:33:35,Scheduler,Transport,TransComplete Unit:1 Work:1201
2025/03/22 12:41:42,Scheduler,LotInfo,SlotNo:01 Recipe_auto_1-1201,Scan Recipe1,F,1201,B20TC-S5-B20-1
2025/03/22 12:41:42,Scheduler,LotInfo,SlotNo:02 1902,Scan Recipe2,T,1202,
2025/03/22 12:41:42,Scheduler,LotInfo,SlotNo:03 1903,Scan Recipe3,T,1203,
2025/03/22 12:41:42,Scheduler,LotInfo,SlotNo:04 1904,Scan Recipe4,T,1204,
2025/03/22 12:41:42,Scheduler,LotInfo,SlotNo:05 1,Scan Recipe5,F,0,
2025/03/22 12:41:42,Scheduler,LotInfo,SlotNo:06 1906,Scan Recipe6,T,1206,
2025/03/22 12:41:42,Scheduler,LotInfo,SlotNo:07 1907,Scan Recipe7,T,1207,
2025/03/22 12:41:42,Scheduler,LotInfo,SlotNo:08 1,Scan Recipe8,F,0,
2025/03/22 12:41:42,Scheduler,LotInfo,SlotNo:09 1909,Scan Recipe9,T,1209,
2025/03/22 12:41:42,Scheduler,LotInfo,SlotNo:10 1,Scan Recipe10,F,0,
2025/03/22 12:41:42,Scheduler,LotInfo,SlotNo:11 1911,Scan Recipe11,T,1211,
2025/03/22 12:41:42,Scheduler,LotInfo,SlotNo:12 1912,Scan Recipe12,T,1212,
2025/03/22 12:41:42,Scheduler,LotInfo,SlotNo:13 1913,Scan Recipe13,T,1213,
2025/03/22 12:41:42,Scheduler,LotInfo,SlotNo:14 1914,Scan Recipe14,T,1214,
2025/03/22 12:41:42,Scheduler,LotInfo,SlotNo:15 1915,Scan Recipe15,T,1215,
2025/03/22 12:41:42,Scheduler,LotInfo,SlotNo:16 1,Scan Recipe16,F,0,
2025/03/22 12:41:42,Scheduler,LotInfo,SlotNo:17 1917,Scan Recipe17,T,1217,
2025/03/22 12:41:42,Scheduler,LotInfo,SlotNo:18 1,Scan Recipe18,F,0,
2025/03/22 12:41:42,Scheduler,LotInfo,SlotNo:19 1919,Scan Recipe19,T,1219,
2025/03/22 12:41:42,Scheduler,LotInfo,SlotNo:20 1920,Scan Recipe20,T,1220,
2025/03/22 12:41:42,Scheduler,LotInfo,SlotNo:21 1,Scan Recipe21,F,0,
2025/03/22 12:41:42,Scheduler,LotInfo,SlotNo:22 1,Scan Recipe22,F,0,
2025/03/22 12:41:42,Scheduler,LotInfo,SlotNo:23 1,Scan Recipe23,F,0,
2025/03/22 12:41:42,Scheduler,LotInfo,SlotNo:24 1,Scan Recipe24,F,0,
2025/03/22 12:41:42,Scheduler,LotInfo,SlotNo:25 1,Scan Recipe25,F,0,
2025/03/22 12:42:10,Scheduler,LotInfo,SlotNo:26 2401,Scan Recipe1,T,2401,
2025/03/22 12:42:10,Scheduler,LotInfo,SlotNo:27 2402,Scan Recipe2,T,2402,
2025/03/22 12:42:10,Scheduler,LotInfo,SlotNo:28 2403,Scan Recipe3,T,2403,
2025/03/22 12:42:10,Scheduler,LotInfo,SlotNo:29 2404,Scan Recipe4,T,2404,
2025/03/22 12:42:10,Scheduler,LotInfo,SlotNo:30 2405,Scan Recipe5,T,2405,
2025/03/22 12:42:10,Scheduler,LotInfo,SlotNo:31 2406,Scan Recipe6,T,2406,
2025/03/22 12:42:10,Scheduler,LotInfo,SlotNo:32 2407,Scan Recipe7,T,2407,
2025/03/22 12:42:10,Scheduler,LotInfo,SlotNo:33 2408,Scan Recipe8,T,2408,
2025/03/22 12:42:10,Scheduler,LotInfo,SlotNo:34 2409,Scan Recipe9,T,2409,
2025/03/22 12:42:10,Scheduler,LotInfo,SlotNo:35 2410,Scan Recipe10,T,2410,
2025/03/22 12:42:10,Scheduler,LotInfo,SlotNo:36 2411,Scan Recipe11,T,2411,
2025/03/22 12:42:10,Scheduler,LotInfo,SlotNo:37 2412,Scan Recipe12,T,2412,
2025/03/22 12:42:10,Scheduler,LotInfo,SlotNo:38 2413,Scan Recipe13,T,2413,
2025/03/22 12:42:10,Scheduler,LotInfo,SlotNo:39 2414,Scan Recipe14,T,2414,
2025/03/22 12:42:10,Scheduler,LotInfo,SlotNo:40 1,Scan Recipe15,F,0,
2025/03/22 12:42:10,Scheduler,LotInfo,SlotNo:41 1,Scan Recipe16,F,0,
2025/03/22 12:42:10,Scheduler,LotInfo,SlotNo:42 1,Scan Recipe17,F,0,
2025/03/22 12:42:10,Scheduler,LotInfo,SlotNo:43 1,Scan Recipe18,F,0,
2025/03/22 12:42:10,Scheduler,LotInfo,SlotNo:44 1,Scan Recipe19,F,0,
2025/03/22 12:42:10,Scheduler,LotInfo,SlotNo:45 1,Scan Recipe20,F,0,
2025/03/22 12:42:10,Scheduler,LotInfo,SlotNo:46 1,Scan Recipe21,F,0,
2025/03/22 12:42:10,Scheduler,LotInfo,SlotNo:47 1,Scan Recipe22,F,0,
2025/03/22 12:42:10,Scheduler,LotInfo,SlotNo:48 1,Scan Recipe23,F,0,
2025/03/22 12:42:10,Scheduler,LotInfo,SlotNo:49 1,Scan Recipe24,F,0,
2025/03/22 12:42:10,Scheduler,LotInfo,SlotNo:50 1,Scan Recipe25,F,0,
2025/03/22 12:43:20,Scheduler,SetupHandOff,Rotate Only 2:2,2,2,D,True
2025/03/22 12:43:21,Scheduler,Transport,SetTransCompleteCheckInfo,Get Unit:2 Slot:2 Hand:2 Work:1202
2025/03/22 12:43:29,Scheduler,PlusStep,SlotNo:02 Step:3
2025/03/22 12:43:29,Scheduler,PlusStep,RESULT ROUTE:, 202GA
2025/03/22 12:43:29,Scheduler,Transport,TransComplete Unit:2 Work:1202
2025/03/22 12:43:29,Scheduler,SetupHandOff,Rotate Only 2:3,2,2,U,True
2025/03/22 12:43:35,Scheduler,Transport,SetTransCompleteCheckInfo,Put Unit:3 Slot:2 Hand:2 Work:1202
2025/03/22 12:43:35,Scheduler,Recipe Load,Unit No,3
2025/03/22 12:43:35,Scheduler,Recipe Load,Scan Recipe,C:\Measure\Bak\LotID_154043\1202_0322124205\Recipe_auto_2-1202.csv
2025/03/22 12:43:42,Scheduler,PlusStep,SlotNo:02 Step:4
2025/03/22 12:43:42,Scheduler,PlusStep,RESULT ROUTE:,202GA, 302PA
2025/03/22 12:43:42,Scheduler,Transport,TransComplete Unit:3 Work:1202
2025/03/22 12:45:15,Scheduler,SetupHandOff,Rotate Only 2:2,3,2,D,True
2025/03/22 12:45:20,Scheduler,Transport,SetTransCompleteCheckInfo,Get Unit:2 Slot:3 Hand:2 Work:1203
2025/03/22 12:45:28,Scheduler,PlusStep,SlotNo:03 Step:3
2025/03/22 12:45:28,Scheduler,PlusStep,RESULT ROUTE:, 203GA
2025/03/22 12:45:28,Scheduler,Transport,TransComplete Unit:2 Work:1203
2025/03/22 12:45:28,Scheduler,SetupHandOff,Rotate Only 1
2025/03/22 12:45:28,Scheduler,SetupHandOff,Status:3,3,GOTO,D,True
2025/03/22 12:51:43,Scheduler,Transport,SetTransCompleteCheckInfo,Get Unit:3 Slot:1 Hand:1 Work:1202
2025/03/22 12:51:53,Scheduler,PlusStep,SlotNo:02 Step:5
2025/03/22 12:51:53,Scheduler,PlusStep,RESULT ROUTE:,202GA,302PA, 302GB
2025/03/22 12:51:53,Scheduler,Transport,TransComplete Unit:3 Work:1202
2025/03/22 12:51:53,Scheduler,Transport,SetTransCompleteCheckInfo,Put Unit:3 Slot:3 Hand:2 Work:1203
2025/03/22 12:51:53,Scheduler,Recipe Load,Unit No,3
2025/03/22 12:51:53,Scheduler,Recipe Load,Scan Recipe,C:\Measure\Bak\LotID_154043\1203_0322124401\Recipe_auto_3-1203.csv
2025/03/22 12:52:03,Scheduler,PlusStep,SlotNo:03 Step:4
2025/03/22 12:52:03,Scheduler,PlusStep,RESULT ROUTE:,203GA, 303PA
2025/03/22 12:52:03,Scheduler,Transport,TransComplete Unit:3 Work:1203
2025/03/22 12:52:03,Scheduler,SetupHandOff,Rotate Only 2:1,2,1,U,True
2025/03/22 12:52:10,Scheduler,Transport,SetTransCompleteCheckInfo,Put Unit:1 Slot:2 Hand:1 Work:1202
2025/03/22 12:52:10,Scheduler,Recipe Load,Unit No,1
2025/03/22 12:52:17,Scheduler,PlusStep,SlotNo:02 Step:6
2025/03/22 12:52:17,Scheduler,PlusStep,RESULT ROUTE:,202GA,302PA,302GB, 102PB
2025/03/22 12:52:17,Scheduler,Transport,TransComplete Unit:1 Work:1202
2025/03/22 12:52:17,Scheduler,SetupHandOff,Rotate Only 2:2,4,2,D,True
2025/03/22 12:52:19,Scheduler,Transport,SetTransCompleteCheckInfo,Get Unit:2 Slot:4 Hand:2 Work:1204
2025/03/22 12:52:26,Scheduler,PlusStep,SlotNo:04 Step:3
2025/03/22 12:52:26,Scheduler,PlusStep,RESULT ROUTE:, 204GA
2025/03/22 12:52:26,Scheduler,Transport,TransComplete Unit:2 Work:1204
2025/03/22 12:52:26,Scheduler,SetupHandOff,Rotate Only 1
2025/03/22 12:52:26,Scheduler,SetupHandOff,Status:3,4,GOTO,D,True
2025/03/22 12:56:44,Scheduler,Transport,SetTransCompleteCheckInfo,Get Unit:3 Slot:1 Hand:1 Work:1203
2025/03/22 12:56:54,Scheduler,PlusStep,SlotNo:03 Step:5
2025/03/22 12:56:54,Scheduler,PlusStep,RESULT ROUTE:,203GA,303PA, 303GB
2025/03/22 12:56:54,Scheduler,Transport,TransComplete Unit:3 Work:1203
2025/03/22 12:56:54,Scheduler,Transport,SetTransCompleteCheckInfo,Put Unit:3 Slot:4 Hand:2 Work:1204
2025/03/22 12:56:54,Scheduler,Recipe Load,Unit No,3
2025/03/22 12:56:54,Scheduler,Recipe Load,Scan Recipe,C:\Measure\Bak\LotID_154043\1204_0322124600\Recipe_auto_4-1204.csv
2025/03/22 12:57:04,Scheduler,PlusStep,SlotNo:04 Step:4
2025/03/22 12:57:04,Scheduler,PlusStep,RESULT ROUTE:,204GA, 304PA
2025/03/22 12:57:04,Scheduler,Transport,TransComplete Unit:3 Work:1204
2025/03/22 12:57:04,Scheduler,SetupHandOff,Rotate Only 2:1,3,1,U,True
2025/03/22 12:57:11,Scheduler,Transport,SetTransCompleteCheckInfo,Put Unit:1 Slot:3 Hand:1 Work:1203
2025/03/22 12:57:11,Scheduler,Recipe Load,Unit No,1
2025/03/22 12:57:18,Scheduler,PlusStep,SlotNo:03 Step:6
2025/03/22 12:57:18,Scheduler,PlusStep,RESULT ROUTE:,203GA,303PA,303GB, 103PB
2025/03/22 12:57:18,Scheduler,Transport,TransComplete Unit:1 Work:1203
2025/03/22 12:57:18,Scheduler,SetupHandOff,Rotate Only 2:2,6,2,D,True
2025/03/22 12:57:20,Scheduler,Transport,SetTransCompleteCheckInfo,Get Unit:2 Slot:6 Hand:2 Work:1206
2025/03/22 12:57:27,Scheduler,PlusStep,SlotNo:06 Step:3
2025/03/22 12:57:27,Scheduler,PlusStep,RESULT ROUTE:, 206GA
2025/03/22 12:57:27,Scheduler,Transport,TransComplete Unit:2 Work:1206
2025/03/22 12:57:27,Scheduler,SetupHandOff,Rotate Only 1
2025/03/22 12:57:27,Scheduler,SetupHandOff,Status:3,6,GOTO,D,True
2025/03/22 13:03:09,Scheduler,Transport,SetTransCompleteCheckInfo,Get Unit:3 Slot:1 Hand:1 Work:1204
2025/03/22 13:03:19,Scheduler,PlusStep,SlotNo:04 Step:5
2025/03/22 13:03:19,Scheduler,PlusStep,RESULT ROUTE:,204GA,304PA, 304GB
2025/03/22 13:03:19,Scheduler,Transport,TransComplete Unit:3 Work:1204
2025/03/22 13:03:19,Scheduler,Transport,SetTransCompleteCheckInfo,Put Unit:3 Slot:6 Hand:2 Work:1206
2025/03/22 13:03:19,Scheduler,Recipe Load,Unit No,3
2025/03/22 13:03:19,Scheduler,Recipe Load,Scan Recipe,C:\Measure\Bak\LotID_154043\1206_0322125344\Recipe_auto_5-1206.csv
2025/03/22 13:03:29,Scheduler,PlusStep,SlotNo:06 Step:4
2025/03/22 13:03:29,Scheduler,PlusStep,RESULT ROUTE:,206GA, 306PA
2025/03/22 13:03:29,Scheduler,Transport,TransComplete Unit:3 Work:1206
2025/03/22 13:03:29,Scheduler,SetupHandOff,Rotate Only 2:1,4,1,U,True
2025/03/22 13:03:36,Scheduler,Transport,SetTransCompleteCheckInfo,Put Unit:1 Slot:4 Hand:1 Work:1204
2025/03/22 13:03:36,Scheduler,Recipe Load,Unit No,1
2025/03/22 13:03:43,Scheduler,PlusStep,SlotNo:04 Step:6
2025/03/22 13:03:43,Scheduler,PlusStep,RESULT ROUTE:,204GA,304PA,304GB, 104PB
2025/03/22 13:03:43,Scheduler,Transport,TransComplete Unit:1 Work:1204
2025/03/22 13:03:43,Scheduler,SetupHandOff,Rotate Only 2:2,7,2,D,True
2025/03/22 13:03:45,Scheduler,Transport,SetTransCompleteCheckInfo,Get Unit:2 Slot:7 Hand:2 Work:1207
2025/03/22 13:03:53,Scheduler,PlusStep,SlotNo:07 Step:3
2025/03/22 13:03:53,Scheduler,PlusStep,RESULT ROUTE:, 207GA
2025/03/22 13:03:53,Scheduler,Transport,TransComplete Unit:2 Work:1207
2025/03/22 13:03:53,Scheduler,SetupHandOff,Rotate Only 1
2025/03/22 13:03:53,Scheduler,SetupHandOff,Status:3,7,GOTO,D,True
2025/03/22 13:11:09,Scheduler,Transport,SetTransCompleteCheckInfo,Get Unit:3 Slot:1 Hand:1 Work:1206
2025/03/22 13:11:18,Scheduler,PlusStep,SlotNo:06 Step:5
2025/03/22 13:11:18,Scheduler,PlusStep,RESULT ROUTE:,206GA,306PA, 306GB
2025/03/22 13:11:18,Scheduler,Transport,TransComplete Unit:3 Work:1206
2025/03/22 13:11:19,Scheduler,Transport,SetTransCompleteCheckInfo,Put Unit:3 Slot:7 Hand:2 Work:1207
2025/03/22 13:11:19,Scheduler,Recipe Load,Unit No,3
2025/03/22 13:11:19,Scheduler,Recipe Load,Scan Recipe,C:\Measure\Bak\LotID_154043\1207_0322125845\Recipe_auto_6-1207.csv
2025/03/22 13:11:29,Scheduler,PlusStep,SlotNo:07 Step:4
2025/03/22 13:11:29,Scheduler,PlusStep,RESULT ROUTE:,207GA, 307PA
2025/03/22 13:11:29,Scheduler,Transport,TransComplete Unit:3 Work:1207
2025/03/22 13:11:29,Scheduler,SetupHandOff,Rotate Only 2:1,6,1,U,True
2025/03/22 13:11:36,Scheduler,Transport,SetTransCompleteCheckInfo,Put Unit:1 Slot:6 Hand:1 Work:1206
2025/03/22 13:11:36,Scheduler,Recipe Load,Unit No,1
2025/03/22 13:11:43,Scheduler,PlusStep,SlotNo:06 Step:6
2025/03/22 13:11:43,Scheduler,PlusStep,RESULT ROUTE:,206GA,306PA,306GB, 106PB
2025/03/22 13:11:43,Scheduler,Transport,TransComplete Unit:1 Work:1206
2025/03/22 13:11:43,Scheduler,SetupHandOff,Rotate Only 2:2,9,2,D,True
2025/03/22 13:11:45,Scheduler,Transport,SetTransCompleteCheckInfo,Get Unit:2 Slot:9 Hand:2 Work:1209
2025/03/22 13:11:52,Scheduler,PlusStep,SlotNo:09 Step:3
2025/03/22 13:11:52,Scheduler,PlusStep,RESULT ROUTE:, 209GA
2025/03/22 13:11:52,Scheduler,Transport,TransComplete Unit:2 Work:1209
2025/03/22 13:11:52,Scheduler,SetupHandOff,Rotate Only 1
2025/03/22 13:11:52,Scheduler,SetupHandOff,Status:3,9,GOTO,D,True
2025/03/22 13:16:40,Scheduler,Transport,SetTransCompleteCheckInfo,Get Unit:3 Slot:1 Hand:1 Work:1207
2025/03/22 13:16:50,Scheduler,PlusStep,SlotNo:07 Step:5
2025/03/22 13:16:50,Scheduler,PlusStep,RESULT ROUTE:,207GA,307PA, 307GB
2025/03/22 13:16:50,Scheduler,Transport,TransComplete Unit:3 Work:1207
2025/03/22 13:16:50,Scheduler,Transport,SetTransCompleteCheckInfo,Put Unit:3 Slot:9 Hand:2 Work:1209
2025/03/22 13:16:50,Scheduler,Recipe Load,Unit No,3
2025/03/22 13:16:50,Scheduler,Recipe Load,Scan Recipe,C:\Measure\Bak\LotID_154043\1209_0322130510\Recipe_auto_7-1209.csv
2025/03/22 13:17:01,Scheduler,PlusStep,SlotNo:09 Step:4
2025/03/22 13:17:01,Scheduler,PlusStep,RESULT ROUTE:,209GA, 309PA
2025/03/22 13:17:01,Scheduler,Transport,TransComplete Unit:3 Work:1209
2025/03/22 13:17:01,Scheduler,SetupHandOff,Rotate Only 2:1,7,1,U,True
2025/03/22 13:17:07,Scheduler,Transport,SetTransCompleteCheckInfo,Put Unit:1 Slot:7 Hand:1 Work:1207
2025/03/22 13:17:07,Scheduler,Recipe Load,Unit No,1
2025/03/22 13:17:15,Scheduler,PlusStep,SlotNo:07 Step:6
2025/03/22 13:17:15,Scheduler,PlusStep,RESULT ROUTE:,207GA,307PA,307GB, 107PB
2025/03/22 13:17:15,Scheduler,Transport,TransComplete Unit:1 Work:1207
2025/03/22 13:17:15,Scheduler,SetupHandOff,Rotate Only 2:2,11,2,D,True
2025/03/22 13:17:16,Scheduler,Transport,SetTransCompleteCheckInfo,Get Unit:2 Slot:11 Hand:2 Work:1211
2025/03/22 13:17:24,Scheduler,PlusStep,SlotNo:11 Step:3
2025/03/22 13:17:24,Scheduler,PlusStep,RESULT ROUTE:, 211GA
2025/03/22 13:17:24,Scheduler,Transport,TransComplete Unit:2 Work:1211
2025/03/22 13:17:24,Scheduler,SetupHandOff,Rotate Only 1
2025/03/22 13:17:24,Scheduler,SetupHandOff,Status:3,11,GOTO,D,True
2025/03/22 13:22:42,Scheduler,Transport,SetTransCompleteCheckInfo,Get Unit:3 Slot:1 Hand:1 Work:1209
2025/03/22 13:22:52,Scheduler,PlusStep,SlotNo:09 Step:5
2025/03/22 13:22:52,Scheduler,PlusStep,RESULT ROUTE:,209GA,309PA, 309GB
2025/03/22 13:22:52,Scheduler,Transport,TransComplete Unit:3 Work:1209
2025/03/22 13:22:52,Scheduler,Transport,SetTransCompleteCheckInfo,Put Unit:3 Slot:11 Hand:2 Work:1211
2025/03/22 13:22:52,Scheduler,Recipe Load,Unit No,3
2025/03/22 13:22:52,Scheduler,Recipe Load,Scan Recipe,C:\Measure\Bak\LotID_154043\1211_0322131310\Recipe_auto_8-1211.csv
2025/03/22 13:23:02,Scheduler,PlusStep,SlotNo:11 Step:4
2025/03/22 13:23:02,Scheduler,PlusStep,RESULT ROUTE:,211GA, 311PA
2025/03/22 13:23:02,Scheduler,Transport,TransComplete Unit:3 Work:1211
2025/03/22 13:23:02,Scheduler,SetupHandOff,Rotate Only 2:1,9,1,U,True
2025/03/22 13:23:09,Scheduler,Transport,SetTransCompleteCheckInfo,Put Unit:1 Slot:9 Hand:1 Work:1209
2025/03/22 13:23:09,Scheduler,Recipe Load,Unit No,1
2025/03/22 13:23:16,Scheduler,PlusStep,SlotNo:09 Step:6
2025/03/22 13:23:16,Scheduler,PlusStep,RESULT ROUTE:,209GA,309PA,309GB, 109PB
2025/03/22 13:23:16,Scheduler,Transport,TransComplete Unit:1 Work:1209
2025/03/22 13:23:16,Scheduler,SetupHandOff,Rotate Only 2:2,12,2,D,True
2025/03/22 13:23:18,Scheduler,Transport,SetTransCompleteCheckInfo,Get Unit:2 Slot:12 Hand:2 Work:1212
2025/03/22 13:23:25,Scheduler,PlusStep,SlotNo:12 Step:3
2025/03/22 13:23:25,Scheduler,PlusStep,RESULT ROUTE:, 212GA
2025/03/22 13:23:25,Scheduler,Transport,TransComplete Unit:2 Work:1212
2025/03/22 13:23:25,Scheduler,SetupHandOff,Rotate Only 1
2025/03/22 13:23:25,Scheduler,SetupHandOff,Status:3,12,GOTO,D,True
2025/03/22 13:27:42,Scheduler,Transport,SetTransCompleteCheckInfo,Get Unit:3 Slot:1 Hand:1 Work:1211
2025/03/22 13:27:52,Scheduler,PlusStep,SlotNo:11 Step:5
2025/03/22 13:27:52,Scheduler,PlusStep,RESULT ROUTE:,211GA,311PA, 311GB
2025/03/22 13:27:52,Scheduler,Transport,TransComplete Unit:3 Work:1211
2025/03/22 13:27:52,Scheduler,Transport,SetTransCompleteCheckInfo,Put Unit:3 Slot:12 Hand:2 Work:1212
2025/03/22 13:27:52,Scheduler,Recipe Load,Unit No,3
2025/03/22 13:27:52,Scheduler,Recipe Load,Scan Recipe,C:\Measure\Bak\LotID_154043\1212_0322131841\Recipe_auto_9-1212.csv
2025/03/22 13:28:02,Scheduler,PlusStep,SlotNo:12 Step:4
2025/03/22 13:28:02,Scheduler,PlusStep,RESULT ROUTE:,212GA, 312PA
2025/03/22 13:28:02,Scheduler,Transport,TransComplete Unit:3 Work:1212
2025/03/22 13:28:02,Scheduler,SetupHandOff,Rotate Only 2:1,11,1,U,True
2025/03/22 13:28:09,Scheduler,Transport,SetTransCompleteCheckInfo,Put Unit:1 Slot:11 Hand:1 Work:1211
2025/03/22 13:28:09,Scheduler,Recipe Load,Unit No,1
2025/03/22 13:28:16,Scheduler,PlusStep,SlotNo:11 Step:6
2025/03/22 13:28:16,Scheduler,PlusStep,RESULT ROUTE:,211GA,311PA,311GB, 111PB
2025/03/22 13:28:16,Scheduler,Transport,TransComplete Unit:1 Work:1211
2025/03/22 13:28:16,Scheduler,SetupHandOff,Rotate Only 2:2,13,2,D,True
2025/03/22 13:28:18,Scheduler,Transport,SetTransCompleteCheckInfo,Get Unit:2 Slot:13 Hand:2 Work:1213
2025/03/22 13:28:25,Scheduler,PlusStep,SlotNo:13 Step:3
2025/03/22 13:28:25,Scheduler,PlusStep,RESULT ROUTE:, 213GA
2025/03/22 13:28:25,Scheduler,Transport,TransComplete Unit:2 Work:1213
2025/03/22 13:28:25,Scheduler,SetupHandOff,Rotate Only 1
2025/03/22 13:28:25,Scheduler,SetupHandOff,Status:3,13,GOTO,D,True
2025/03/22 13:35:51,Scheduler,Transport,SetTransCompleteCheckInfo,Get Unit:3 Slot:1 Hand:1 Work:1212
2025/03/22 13:36:01,Scheduler,PlusStep,SlotNo:12 Step:5
2025/03/22 13:36:01,Scheduler,PlusStep,RESULT ROUTE:,212GA,312PA, 312GB
2025/03/22 13:36:01,Scheduler,Transport,TransComplete Unit:3 Work:1212
2025/03/22 13:36:01,Scheduler,Transport,SetTransCompleteCheckInfo,Put Unit:3 Slot:13 Hand:2 Work:1213
2025/03/22 13:36:01,Scheduler,Recipe Load,Unit No,3
2025/03/22 13:36:01,Scheduler,Recipe Load,Scan Recipe,C:\Measure\Bak\LotID_154043\1213_0322132443\Recipe_auto_10-1213.csv
2025/03/22 13:36:11,Scheduler,PlusStep,SlotNo:13 Step:4
2025/03/22 13:36:11,Scheduler,PlusStep,RESULT ROUTE:,213GA, 313PA
2025/03/22 13:36:11,Scheduler,Transport,TransComplete Unit:3 Work:1213
2025/03/22 13:36:11,Scheduler,SetupHandOff,Rotate Only 2:1,12,1,U,True
2025/03/22 13:36:18,Scheduler,Transport,SetTransCompleteCheckInfo,Put Unit:1 Slot:12 Hand:1 Work:1212
2025/03/22 13:36:18,Scheduler,Recipe Load,Unit No,1
2025/03/22 13:36:25,Scheduler,PlusStep,SlotNo:12 Step:6
2025/03/22 13:36:25,Scheduler,PlusStep,RESULT ROUTE:,212GA,312PA,312GB, 112PB
2025/03/22 13:36:25,Scheduler,Transport,TransComplete Unit:1 Work:1212
2025/03/22 13:36:25,Scheduler,SetupHandOff,Rotate Only 2:2,14,2,D,True
2025/03/22 13:36:27,Scheduler,Transport,SetTransCompleteCheckInfo,Get Unit:2 Slot:14 Hand:2 Work:1214
2025/03/22 13:36:34,Scheduler,PlusStep,SlotNo:14 Step:3
2025/03/22 13:36:34,Scheduler,PlusStep,RESULT ROUTE:, 214GA
2025/03/22 13:36:34,Scheduler,Transport,TransComplete Unit:2 Work:1214
2025/03/22 13:36:34,Scheduler,SetupHandOff,Rotate Only 1
2025/03/22 13:36:34,Scheduler,SetupHandOff,Status:3,14,GOTO,D,True
2025/03/22 13:41:17,Scheduler,Transport,SetTransCompleteCheckInfo,Get Unit:3 Slot:1 Hand:1 Work:1213
2025/03/22 13:41:26,Scheduler,PlusStep,SlotNo:13 Step:5
2025/03/22 13:41:26,Scheduler,PlusStep,RESULT ROUTE:,213GA,313PA, 313GB
2025/03/22 13:41:26,Scheduler,Transport,TransComplete Unit:3 Work:1213
2025/03/22 13:41:27,Scheduler,Transport,SetTransCompleteCheckInfo,Put Unit:3 Slot:14 Hand:2 Work:1214
2025/03/22 13:41:27,Scheduler,Recipe Load,Unit No,3
2025/03/22 13:41:27,Scheduler,Recipe Load,Scan Recipe,C:\Measure\Bak\LotID_154043\1214_0322132943\Recipe_auto_11-1214.csv
2025/03/22 13:41:37,Scheduler,PlusStep,SlotNo:14 Step:4
2025/03/22 13:41:37,Scheduler,PlusStep,RESULT ROUTE:,214GA, 314PA
2025/03/22 13:41:37,Scheduler,Transport,TransComplete Unit:3 Work:1214
2025/03/22 13:41:37,Scheduler,SetupHandOff,Rotate Only 2:1,13,1,U,True
2025/03/22 13:41:43,Scheduler,Transport,SetTransCompleteCheckInfo,Put Unit:1 Slot:13 Hand:1 Work:1213
2025/03/22 13:41:43,Scheduler,Recipe Load,Unit No,1
2025/03/22 13:41:50,Scheduler,PlusStep,SlotNo:13 Step:6
2025/03/22 13:41:50,Scheduler,PlusStep,RESULT ROUTE:,213GA,313PA,313GB, 113PB
2025/03/22 13:41:50,Scheduler,Transport,TransComplete Unit:1 Work:1213
2025/03/22 13:41:50,Scheduler,SetupHandOff,Rotate Only 2:2,15,2,D,True
2025/03/22 13:41:52,Scheduler,Transport,SetTransCompleteCheckInfo,Get Unit:2 Slot:15 Hand:2 Work:1215
2025/03/22 13:41:59,Scheduler,PlusStep,SlotNo:15 Step:3
2025/03/22 13:41:59,Scheduler,PlusStep,RESULT ROUTE:, 215GA
2025/03/22 13:41:59,Scheduler,Transport,TransComplete Unit:2 Work:1215
2025/03/22 13:41:59,Scheduler,SetupHandOff,Rotate Only 1
2025/03/22 13:41:59,Scheduler,SetupHandOff,Status:3,15,GOTO,D,True
2025/03/22 13:49:47,Scheduler,Transport,SetTransCompleteCheckInfo,Get Unit:3 Slot:1 Hand:1 Work:1214
2025/03/22 13:49:57,Scheduler,PlusStep,SlotNo:14 Step:5
2025/03/22 13:49:57,Scheduler,PlusStep,RESULT ROUTE:,214GA,314PA, 314GB
2025/03/22 13:49:57,Scheduler,Transport,TransComplete Unit:3 Work:1214
2025/03/22 13:49:57,Scheduler,Transport,SetTransCompleteCheckInfo,Put Unit:3 Slot:15 Hand:2 Work:1215
2025/03/22 13:49:57,Scheduler,Recipe Load,Unit No,3
2025/03/22 13:49:57,Scheduler,Recipe Load,Scan Recipe,C:\Measure\Bak\LotID_154043\1215_0322133751\Recipe_auto_12-1215.csv
2025/03/22 13:50:07,Scheduler,PlusStep,SlotNo:15 Step:4
2025/03/22 13:50:07,Scheduler,PlusStep,RESULT ROUTE:,215GA, 315PA
2025/03/22 13:50:07,Scheduler,Transport,TransComplete Unit:3 Work:1215
2025/03/22 13:50:07,Scheduler,SetupHandOff,Rotate Only 2:1,14,1,U,True
2025/03/22 13:50:13,Scheduler,Transport,SetTransCompleteCheckInfo,Put Unit:1 Slot:14 Hand:1 Work:1214
2025/03/22 13:50:13,Scheduler,Recipe Load,Unit No,1
2025/03/22 13:50:21,Scheduler,PlusStep,SlotNo:14 Step:6
2025/03/22 13:50:21,Scheduler,PlusStep,RESULT ROUTE:,214GA,314PA,314GB, 114PB
2025/03/22 13:50:21,Scheduler,Transport,TransComplete Unit:1 Work:1214
2025/03/22 13:50:21,Scheduler,SetupHandOff,Rotate Only 2:2,17,2,D,True
2025/03/22 13:50:22,Scheduler,Transport,SetTransCompleteCheckInfo,Get Unit:2 Slot:17 Hand:2 Work:1217
2025/03/22 13:50:30,Scheduler,PlusStep,SlotNo:17 Step:3
2025/03/22 13:50:30,Scheduler,PlusStep,RESULT ROUTE:, 217GA
2025/03/22 13:50:30,Scheduler,Transport,TransComplete Unit:2 Work:1217
2025/03/22 13:50:30,Scheduler,SetupHandOff,Rotate Only 1
2025/03/22 13:50:30,Scheduler,SetupHandOff,Status:3,17,GOTO,D,True
2025/03/22 13:58:26,Scheduler,Transport,SetTransCompleteCheckInfo,Get Unit:3 Slot:1 Hand:1 Work:1215
2025/03/22 13:58:36,Scheduler,PlusStep,SlotNo:15 Step:5
2025/03/22 13:58:36,Scheduler,PlusStep,RESULT ROUTE:,215GA,315PA, 315GB
2025/03/22 13:58:36,Scheduler,Transport,TransComplete Unit:3 Work:1215
2025/03/22 13:58:36,Scheduler,Transport,SetTransCompleteCheckInfo,Put Unit:3 Slot:17 Hand:2 Work:1217
2025/03/22 13:58:36,Scheduler,Recipe Load,Unit No,3
2025/03/22 13:58:36,Scheduler,Recipe Load,Scan Recipe,C:\Measure\Bak\LotID_154043\1217_0322134317\Recipe_auto_13-1217.csv
2025/03/22 13:58:46,Scheduler,PlusStep,SlotNo:17 Step:4
2025/03/22 13:58:46,Scheduler,PlusStep,RESULT ROUTE:,217GA, 317PA
2025/03/22 13:58:46,Scheduler,Transport,TransComplete Unit:3 Work:1217
2025/03/22 13:58:46,Scheduler,SetupHandOff,Rotate Only 2:1,15,1,U,True
2025/03/22 13:58:53,Scheduler,Transport,SetTransCompleteCheckInfo,Put Unit:1 Slot:15 Hand:1 Work:1215
2025/03/22 13:58:53,Scheduler,Recipe Load,Unit No,1
2025/03/22 13:59:00,Scheduler,PlusStep,SlotNo:15 Step:6
2025/03/22 13:59:00,Scheduler,PlusStep,RESULT ROUTE:,215GA,315PA,315GB, 115PB
2025/03/22 13:59:00,Scheduler,Transport,TransComplete Unit:1 Work:1215
2025/03/22 13:59:00,Scheduler,SetupHandOff,Rotate Only 2:2,19,2,D,True
2025/03/22 13:59:02,Scheduler,Transport,SetTransCompleteCheckInfo,Get Unit:2 Slot:19 Hand:2 Work:1219
2025/03/22 13:59:09,Scheduler,PlusStep,SlotNo:19 Step:3
2025/03/22 13:59:09,Scheduler,PlusStep,RESULT ROUTE:, 219GA
2025/03/22 13:59:09,Scheduler,Transport,TransComplete Unit:2 Work:1219
2025/03/22 13:59:09,Scheduler,SetupHandOff,Rotate Only 1
2025/03/22 13:59:09,Scheduler,SetupHandOff,Status:3,19,GOTO,D,True
2025/03/22 14:04:23,Scheduler,Transport,SetTransCompleteCheckInfo,Get Unit:3 Slot:1 Hand:1 Work:1217
2025/03/22 14:04:33,Scheduler,PlusStep,SlotNo:17 Step:5
2025/03/22 14:04:33,Scheduler,PlusStep,RESULT ROUTE:,217GA,317PA, 317GB
2025/03/22 14:04:33,Scheduler,Transport,TransComplete Unit:3 Work:1217
2025/03/22 14:04:33,Scheduler,Transport,SetTransCompleteCheckInfo,Put Unit:3 Slot:19 Hand:2 Work:1219
2025/03/22 14:04:33,Scheduler,Recipe Load,Unit No,3
2025/03/22 14:04:33,Scheduler,Recipe Load,Scan Recipe,C:\Measure\Bak\LotID_154043\1219_0322135148\Recipe_auto_14-1219.csv
2025/03/22 14:04:43,Scheduler,PlusStep,SlotNo:19 Step:4
2025/03/22 14:04:43,Scheduler,PlusStep,RESULT ROUTE:,219GA, 319PA
2025/03/22 14:04:43,Scheduler,Transport,TransComplete Unit:3 Work:1219
2025/03/22 14:04:43,Scheduler,SetupHandOff,Rotate Only 2:1,17,1,U,True
2025/03/22 14:04:49,Scheduler,Transport,SetTransCompleteCheckInfo,Put Unit:1 Slot:17 Hand:1 Work:1217
2025/03/22 14:04:49,Scheduler,Recipe Load,Unit No,1
2025/03/22 14:04:57,Scheduler,PlusStep,SlotNo:17 Step:6
2025/03/22 14:04:57,Scheduler,PlusStep,RESULT ROUTE:,217GA,317PA,317GB, 117PB
2025/03/22 14:04:57,Scheduler,Transport,TransComplete Unit:1 Work:1217
2025/03/22 14:04:57,Scheduler,SetupHandOff,Rotate Only 2:2,20,2,D,True
2025/03/22 14:04:58,Scheduler,Transport,SetTransCompleteCheckInfo,Get Unit:2 Slot:20 Hand:2 Work:1220
2025/03/22 14:05:06,Scheduler,PlusStep,SlotNo:20 Step:3
2025/03/22 14:05:06,Scheduler,PlusStep,RESULT ROUTE:, 220GA
2025/03/22 14:05:06,Scheduler,Transport,TransComplete Unit:2 Work:1220
2025/03/22 14:05:06,Scheduler,SetupHandOff,Rotate Only 1
2025/03/22 14:05:06,Scheduler,SetupHandOff,Status:3,20,GOTO,D,True
2025/03/22 14:12:52,Scheduler,Lot Cancel:Abort,Port:1 Slotr No:19
2025/03/22 14:12:52,Scheduler,Lot Cancel:Abort,Port:1 Slotr No:20
2025/03/22 14:12:52,Scheduler,Lot Cancel:Skip,Port:2 Slotr No:26
2025/03/22 14:12:52,Scheduler,Lot Cancel:Skip,Port:2 Slotr No:27
2025/03/22 14:12:52,Scheduler,Lot Cancel:Skip,Port:2 Slotr No:28
2025/03/22 14:12:52,Scheduler,Lot Cancel:Skip,Port:2 Slotr No:29
2025/03/22 14:12:52,Scheduler,Lot Cancel:Skip,Port:2 Slotr No:30
2025/03/22 14:12:52,Scheduler,Lot Cancel:Skip,Port:2 Slotr No:31
2025/03/22 14:12:52,Scheduler,Lot Cancel:Skip,Port:2 Slotr No:32
2025/03/22 14:12:52,Scheduler,Lot Cancel:Skip,Port:2 Slotr No:33
2025/03/22 14:12:52,Scheduler,Lot Cancel:Skip,Port:2 Slotr No:34
2025/03/22 14:12:52,Scheduler,Lot Cancel:Skip,Port:2 Slotr No:35
2025/03/22 14:12:52,Scheduler,Lot Cancel:Skip,Port:2 Slotr No:36
2025/03/22 14:12:52,Scheduler,Lot Cancel:Skip,Port:2 Slotr No:37
2025/03/22 14:12:52,Scheduler,Lot Cancel:Skip,Port:2 Slotr No:38
2025/03/22 14:12:52,Scheduler,Lot Cancel:Skip,Port:2 Slotr No:39
2025/03/22 14:12:52,Scheduler,Main,ABORTED
2025/03/22 14:20:16,Scheduler,LotInfo,SlotNo:01 1,Scan Recipe1,F,1301,B20TC-S5-B20-1
2025/03/22 14:20:16,Scheduler,LotInfo,SlotNo:02 1,Scan Recipe2,F,1302,B20TC-S5-B20-1
2025/03/22 14:20:16,Scheduler,LotInfo,SlotNo:03 1,Scan Recipe3,F,1303,B20TC-S5-B20-1
2025/03/22 14:20:16,Scheduler,LotInfo,SlotNo:04 1,Scan Recipe4,F,1304,B20TC-S5-B20-1
2025/03/22 14:20:16,Scheduler,LotInfo,SlotNo:05 1,Scan Recipe5,F,0,
2025/03/22 14:20:16,Scheduler,LotInfo,SlotNo:06 1,Scan Recipe6,T,1306,B20TC-S5-B20-1
2025/03/22 14:20:16,Scheduler,LotInfo,SlotNo:07 1,Scan Recipe7,T,1307,B20TC-S5-B20-1
2025/03/22 14:20:16,Scheduler,LotInfo,SlotNo:08 1,Scan Recipe8,F,0,
2025/03/22 14:20:16,Scheduler,LotInfo,SlotNo:09 1,Scan Recipe9,T,1309,B20TC-S5-B20-1
2025/03/22 14:20:16,Scheduler,LotInfo,SlotNo:10 1,Scan Recipe10,F,0,
2025/03/22 14:20:16,Scheduler,LotInfo,SlotNo:11 1,Scan Recipe11,T,1311,B20TC-S5-B20-1
2025/03/22 14:20:16,Scheduler,LotInfo,SlotNo:12 1,Scan Recipe12,T,1312,B20TC-S5-B20-1
2025/03/22 14:20:16,Scheduler,LotInfo,SlotNo:13 1,Scan Recipe13,T,1313,B20TC-S5-B20-1
2025/03/22 14:20:16,Scheduler,LotInfo,SlotNo:14 1,Scan Recipe14,T,1314,B20TC-S5-B20-1
2025/03/22 14:20:16,Scheduler,LotInfo,SlotNo:15 1,Scan Recipe15,T,1315,B20TC-S5-B20-1
2025/03/22 14:20:16,Scheduler,LotInfo,SlotNo:16 1,Scan Recipe16,F,0,
2025/03/22 14:20:16,Scheduler,LotInfo,SlotNo:17 1,Scan Recipe17,F,1317,B20TC-S5-B20-1
2025/03/22 14:20:16,Scheduler,LotInfo,SlotNo:18 1,Scan Recipe18,F,0,
2025/03/22 14:20:16,Scheduler,LotInfo,SlotNo:19 1,Scan Recipe19,F,1319,B20TC-S5-B20-1
2025/03/22 14:20:16,Scheduler,LotInfo,SlotNo:20 1,Scan Recipe20,F,1320,B20TC-S5-B20-1
2025/03/22 14:20:16,Scheduler,LotInfo,SlotNo:21 1,Scan Recipe21,F,0,
2025/03/22 14:20:16,Scheduler,LotInfo,SlotNo:22 1,Scan Recipe22,F,0,
2025/03/22 14:20:16,Scheduler,LotInfo,SlotNo:23 1,Scan Recipe23,F,0,
2025/03/22 14:20:16,Scheduler,LotInfo,SlotNo:24 1,Scan Recipe24,F,0,
2025/03/22 14:20:16,Scheduler,LotInfo,SlotNo:25 1,Scan Recipe25,F,0,
2025/03/22 14:22:24,Scheduler,Lot Cancel:Skip,Port:1 Slotr No:6
2025/03/22 14:22:24,Scheduler,Lot Cancel:Skip,Port:1 Slotr No:7
2025/03/22 14:22:24,Scheduler,Lot Cancel:Skip,Port:1 Slotr No:9
2025/03/22 14:22:24,Scheduler,Lot Cancel:Skip,Port:1 Slotr No:11
2025/03/22 14:22:24,Scheduler,Lot Cancel:Skip,Port:1 Slotr No:12
2025/03/22 14:22:24,Scheduler,Lot Cancel:Skip,Port:1 Slotr No:13
2025/03/22 14:22:24,Scheduler,Lot Cancel:Skip,Port:1 Slotr No:14
2025/03/22 14:22:24,Scheduler,Lot Cancel:Skip,Port:1 Slotr No:15
2025/03/22 14:27:51,Scheduler,LotInfo,SlotNo:01 1,Scan Recipe1,F,1301,
2025/03/22 14:27:51,Scheduler,LotInfo,SlotNo:02 1,Scan Recipe2,T,1302,B20TC-S5-B20-1
2025/03/22 14:27:51,Scheduler,LotInfo,SlotNo:03 1,Scan Recipe3,T,1303,B20TC-S5-B20-1
2025/03/22 14:27:51,Scheduler,LotInfo,SlotNo:04 1,Scan Recipe4,T,1304,B20TC-S5-B20-1
2025/03/22 14:27:51,Scheduler,LotInfo,SlotNo:05 1,Scan Recipe5,F,0,
2025/03/22 14:27:51,Scheduler,LotInfo,SlotNo:06 1,Scan Recipe6,F,1306,
2025/03/22 14:27:51,Scheduler,LotInfo,SlotNo:07 1,Scan Recipe7,F,1307,
2025/03/22 14:27:51,Scheduler,LotInfo,SlotNo:08 1,Scan Recipe8,F,0,
2025/03/22 14:27:51,Scheduler,LotInfo,SlotNo:09 1,Scan Recipe9,F,1309,
2025/03/22 14:27:51,Scheduler,LotInfo,SlotNo:10 1,Scan Recipe10,F,0,
2025/03/22 14:27:51,Scheduler,LotInfo,SlotNo:11 1,Scan Recipe11,F,1311,
2025/03/22 14:27:51,Scheduler,LotInfo,SlotNo:12 1,Scan Recipe12,F,1312,
2025/03/22 14:27:51,Scheduler,LotInfo,SlotNo:13 1,Scan Recipe13,F,1313,
2025/03/22 14:27:51,Scheduler,LotInfo,SlotNo:14 1,Scan Recipe14,F,1314,
2025/03/22 14:27:51,Scheduler,LotInfo,SlotNo:15 1,Scan Recipe15,F,1315,
2025/03/22 14:27:51,Scheduler,LotInfo,SlotNo:16 1,Scan Recipe16,F,0,
2025/03/22 14:27:51,Scheduler,LotInfo,SlotNo:17 1,Scan Recipe17,F,1317,
2025/03/22 14:27:51,Scheduler,LotInfo,SlotNo:18 1,Scan Recipe18,F,0,
2025/03/22 14:27:51,Scheduler,LotInfo,SlotNo:19 1,Scan Recipe19,F,1319,
2025/03/22 14:27:51,Scheduler,LotInfo,SlotNo:20 1,Scan Recipe20,F,1320,
2025/03/22 14:27:51,Scheduler,LotInfo,SlotNo:21 1,Scan Recipe21,F,0,
2025/03/22 14:27:51,Scheduler,LotInfo,SlotNo:22 1,Scan Recipe22,F,0,
2025/03/22 14:27:51,Scheduler,LotInfo,SlotNo:23 1,Scan Recipe23,F,0,
2025/03/22 14:27:51,Scheduler,LotInfo,SlotNo:24 1,Scan Recipe24,F,0,
2025/03/22 14:27:51,Scheduler,LotInfo,SlotNo:25 1,Scan Recipe25,F,0,
2025/03/22 14:44:52,Scheduler,Lot Cancel:Skip,Port:1 Slotr No:2
2025/03/22 14:44:52,Scheduler,Lot Cancel:Skip,Port:1 Slotr No:3
2025/03/22 14:44:52,Scheduler,Lot Cancel:Skip,Port:1 Slotr No:4
2025/03/22 15:38:55,Scheduler,Main,APP START : D2216 Sceduler(Ver1.0.7.0) 2024.11.26
2025/03/22 15:55:33,Scheduler,LotInfo,SlotNo:01 1,Scan Recipe1,T,1601,B20TC-S5-B20-1
2025/03/22 15:55:33,Scheduler,LotInfo,SlotNo:02 1,Scan Recipe2,T,1602,B20TC-S5-B20-1
2025/03/22 15:55:33,Scheduler,LotInfo,SlotNo:03 1,Scan Recipe3,F,0,
2025/03/22 15:55:33,Scheduler,LotInfo,SlotNo:04 1,Scan Recipe4,T,1604,B20TC-S5-B20-1
2025/03/22 15:55:33,Scheduler,LotInfo,SlotNo:05 1,Scan Recipe5,T,1605,B20TC-S5-B20-1
2025/03/22 15:55:33,Scheduler,LotInfo,SlotNo:06 1,Scan Recipe6,T,1606,B20TC-S5-B20-1
2025/03/22 15:55:33,Scheduler,LotInfo,SlotNo:07 1,Scan Recipe7,T,1607,B20TC-S5-B20-1
2025/03/22 15:55:33,Scheduler,LotInfo,SlotNo:08 1,Scan Recipe8,T,1608,B20TC-S5-B20-1
2025/03/22 15:55:33,Scheduler,LotInfo,SlotNo:09 1,Scan Recipe9,T,1609,B20TC-S5-B20-1
2025/03/22 15:55:33,Scheduler,LotInfo,SlotNo:10 1,Scan Recipe10,T,1610,B20TC-S5-B20-1
2025/03/22 15:55:33,Scheduler,LotInfo,SlotNo:11 1,Scan Recipe11,T,1611,B20TC-S5-B20-1
2025/03/22 15:55:33,Scheduler,LotInfo,SlotNo:12 1,Scan Recipe12,T,1612,B20TC-S5-B20-1
2025/03/22 15:55:33,Scheduler,LotInfo,SlotNo:13 1,Scan Recipe13,T,1613,B20TC-S5-B20-1
2025/03/22 15:55:33,Scheduler,LotInfo,SlotNo:14 1,Scan Recipe14,T,1614,B20TC-S5-B20-1
2025/03/22 15:55:33,Scheduler,LotInfo,SlotNo:15 1,Scan Recipe15,T,1615,B20TC-S5-B20-1
2025/03/22 15:55:33,Scheduler,LotInfo,SlotNo:16 1,Scan Recipe16,T,1616,B20TC-S5-B20-1
2025/03/22 15:55:33,Scheduler,LotInfo,SlotNo:17 1,Scan Recipe17,T,1617,B20TC-S5-B20-1
2025/03/22 15:55:33,Scheduler,LotInfo,SlotNo:18 1,Scan Recipe18,T,1618,B20TC-S5-B20-1
2025/03/22 15:55:33,Scheduler,LotInfo,SlotNo:19 1,Scan Recipe19,T,1619,B20TC-S5-B20-1
2025/03/22 15:55:33,Scheduler,LotInfo,SlotNo:20 1,Scan Recipe20,T,1620,B20TC-S5-B20-1
2025/03/22 15:55:33,Scheduler,LotInfo,SlotNo:21 1,Scan Recipe21,T,1621,B20TC-S5-B20-1
2025/03/22 15:55:33,Scheduler,LotInfo,SlotNo:22 1,Scan Recipe22,T,1622,B20TC-S5-B20-1
2025/03/22 15:55:33,Scheduler,LotInfo,SlotNo:23 1,Scan Recipe23,T,1623,B20TC-S5-B20-1
2025/03/22 15:55:33,Scheduler,LotInfo,SlotNo:24 1,Scan Recipe24,F,0,
2025/03/22 15:55:33,Scheduler,LotInfo,SlotNo:25 1,Scan Recipe25,F,0,
2025/03/22 15:55:35,Scheduler,LotInfo,SlotNo:26 1,Scan Recipe1,T,2701,B20TC-S5-B20-1
2025/03/22 15:55:35,Scheduler,LotInfo,SlotNo:27 1,Scan Recipe2,T,2702,B20TC-S5-B20-1
2025/03/22 15:55:35,Scheduler,LotInfo,SlotNo:28 1,Scan Recipe3,T,2703,B20TC-S5-B20-1
2025/03/22 15:55:35,Scheduler,LotInfo,SlotNo:29 1,Scan Recipe4,T,2704,B20TC-S5-B20-1
2025/03/22 15:55:35,Scheduler,LotInfo,SlotNo:30 1,Scan Recipe5,T,2705,B20TC-S5-B20-1
2025/03/22 15:55:35,Scheduler,LotInfo,SlotNo:31 1,Scan Recipe6,F,0,
2025/03/22 15:55:35,Scheduler,LotInfo,SlotNo:32 1,Scan Recipe7,T,2707,B20TC-S5-B20-1
2025/03/22 15:55:35,Scheduler,LotInfo,SlotNo:33 1,Scan Recipe8,T,2708,B20TC-S5-B20-1
2025/03/22 15:55:35,Scheduler,LotInfo,SlotNo:34 1,Scan Recipe9,T,2709,B20TC-S5-B20-1
2025/03/22 15:55:35,Scheduler,LotInfo,SlotNo:35 1,Scan Recipe10,T,2710,B20TC-S5-B20-1
2025/03/22 15:55:35,Scheduler,LotInfo,SlotNo:36 1,Scan Recipe11,T,2711,B20TC-S5-B20-1
2025/03/22 15:55:35,Scheduler,LotInfo,SlotNo:37 1,Scan Recipe12,T,2712,B20TC-S5-B20-1
2025/03/22 15:55:35,Scheduler,LotInfo,SlotNo:38 1,Scan Recipe13,T,2713,B20TC-S5-B20-1
2025/03/22 15:55:35,Scheduler,LotInfo,SlotNo:39 1,Scan Recipe14,T,2714,B20TC-S5-B20-1
2025/03/22 15:55:35,Scheduler,LotInfo,SlotNo:40 1,Scan Recipe15,T,2715,B20TC-S5-B20-1
2025/03/22 15:55:35,Scheduler,LotInfo,SlotNo:41 1,Scan Recipe16,T,2716,B20TC-S5-B20-1
2025/03/22 15:55:35,Scheduler,LotInfo,SlotNo:42 1,Scan Recipe17,T,2717,B20TC-S5-B20-1
2025/03/22 15:55:35,Scheduler,LotInfo,SlotNo:43 1,Scan Recipe18,T,2718,B20TC-S5-B20-1
2025/03/22 15:55:35,Scheduler,LotInfo,SlotNo:44 1,Scan Recipe19,T,2719,B20TC-S5-B20-1
2025/03/22 15:55:35,Scheduler,LotInfo,SlotNo:45 1,Scan Recipe20,T,2720,B20TC-S5-B20-1
2025/03/22 15:55:35,Scheduler,LotInfo,SlotNo:46 1,Scan Recipe21,T,2721,B20TC-S5-B20-1
2025/03/22 15:55:35,Scheduler,LotInfo,SlotNo:47 1,Scan Recipe22,T,2722,B20TC-S5-B20-1
2025/03/22 15:55:35,Scheduler,LotInfo,SlotNo:48 1,Scan Recipe23,T,2723,B20TC-S5-B20-1
2025/03/22 15:55:35,Scheduler,LotInfo,SlotNo:49 1,Scan Recipe24,F,0,
2025/03/22 15:55:35,Scheduler,LotInfo,SlotNo:50 1,Scan Recipe25,T,2725,B20TC-S5-B20-1
