﻿//アラームパラメータ―　PM,,,,,,,,,,,,,,,,,,,,
//ItemName, Device Address, Unit, RangeMin, RangeMax,ScaleMin,ScaleMax,DataType,Format
MFC101 Flow High Limit (Alarm),D1141,[%],0,200,0,200,Word,0
MFC101 Flow Low Limit (Alram),D1142,[%],0,200,0,200,Word,0


MFC102 Flow High Limit (Alarm),D1145,[%],0,200,0,200,Word,0
MFC102 Flow Low Limit (Alram),D1146,[%],0,200,0,200,Word,0


MFC103 Flow High Limit (Alarm),D1149,[%],0,200,0,200,Word,0
MFC103 Flow Low Limit (Alram),D1150,[%],0,200,0,200,Word,0


MFC104 Flow High Limit (Alarm),D1153,[%],0,200,0,200,Word,0
MFC104 Flow Low Limit (Alram),D1154,[%],0,200,0,200,Word,0


