﻿//アラームパラメータ―　LL,,,,,,,,,,,,,,,,,,,,
//ItemName, Device Address, Unit, RangeMin, RangeMax,ScaleMin,ScaleMax,DataType,Format
Water Flow FM11 ,R180,[L/min],4.0,32.0,800,4000,Float,0.0
Water Flow FM12 ,R181,[L/min],4.0,32.0,800,4000,Float,0.0
Water Flow FM13 ,R182,[L/min],4.0,32.0,800,4000,Float,0.0
Water Flow FM14 ,R183,[L/min],4.0,32.0,800,4000,Float,0.0
Water Flow FM15 ,R184,[L/min],4.0,32.0,800,4000,Float,0.0
Water Flow FM16 ,R185,[L/min],4.0,32.0,800,4000,Float,0.0
Water Flow FM17 ,R186,[L/min],4.0,32.0,800,4000,Float,0.0
Water Flow FM18 ,R187,[L/min],4.0,32.0,800,4000,Float,0.0
Water Flow FM24 ,R188,[L/min],4.0,32.0,800,4000,Float,0.0
