//システムパラメータ―　TR,,,,,,,,,
//ItemName, Device Address, Unit, RangeMin, RangeMax,ScaleMin,ScaleMax,DataType,Format,Act Device Address
Slow Rough Time 0.1,D1218,[sec],0.0,999.9,0,9999,Float,0.0,D1050
//Rough Vaccuming Complete Pressure,D1051,[Pa],1.0E-4,1.0E5,0,10000,PIG1,0.0E0,D1051
High Vaccum Pressure Complete,D1052,[Pa],1.0E-9,1.0E-2,0,10000,PEG1,0.0E0,D1052
Slow Vent Time 0.1,D1220,[sec],0.0,999.9,0,9999,Float,0.0,D1053
//Vaccum SW Over Time 0.1,D1054,[sec],0,999.9,0,9999,Float,0.0,D1054
TMP2 Activation Pressure,D1055,[Pa],1.0E-4,1.0E5,0,10000,PIG1,0.0E0,D1055
TMP2 Back Pressure Pressure,D1056,[Pa],1.0E-4,1.0E5,0,10000,PIG1,0.0E0,D1056
//MV2 Openable Pressure,D1057,[Pa],1.0E-4,1.0E5,0,10000,PIG1,0.0E0,D1057
//GV23 Openable Pressure,D1058,[Pa],1.0E-4,1.0E5,0,10000,PEG1,0.0E0,D1058
RV2 Openable Pressure,D1059,[Pa],1.0E-4,1.0E5,0,10000,PIG1,0.0E0,D1059
PS2 Atom Check Time,D1224,[sec],0.0,999.9,0,9999,Float,0.0,D1224
