//システムパラメータ―　GCIB,,,,,,,,,
//ItemName, Device Address, Unit, RangeMin, RangeMax,ScaleMin,ScaleMax,DataType,Format,Act Device Address
//Slow Rough Time 0.1,D1020,[sec],0,999.9,0,9999,Float,0,D1020
//Rough Vaccuming Complete Pressure,D1021,[Pa],1.0E-4,1.0E5,0,10000,PIG1,0.0E0,D1021
//High Vaccum Pressure Complete,D1022,[Pa],1.0E-9,1.0E-2,0,10000,PEG1,0.0E0,D1022
//Slow Vent Time 0.1,D1023,[sec],0,999.9,0,9999,Float,0,D1023
//Vaccum SW Over Time0.1,D1024,[sec],0,999.9,0,9999,Float,0,D1024
//TMP Activation Pressure,D1025,[Pa],1.0E-4,1.0E5,0,10000,PIG1,0.0E0,D1025
//TMP Back Pressure,D1026,[Pa],1.0E-4,1.0E5,0,10000,PIG1,0.0E0,D1026
//MV1-3 Openable Pressure ,D1027,[Pa],1.0E-4,1.0E5,0,10000,PIG1,0.0E0,D1027
//GV01 Openable Pressure,D1028,[Pa],1.0E-4,1.0E5,0,10000,PIG1,0.0E0,D1028
//FV Openable Pressure,D1029,[Pa],1.0E-4,1.0E5,0,10000,PIG1,0.0E0,D1029
//PEG High Voltage Permit Pressure,D1030,[Pa] ,1.0E-9,1.0E-2,0,10000,PEG1,0.0E0,D1030
