CreateDateAndTime,2021/11/09 12:00:00
Name,SP1_Base
Comment,Template
StepMax,1
ItemMax,50
EndOfStep,1
SendAddress,R500
0,1,2,3,4,5,6,7,8,9,10,11,12,13,14
Device,ScaleMin,ScaleMax,Type,Format,Word,,,,,Item,Unit,RangeMin,RangeMax,Step1
R0,0,1000,Float,0.000,1,,,,,APC Pressure,MPa,0,1.000,0.000
R1,0,5000,Float,0.00,1,,,,,Accelerator Current,mA,0.00,5.00,0.00
R2,0,6000,Float,0.00,1,,,,,Accelerator Voltage,kV,0.00,60.00,0.00
R3,0,2500,Float,0.00,1,,,,,Lens1 Current,mA,0.00,2.50,0.00
R4,0,6000,Float,0.00,1,,,,,Lens1 Voltage,kV,0.00,60.00,0.00
R5,0,5000,Float,0.00,1,,,,,Lens2 Current,mA,0.00,5.00,0.00
R6,0,6000,Float,0.00,1,,,,,Lens2 Voltage,kV,0.00,60.00,0.00
R7,0,5000,Float,0.00,1,,,,,Bias Current,mA,0.00,5.00,0.00
R8,0,3000,Float,0.00,1,,,,,Bias Voltage,kV,0.00,30.00,0.00
R9,0,3000,Float,0.00,1,,,,,Suppressor Current,mA,0.00,3.00,0.00
R10,0,2000,Float,0.00,1,,,,,Suppressor Voltage,V,0.00,20.00,0.00
R11,0,8000,Float,0.0,1,,,,,Arc Current,mA,0.0,800.0,0.00
R12,0,5000,Float,0.0,1,,,,,Arc Voltage,V,0.0,500.0,0.0
R13,0,8000,Float,0.00,1,,,,,Filament Current,A,0.00,80.00,0.00
R14,0,70,Float,0.0,1,,,,,Filament Voltage,V,0.00,7.00,0.00
R15,0,8000,Float,0.0,1,,,,,Neutralizer extracation Current,mA,0.0,800.0,0.0
R16,0,5000,Float,0.0,1,,,,,Neutralizer extracation Voltage,V,0.0,500.0,0.0
R17,0,4000,Float,0.00,1,,,,,Neutralizer filament Current,A,0.0,40.00,0.00
R18,0,70,Float,0.0,1,,,,,Neutralizer filament Voltage,V,0.0,7.0,0.00
R20,0,1000,Float,0.0,1,,,,,MFC101 Frow (Ar),sccm,0.0,100.0,0.00
R21,0,1000,Float,0.0,1,,,,,MFC102 Frow (Ar),sccm,0.0,100.0,0.00
R24,0,1700,Float,0.0,1,,,,,MFC111 Frow (NF3),sccm,0.0,170.0,0.0
R25,0,1000,Short,0,1,,,,,MFC112 Frow (N2),sccm,0,1000,0
R26,0,1000,Short,0,1,,,,,MFC113 Frow (Ar),sccm,0,1000,0
R27,0,1000,Short,0,1,,,,,MFC114 Frow (O2),sccm,0,1000,0
