2024/12/26 12:16:05,Send: TFMS1000022BMSTS
2024/12/26 12:16:26,Receive: Error:A connection attempt failed because the connected party did not properly respond after a period of time, or established connection failed because connected host has failed to respond 192.168.10.66:5000
2024/12/26 12:16:28,Send: TFMS1000023BMFST,
2024/12/26 12:16:28,Receive: TFMS1000023AMFST
2024/12/26 12:16:29,Send: TFMS1000024BMSTS
2024/12/26 12:16:29,Receive: TFMS1000024AMSTS,1
2024/12/26 12:16:50,Send: TFMS1000025BMMST,LotID_145358,2622,SiO2(PtoP Ref:LN Device),MAP18
2024/12/26 12:16:50,Receive: TFMS1000025AMMST,2622
2024/12/26 12:17:51,Send: TFMS1000026BMSTS
2024/12/26 12:17:54,Receive: TFMS1000026AMSTS,2
2024/12/26 12:18:49,Send: TFMS1000027BMFST,
2024/12/26 12:18:49,Receive: TFMS1000027AMFST
2024/12/26 12:18:50,Send: TFMS1000028BMSTS
2024/12/26 12:18:50,Receive: TFMS1000028AMSTS,2
2024/12/26 12:18:51,Send: TFMS1000029BMSTS
2024/12/26 12:18:51,Receive: TFMS1000029AMSTS,2
2024/12/26 12:18:52,Send: TFMS1000030BMSTS
2024/12/26 12:18:52,Receive: TFMS1000030AMSTS,2
2024/12/26 12:18:53,Send: TFMS1000031BMSTS
2024/12/26 12:18:53,Receive: TFMS1000031AMSTS,2
2024/12/26 12:18:54,Send: TFMS1000032BMSTS
2024/12/26 12:18:54,Receive: TFMS1000032AMSTS,1
2024/12/26 12:19:08,Send: TFMS1000033BMMST,LotID_145358,2622,SiO2(PtoP Ref:LN Device),MAP18
2024/12/26 12:19:08,Receive: TFMS1000033AMMST,2622
2024/12/26 12:20:09,Send: TFMS1000034BMSTS
2024/12/26 12:20:09,Receive: Error:Unable to read data from the transport connection: An existing connection was forcibly closed by the remote host.
2024/12/26 12:20:44,Send: TFMS1000035BMFST,
2024/12/26 12:20:44,Receive: TFMS1000035AMFST
2024/12/26 12:20:45,Send: TFMS1000036BMSTS
2024/12/26 12:20:45,Receive: TFMS1000036AMSTS,2
2024/12/26 12:20:46,Send: TFMS1000037BMSTS
2024/12/26 12:20:46,Receive: TFMS1000037AMSTS,2
2024/12/26 12:20:47,Send: TFMS1000038BMSTS
2024/12/26 12:20:47,Receive: TFMS1000038AMSTS,2
2024/12/26 12:20:48,Send: TFMS1000039BMSTS
2024/12/26 12:20:48,Receive: TFMS1000039AMSTS,2
2024/12/26 12:20:49,Send: TFMS1000040BMSTS
2024/12/26 12:20:49,Receive: TFMS1000040AMSTS,1
2024/12/26 12:21:37,Send: TFMS1000041BMFST,
2024/12/26 12:21:37,Receive: TFMS1000041AMFST
2024/12/26 12:21:38,Send: TFMS1000042BMSTS
2024/12/26 12:21:38,Receive: TFMS1000042AMSTS,1
2024/12/26 12:21:44,Send: TFMS1000043BMSTS
2024/12/26 12:21:44,Receive: TFMS1000043AMSTS,1
2024/12/26 12:24:10,Send: TFMS1000044BMSTS
2024/12/26 12:24:10,Receive: TFMS1000044AMSTS,0
2024/12/26 12:24:13,Send: TFMS1000045BMFST,
2024/12/26 12:24:13,Receive: TFMS1000045AMFST
2024/12/26 12:24:14,Send: TFMS1000046BMSTS
2024/12/26 12:24:14,Receive: TFMS1000046AMSTS,2
2024/12/26 12:24:15,Send: TFMS1000047BMSTS
2024/12/26 12:24:15,Receive: TFMS1000047AMSTS,2
2024/12/26 12:24:15,Send: TFMS1000048BMSTS
2024/12/26 12:24:15,Receive: TFMS1000048AMSTS,2
2024/12/26 12:24:16,Send: TFMS1000049BMSTS
2024/12/26 12:24:16,Receive: TFMS1000049AMSTS,2
2024/12/26 12:24:16,Send: TFMS1000050BMSTS
2024/12/26 12:24:16,Receive: TFMS1000050AMSTS,2
2024/12/26 12:24:17,Send: TFMS1000051BMSTS
2024/12/26 12:24:17,Receive: TFMS1000051AMSTS,2
2024/12/26 12:24:17,Send: TFMS1000052BMSTS
2024/12/26 12:24:17,Receive: TFMS1000052AMSTS,1
2024/12/26 12:24:37,Send: TFMS1000053BMMST,LotID_145358,2622,SiO2(PtoP Ref:LN Device),MAP18
2024/12/26 12:24:37,Receive: TFMS1000053AMMST,2622
2024/12/26 12:25:38,Send: TFMS1000054BMSTS
2024/12/26 12:25:53,Receive: TFMS1000054AMSTS,2
2024/12/26 12:26:44,Send: TFMS1000055BMSTS
2024/12/26 12:26:44,Receive: TFMS1000055AMSTS,0
2024/12/26 12:27:50,Send: TFMS1000056BMSTS
2024/12/26 12:27:50,Receive: TFMS1000056AMSTS,0
2024/12/26 12:28:56,Send: TFMS1000057BMSTS
2024/12/26 12:28:56,Receive: TFMS1000057AMSTS,0
2024/12/26 12:30:02,Send: TFMS1000058BMSTS
2024/12/26 12:30:02,Receive: TFMS1000058AMSTS,0
2024/12/26 12:30:24,Send: TFMS1000059BMSTS
2024/12/26 12:30:25,Receive: TFMS1000059AMSTS,0
2024/12/26 12:30:41,Send: TFMS1000060BMFST,
2024/12/26 12:30:41,Receive: TFMS1000060AMFST
2024/12/26 12:30:42,Send: TFMS1000061BMSTS
2024/12/26 12:30:42,Receive: TFMS1000061AMSTS,2
2024/12/26 12:30:43,Send: TFMS1000062BMSTS
2024/12/26 12:30:43,Receive: TFMS1000062AMSTS,2
2024/12/26 12:30:44,Send: TFMS1000063BMSTS
2024/12/26 12:30:44,Receive: TFMS1000063AMSTS,2
2024/12/26 12:30:44,Send: TFMS1000064BMSTS
2024/12/26 12:30:44,Receive: TFMS1000064AMSTS,2
2024/12/26 12:30:45,Send: TFMS1000065BMSTS
2024/12/26 12:30:45,Receive: TFMS1000065AMSTS,2
2024/12/26 12:30:45,Send: TFMS1000066BMSTS
2024/12/26 12:30:45,Receive: TFMS1000066AMSTS,2
2024/12/26 12:30:46,Send: TFMS1000067BMSTS
2024/12/26 12:30:46,Receive: TFMS1000067AMSTS,1
2024/12/26 12:32:06,Send: TFMS1000068BMSTS
2024/12/26 12:32:06,Receive: TFMS1000068AMSTS,1
2024/12/26 12:32:26,Send: TFMS1000069BMMST,LotID_145358,2622,SiO2(PtoP Ref:LN Device),MAP18
2024/12/26 12:32:26,Receive: TFMS1000069AMMST,2622
2024/12/26 12:33:27,Send: TFMS1000070BMSTS
2024/12/26 12:33:57,Receive: Error:Unable to read data from the transport connection: A connection attempt failed because the connected party did not properly respond after a period of time, or established connection failed because connected host has failed to respond.
2024/12/26 12:34:33,Send: TFMS1000071BMSTS
2024/12/26 12:34:54,Receive: Error:A connection attempt failed because the connected party did not properly respond after a period of time, or established connection failed because connected host has failed to respond 192.168.10.66:5000
2024/12/26 12:35:39,Send: TFMS1000072BMSTS
2024/12/26 12:36:00,Receive: Error:A connection attempt failed because the connected party did not properly respond after a period of time, or established connection failed because connected host has failed to respond 192.168.10.66:5000
