2024/12/25 08:45:49,Overview,System,Transfer View
2024/12/25 08:45:59,Overview,System,Transfer View
2024/12/25 08:46:09,Overview,System,SemiAuto View
2024/12/25 08:46:12,Overview,System,Service View
2024/12/25 08:46:16,PGC,System,MV(GCIB) Open or Close
2024/12/25 08:46:17,PGC,System,Open
2024/12/25 08:46:34,PGC,System,PV111 Open or Close
2024/12/25 08:46:36,PGC,System,Open
2024/12/25 08:46:38,PGC,System,PV112 Open or Close
2024/12/25 08:46:39,PGC,System,Open
2024/12/25 08:46:41,PGC,System,PV115 Open or Close
2024/12/25 08:46:42,PGC,System,Open
2024/12/25 08:46:42,PGC,System,PV116 Open or Close
2024/12/25 08:46:43,PGC,System,Open
2024/12/25 08:46:45,PGC,System,PV110 Open or Close
2024/12/25 08:46:46,PGC,System,Open
2024/12/25 08:46:47,PGC,System,GV2 Open or Close
2024/12/25 08:46:48,PGC,System,Open
2024/12/25 08:46:49,PGC,System,GV1 Open or Close
2024/12/25 08:46:50,PGC,System,Open
2024/12/25 08:46:53,Overview,System,Alarm View
2024/12/25 08:46:59,Overview,System,Service View
2024/12/25 08:47:07,Overview,System,Transfer View
2024/12/25 08:47:57,Overview,System,Alarm View
2024/12/25 08:48:32,Overview,System,Service View
2024/12/25 08:49:36,Overview,System,Service View
2024/12/25 08:49:40,Overview,System,Transfer View
2024/12/25 08:49:45,Overview,System,SemiAuto View
2024/12/25 08:50:37,BMode Scan Sampling,PM,BMode Scan Start
2024/12/25 08:50:45,Overview,System,Service View
2024/12/25 08:55:06,Overview,System,Service View
2024/12/25 09:01:17,Overview,System,Service View
2024/12/25 09:03:02,Overview,System,Service View
2024/12/25 09:07:50,BMode Scan Sampling,PM,BMode Scan End
2024/12/25 09:12:11,Overview,System,Service View
2024/12/25 09:12:16,Overview,System,SemiAuto View
2024/12/25 09:12:35,BMode Scan Sampling,PM,BMode Scan Start
2024/12/25 09:12:39,Overview,System,Service View
2024/12/25 09:14:33,Overview,System,Service View
2024/12/25 09:19:42,Overview,System,LotOperation View
2024/12/25 09:25:38,Overview,System,Service View
2024/12/25 09:25:50,Overview,System,SemiAuto View
2024/12/25 09:27:04,Overview,System,Service View
2024/12/25 09:27:57,Overview,System,Service View
2024/12/25 09:29:48,BMode Scan Sampling,PM,BMode Scan End
2024/12/25 09:31:38,Overview,System,Logout
2024/12/25 09:31:51,Lot Status,System,Mapped
2024/12/25 09:31:54,Lot Status,System,Placed
2024/12/25 09:31:54,Lot Status,System,Placed
2024/12/25 09:32:09,Overview,System,Service View
2024/12/25 09:32:12,Overview,System,Transfer View
2024/12/25 09:32:16,Overview,System,SemiAuto View
2024/12/25 09:32:35,BMode Scan Sampling,PM,BMode Scan Start
2024/12/25 09:32:39,Overview,System,Service View
2024/12/25 09:49:48,BMode Scan Sampling,PM,BMode Scan End
2024/12/25 09:54:19,Overview,System,SemiAuto View
2024/12/25 09:55:01,BMode Scan Sampling,PM,BMode Scan Start
2024/12/25 09:58:54,Overview,System,Alarm View
2024/12/25 09:59:05,PGC,System,Accelerator ON / OFF
2024/12/25 09:59:08,PGC,System,OFF
2024/12/25 09:59:09,PGC,System,Accelerator ON / OFF
2024/12/25 09:59:10,PGC,System,ON
2024/12/25 09:59:11,Overview,System,Alarm View
2024/12/25 10:07:45,PGC,System,Accelerator ON / OFF
2024/12/25 10:07:47,PGC,System,OFF
2024/12/25 10:07:48,PGC,System,Accelerator ON / OFF
2024/12/25 10:07:49,PGC,System,ON
2024/12/25 10:07:50,Overview,System,Alarm View
2024/12/25 10:11:02,PGC,System,Accelerator ON / OFF
2024/12/25 10:11:03,PGC,System,OFF
2024/12/25 10:11:04,PGC,System,Accelerator ON / OFF
2024/12/25 10:11:05,PGC,System,ON
2024/12/25 10:11:07,Overview,System,Alarm View
2024/12/25 10:11:12,Overview,System,Service View
2024/12/25 10:12:13,BMode Scan Sampling,PM,BMode Scan End
2024/12/25 10:13:31,Overview,System,SemiAuto View
2024/12/25 10:13:35,Overview,System,Alarm View
2024/12/25 10:13:45,PGC,System,Accelerator ON / OFF
2024/12/25 10:13:46,PGC,System,OFF
2024/12/25 10:13:47,PGC,System,Accelerator ON / OFF
2024/12/25 10:13:48,PGC,System,ON
2024/12/25 10:13:49,Overview,System,Alarm View
2024/12/25 10:13:57,BMode Scan Sampling,PM,BMode Scan Start
2024/12/25 10:27:18,Overview,System,SemiAuto View
2024/12/25 10:28:45,Lot Status,System,-
2024/12/25 10:31:11,BMode Scan Sampling,PM,BMode Scan End
2024/12/25 10:32:28,Lot Status,System,-
2024/12/25 10:32:57,Lot Status,System,Placed
2024/12/25 10:33:15,Lot Status,System,Placed
2024/12/25 10:33:27,Overview,System,Transfer View
2024/12/25 10:33:38,Lot Status,System,Mapped
2024/12/25 10:33:46,Lot Status,System,Mapped
2024/12/25 10:35:02,Overview,System,SemiAuto View
2024/12/25 10:35:14,Overview,System,Service View
2024/12/25 10:37:13,Overview,System,Service View
2024/12/25 10:37:45,Overview,System,Service View
2024/12/25 10:38:06,Overview,System,Transfer View
2024/12/25 10:39:25,Overview,System,Service View
2024/12/25 10:41:37,Overview,System,Transfer View
2024/12/25 10:42:41,Overview,System,Transfer View
2024/12/25 10:44:22,Overview,System,Service View
2024/12/25 10:45:24,Overview,System,SemiAuto View
2024/12/25 10:45:57,BMode Scan Sampling,PM,BMode Scan Start
2024/12/25 10:45:59,Overview,System,Transfer View
2024/12/25 10:47:02,Overview,System,Service View
2024/12/25 10:47:10,BMode Scan Sampling,PM,BMode Scan End
2024/12/25 10:47:35,Overview,System,Transfer View
2024/12/25 10:47:49,Overview,System,Transfer View
2024/12/25 10:47:55,Overview,System,Service View
2024/12/25 10:47:57,Overview,System,Transfer View
2024/12/25 10:48:59,Overview,System,Transfer View
2024/12/25 10:50:15,Overview,System,Service View
2024/12/25 10:52:04,Overview,System,Transfer View
2024/12/25 10:53:02,Overview,System,Transfer View
2024/12/25 10:54:33,Overview,System,Service View
2024/12/25 10:58:20,Overview,System,Transfer View
2024/12/25 10:59:34,Overview,System,Transfer View
2024/12/25 11:04:19,Overview,System,Service View
2024/12/25 11:07:28,Overview,System,Service View
2024/12/25 11:07:33,Overview,System,SemiAuto View
2024/12/25 11:09:29,BMode Scan Sampling,PM,BMode Scan Start
2024/12/25 11:10:42,BMode Scan Sampling,PM,BMode Scan End
2024/12/25 11:10:46,Overview,System,SemiAuto View
2024/12/25 11:12:55,Overview,System,Transfer View
2024/12/25 11:31:05,Overview,System,Transfer View
2024/12/25 11:31:58,Overview,System,SemiAuto View
2024/12/25 11:32:04,Overview,System,Service View
2024/12/25 11:37:04,Overview,System,Transfer View
2024/12/25 11:37:55,Overview,System,Alarm View
2024/12/25 11:38:01,Overview,System,Transfer View
2024/12/25 11:38:54,Overview,System,Alarm View
2024/12/25 11:40:05,Overview,System,Alarm View
2024/12/25 11:40:13,Overview,System,Alarm View
2024/12/25 11:40:16,Overview,System,Transfer View
2024/12/25 11:40:29,Overview,System,Alarm View
2024/12/25 11:40:33,Overview,System,Transfer View
2024/12/25 11:40:43,Overview,System,Alarm View
2024/12/25 11:40:54,Overview,System,Alarm View
2024/12/25 11:42:22,Overview,System,Alarm View
2024/12/25 11:42:31,Overview,System,Transfer View
2024/12/25 11:42:48,Overview,System,Alarm View
2024/12/25 11:45:24,Overview,System,Alarm View
2024/12/25 11:45:30,Overview,System,Auto View
2024/12/25 11:45:31,Overview,System,ModeChange View
2024/12/25 11:45:34,Overview,System,Service View
2024/12/25 11:45:35,PGC,System,GCIB Remote ON / OFF
2024/12/25 11:45:36,PGC,System,ON
2024/12/25 11:46:44,Overview,System,Alarm View
2024/12/25 11:48:53,Overview,System,Alarm View
2024/12/25 11:50:42,Overview,System,ModeChange View
2024/12/25 11:50:45,Overview,System,Auto View
2024/12/25 11:50:52,Auto,System,Start
2024/12/25 11:50:55,Overview,System,LotOperation View
2024/12/25 11:51:09,Lot Status,System,Processing
2024/12/25 11:51:30,Lot Operation,System,Close Window
2024/12/25 13:05:38,Lot Status,System,Completed
2024/12/25 13:09:16,Overview,System,Auto View
2024/12/25 13:09:19,Overview,System,ModeChange View
2024/12/25 13:09:43,Overview,System,Transfer View
2024/12/25 13:11:42,Overview,System,Service View
2024/12/25 13:12:36,Overview,System,Transfer View
2024/12/25 13:14:42,Overview,System,SemiAuto View
2024/12/25 13:16:20,Overview,System,SemiAuto View
2024/12/25 13:16:44,BMode Scan Sampling,PM,BMode Scan Start
2024/12/25 13:18:57,Overview,System,Transfer View
2024/12/25 13:19:40,Overview,System,Transfer View
2024/12/25 13:20:48,Overview,System,Service View
2024/12/25 13:21:14,BMode Scan Sampling,PM,BMode Scan End
2024/12/25 13:23:47,Overview,System,Service View
2024/12/25 13:24:05,Overview,System,Transfer View
2024/12/25 13:25:30,Overview,System,Transfer View
2024/12/25 13:25:40,Overview,System,Transfer View
2024/12/25 13:25:41,Overview,System,Service View
2024/12/25 13:27:05,Overview,System,Service View
2024/12/25 13:27:46,Overview,System,Transfer View
2024/12/25 13:40:56,Overview,System,Transfer View
2024/12/25 13:41:17,Overview,System,SemiAuto View
2024/12/25 13:42:01,Overview,System,SemiAuto View
2024/12/25 13:43:05,BMode Scan Sampling,PM,BMode Scan Start
2024/12/25 13:43:11,Overview,System,Service View
2024/12/25 13:44:37,Overview,System,Service View
2024/12/25 13:45:20,Overview,System,Transfer View
2024/12/25 13:47:11,Overview,System,SemiAuto View
2024/12/25 13:47:11,Overview,System,Service View
2024/12/25 13:47:36,BMode Scan Sampling,PM,BMode Scan End
2024/12/25 13:51:01,Overview,System,Service View
2024/12/25 13:51:49,Overview,System,Service View
2024/12/25 13:52:43,Overview,System,Service View
2024/12/25 14:04:34,Overview,System,ModeChange View
2024/12/25 14:04:38,Overview,System,Transfer View
2024/12/25 14:05:05,Overview,System,ModeChange View
2024/12/25 14:05:08,Overview,System,Auto View
2024/12/25 14:05:13,Auto,System,Start
2024/12/25 14:05:16,Auto,System,Stop
2024/12/25 14:05:21,Auto,System,Start
2024/12/25 14:05:24,Overview,System,LotOperation View
2024/12/25 14:06:54,Lot Status,System,Processing
2024/12/25 14:06:56,Lot Operation,System,Close Window
2024/12/25 14:08:59,BMode Scan Sampling,PM,BMode Scan Start
2024/12/25 14:14:08,BMode Scan Sampling,PM,BMode Scan End
2024/12/25 14:15:06,BMode Scan Sampling,PM,BMode Scan Start
2024/12/25 14:15:44,Overview,System,Service View
2024/12/25 14:19:37,BMode Scan Sampling,PM,BMode Scan End
2024/12/25 14:20:35,BMode Scan Sampling,PM,BMode Scan Start
2024/12/25 14:21:23,Overview,System,Service View
2024/12/25 14:25:52,BMode Scan Sampling,PM,BMode Scan End
2024/12/25 14:26:50,BMode Scan Sampling,PM,BMode Scan Start
2024/12/25 14:31:17,BMode Scan Sampling,PM,BMode Scan End
2024/12/25 14:37:29,Overview,System,ModeChange View
2024/12/25 14:37:35,Overview,System,Auto View
2024/12/25 14:37:38,Overview,System,ModeChange View
2024/12/25 14:37:46,Overview,System,LotOperation View
2024/12/25 14:38:05,Overview,System,Auto View
2024/12/25 14:38:07,Auto,System,Stop
2024/12/25 14:38:17,Overview,System,ModeChange View
2024/12/25 14:38:18,Overview,System,Auto View
2024/12/25 14:38:23,Overview,System,LotOperation View
2024/12/25 14:38:45,Overview,System,ModeChange View
2024/12/25 14:38:53,Overview,System,ModeChange View
2024/12/25 14:39:19,Overview,System,ModeChange View
2024/12/25 14:39:54,Lot Operation,System,Close Window
2024/12/25 14:40:35,Overview,System,Transfer View
2024/12/25 14:42:15,Overview,System,
2024/12/25 14:42:18,Overview,System,Transfer View
2024/12/25 14:42:36,Overview,System,
2024/12/25 14:42:39,Overview,System,Transfer View
2024/12/25 14:43:11,Overview,System,LotOperation View
2024/12/25 14:43:17,Lot Operation,System,Close Window
2024/12/25 14:43:22,Overview,System,Transfer View
2024/12/25 14:47:53,Overview,System,LotOperation View
2024/12/25 14:48:21,Lot Operation,System,Close Window
2024/12/25 14:48:22,Overview,System,Auto View
2024/12/25 14:48:28,Overview,System,ModeChange View
2024/12/25 14:48:33,Overview,System,LotOperation View
2024/12/25 14:48:39,Lot Operation,System,Close Window
2024/12/25 14:48:46,Overview,System,ModeChange View
2024/12/25 14:49:33,Overview,System,Alarm View
2024/12/25 14:49:37,Overview,System,LotOperation View
2024/12/25 14:49:41,Lot Operation,System,Close Window
2024/12/25 14:50:15,Overview,System,Transfer View
2024/12/25 14:50:23,Overview,System,Service View
2024/12/25 14:51:03,Overview,System,LotOperation View
2024/12/25 14:51:24,Overview,System,Logout
2024/12/25 14:51:36,Lot Status,System,Processing
2024/12/25 14:51:39,Lot Status,System,Placed
2024/12/25 14:51:39,Lot Status,System,Placed
2024/12/25 14:51:48,Overview,System,LotOperation View
2024/12/25 14:51:55,Overview,System,Service View
2024/12/25 14:52:02,Overview,System,Auto View
2024/12/25 14:52:07,Overview,System,ModeChange View
2024/12/25 14:52:16,Overview,System,LotOperation View
2024/12/25 14:52:27,Overview,System,LotOperation View
2024/12/25 14:53:31,Overview,System,ModeChange View
2024/12/25 14:53:35,Overview,System,Auto View
2024/12/25 14:53:43,Auto,System,Start
2024/12/25 14:53:58,Lot Status,System,Processing
2024/12/25 14:55:59,BMode Scan Sampling,PM,BMode Scan Start
2024/12/25 15:00:25,BMode Scan Sampling,PM,BMode Scan End
2024/12/25 15:01:22,BMode Scan Sampling,PM,BMode Scan Start
2024/12/25 15:06:26,BMode Scan Sampling,PM,BMode Scan End
2024/12/25 15:07:24,BMode Scan Sampling,PM,BMode Scan Start
2024/12/25 15:11:47,BMode Scan Sampling,PM,BMode Scan End
2024/12/25 15:12:45,BMode Scan Sampling,PM,BMode Scan Start
2024/12/25 15:17:52,BMode Scan Sampling,PM,BMode Scan End
2024/12/25 15:18:50,BMode Scan Sampling,PM,BMode Scan Start
2024/12/25 15:22:22,Overview,System,Service View
2024/12/25 15:24:10,BMode Scan Sampling,PM,BMode Scan End
2024/12/25 15:25:08,BMode Scan Sampling,PM,BMode Scan Start
2024/12/25 15:29:33,BMode Scan Sampling,PM,BMode Scan End
2024/12/25 15:30:31,BMode Scan Sampling,PM,BMode Scan Start
2024/12/25 15:35:06,BMode Scan Sampling,PM,BMode Scan End
2024/12/25 15:36:03,BMode Scan Sampling,PM,BMode Scan Start
2024/12/25 15:40:22,Overview,System,History View
2024/12/25 15:41:27,BMode Scan Sampling,PM,BMode Scan End
2024/12/25 15:42:21,Overview,System,Auto View
2024/12/25 15:42:24,BMode Scan Sampling,PM,BMode Scan Start
2024/12/25 15:42:29,Overview,System,Auto View
2024/12/25 15:42:30,Overview,System,LotOperation View
2024/12/25 15:48:08,BMode Scan Sampling,PM,BMode Scan End
2024/12/25 15:49:11,Overview,System,ModeChange View
2024/12/25 15:51:04,Lot Status,System,Completed
2024/12/25 15:51:13,Overview,System,Auto View
2024/12/25 15:51:15,Auto,System,Stop
2024/12/25 15:52:32,Overview,System,LotOperation View
2024/12/25 15:53:03,Overview,System,ModeChange View
2024/12/25 15:53:10,Overview,System,LotOperation View
2024/12/25 15:53:37,Overview,System,Auto View
2024/12/25 15:53:41,Auto,System,Start
2024/12/25 15:53:44,Overview,System,ModeChange View
2024/12/25 15:53:51,Lot Status,System,Processing
2024/12/25 15:55:51,BMode Scan Sampling,PM,BMode Scan Start
2024/12/25 16:01:26,BMode Scan Sampling,PM,BMode Scan End
2024/12/25 16:02:24,BMode Scan Sampling,PM,BMode Scan Start
2024/12/25 16:07:41,BMode Scan Sampling,PM,BMode Scan End
