2025/03/22 10:12:04,Scan Data Send,Scan Count: 1
2025/03/22 10:12:17,DoContinueScanDataSend2012,Send Complete
2025/03/22 10:38:22,Scan Data Send,Scan Count: 1
2025/03/22 10:38:34,DoContinueScanDataSend2012,Send Complete
2025/03/22 10:59:12,Scan Data Send,Scan Count: 1
2025/03/22 10:59:24,DoContinueScanDataSend2012,Send Complete
2025/03/22 10:59:29,Scan Data Send,Scan Count: 1
2025/03/22 10:59:41,DoContinueScanDataSend2012,Send Complete
2025/03/22 11:25:07,Scan Data Send,Scan Count: 1
2025/03/22 11:25:20,DoContinueScanDataSend2012,Send Complete
2025/03/22 12:25:11,SemiAutoSendControl,Scan Start
2025/03/22 12:25:11,Scan Data Send,Route: 18
2025/03/22 12:25:11,Scan Data Send,Mode: ManualMode
2025/03/22 12:25:11,Read Error of Scan nResult File,Read Error: nResult.csv is nothing Path:C:\Measure\Bak\LotID_154043\1201_0322122344\Recipe_auto_1-1201.csv, ErrorStep=4
2025/03/22 12:25:11,Scan Data Send,Scan Count: 1
2025/03/22 12:25:24,DoContinueScanDataSend2012,Send Complete
2025/03/22 12:43:35,SemiAutoSendControl,Scan Start
2025/03/22 12:43:35,Scan Data Send,Route: 18
2025/03/22 12:43:35,Scan Data Send,Mode: ManualMode
2025/03/22 12:43:35,Read Error of Scan nResult File,Read Error: nResult.csv is nothing Path:C:\Measure\Bak\LotID_154043\1202_0322124205\Recipe_auto_2-1202.csv, ErrorStep=4
2025/03/22 12:43:35,Scan Data Send,Scan Count: 1
2025/03/22 12:43:48,DoContinueScanDataSend2012,Send Complete
2025/03/22 12:51:53,SemiAutoSendControl,Scan Start
2025/03/22 12:51:53,Scan Data Send,Route: 18
2025/03/22 12:51:53,Scan Data Send,Mode: ManualMode
2025/03/22 12:51:53,Read Error of Scan nResult File,Read Error: nResult.csv is nothing Path:C:\Measure\Bak\LotID_154043\1203_0322124401\Recipe_auto_3-1203.csv, ErrorStep=4
2025/03/22 12:51:53,Scan Data Send,Scan Count: 1
2025/03/22 12:52:06,DoContinueScanDataSend2012,Send Complete
2025/03/22 12:56:54,SemiAutoSendControl,Scan Start
2025/03/22 12:56:54,Scan Data Send,Route: 18
2025/03/22 12:56:54,Scan Data Send,Mode: ManualMode
2025/03/22 12:56:54,Read Error of Scan nResult File,Read Error: nResult.csv is nothing Path:C:\Measure\Bak\LotID_154043\1204_0322124600\Recipe_auto_4-1204.csv, ErrorStep=4
2025/03/22 12:56:54,Scan Data Send,Scan Count: 1
2025/03/22 12:57:07,DoContinueScanDataSend2012,Send Complete
2025/03/22 13:03:19,SemiAutoSendControl,Scan Start
2025/03/22 13:03:20,Scan Data Send,Route: 18
2025/03/22 13:03:20,Scan Data Send,Mode: ManualMode
2025/03/22 13:03:20,Read Error of Scan nResult File,Read Error: nResult.csv is nothing Path:C:\Measure\Bak\LotID_154043\1206_0322125344\Recipe_auto_5-1206.csv, ErrorStep=4
2025/03/22 13:03:20,Scan Data Send,Scan Count: 1
2025/03/22 13:03:32,DoContinueScanDataSend2012,Send Complete
2025/03/22 13:11:19,SemiAutoSendControl,Scan Start
2025/03/22 13:11:19,Scan Data Send,Route: 18
2025/03/22 13:11:19,Scan Data Send,Mode: ManualMode
2025/03/22 13:11:19,Read Error of Scan nResult File,Read Error: nResult.csv is nothing Path:C:\Measure\Bak\LotID_154043\1207_0322125845\Recipe_auto_6-1207.csv, ErrorStep=4
2025/03/22 13:11:19,Scan Data Send,Scan Count: 1
2025/03/22 13:11:31,DoContinueScanDataSend2012,Send Complete
2025/03/22 13:16:51,SemiAutoSendControl,Scan Start
2025/03/22 13:16:51,Scan Data Send,Route: 18
2025/03/22 13:16:51,Scan Data Send,Mode: ManualMode
2025/03/22 13:16:51,Read Error of Scan nResult File,Read Error: nResult.csv is nothing Path:C:\Measure\Bak\LotID_154043\1209_0322130510\Recipe_auto_7-1209.csv, ErrorStep=4
2025/03/22 13:16:51,Scan Data Send,Scan Count: 1
2025/03/22 13:17:03,DoContinueScanDataSend2012,Send Complete
2025/03/22 13:22:52,SemiAutoSendControl,Scan Start
2025/03/22 13:22:52,Scan Data Send,Route: 18
2025/03/22 13:22:52,Scan Data Send,Mode: ManualMode
2025/03/22 13:22:52,Read Error of Scan nResult File,Read Error: nResult.csv is nothing Path:C:\Measure\Bak\LotID_154043\1211_0322131310\Recipe_auto_8-1211.csv, ErrorStep=4
2025/03/22 13:22:52,Scan Data Send,Scan Count: 1
2025/03/22 13:23:05,DoContinueScanDataSend2012,Send Complete
2025/03/22 13:27:52,SemiAutoSendControl,Scan Start
2025/03/22 13:27:52,Scan Data Send,Route: 18
2025/03/22 13:27:52,Scan Data Send,Mode: ManualMode
2025/03/22 13:27:52,Read Error of Scan nResult File,Read Error: nResult.csv is nothing Path:C:\Measure\Bak\LotID_154043\1212_0322131841\Recipe_auto_9-1212.csv, ErrorStep=4
2025/03/22 13:27:52,Scan Data Send,Scan Count: 1
2025/03/22 13:28:05,DoContinueScanDataSend2012,Send Complete
2025/03/22 13:36:01,SemiAutoSendControl,Scan Start
2025/03/22 13:36:01,Scan Data Send,Route: 18
2025/03/22 13:36:01,Scan Data Send,Mode: ManualMode
2025/03/22 13:36:01,Read Error of Scan nResult File,Read Error: nResult.csv is nothing Path:C:\Measure\Bak\LotID_154043\1213_0322132443\Recipe_auto_10-1213.csv, ErrorStep=4
2025/03/22 13:36:01,Scan Data Send,Scan Count: 1
2025/03/22 13:36:14,DoContinueScanDataSend2012,Send Complete
2025/03/22 13:41:27,SemiAutoSendControl,Scan Start
2025/03/22 13:41:27,Scan Data Send,Route: 18
2025/03/22 13:41:27,Scan Data Send,Mode: ManualMode
2025/03/22 13:41:27,Read Error of Scan nResult File,Read Error: nResult.csv is nothing Path:C:\Measure\Bak\LotID_154043\1214_0322132943\Recipe_auto_11-1214.csv, ErrorStep=4
2025/03/22 13:41:27,Scan Data Send,Scan Count: 1
2025/03/22 13:41:40,DoContinueScanDataSend2012,Send Complete
2025/03/22 13:49:57,SemiAutoSendControl,Scan Start
2025/03/22 13:49:58,Scan Data Send,Route: 18
2025/03/22 13:49:58,Scan Data Send,Mode: ManualMode
2025/03/22 13:49:58,Read Error of Scan nResult File,Read Error: nResult.csv is nothing Path:C:\Measure\Bak\LotID_154043\1215_0322133751\Recipe_auto_12-1215.csv, ErrorStep=4
2025/03/22 13:49:58,Scan Data Send,Scan Count: 1
2025/03/22 13:50:10,DoContinueScanDataSend2012,Send Complete
2025/03/22 13:58:36,SemiAutoSendControl,Scan Start
2025/03/22 13:58:36,Scan Data Send,Route: 18
2025/03/22 13:58:36,Scan Data Send,Mode: ManualMode
2025/03/22 13:58:36,Read Error of Scan nResult File,Read Error: nResult.csv is nothing Path:C:\Measure\Bak\LotID_154043\1217_0322134317\Recipe_auto_13-1217.csv, ErrorStep=4
2025/03/22 13:58:36,Scan Data Send,Scan Count: 1
2025/03/22 13:58:49,DoContinueScanDataSend2012,Send Complete
2025/03/22 14:04:33,SemiAutoSendControl,Scan Start
2025/03/22 14:04:33,Scan Data Send,Route: 18
2025/03/22 14:04:33,Scan Data Send,Mode: ManualMode
2025/03/22 14:04:33,Read Error of Scan nResult File,Read Error: nResult.csv is nothing Path:C:\Measure\Bak\LotID_154043\1219_0322135148\Recipe_auto_14-1219.csv, ErrorStep=4
2025/03/22 14:04:33,Scan Data Send,Scan Count: 1
2025/03/22 14:04:46,DoContinueScanDataSend2012,Send Complete
2025/03/22 15:19:36,Scan Data Send,Scan Count: 1
2025/03/22 15:19:48,DoContinueScanDataSend2012,Send Complete
2025/03/22 15:38:10,Scan Data Send,Scan Count: 1
2025/03/22 15:38:22,DoContinueScanDataSend2012,Send Complete
