﻿//排気画面,,,,,,,,,,,,,,,,,,,,
//ItemName, Set Device Address, Unit, RangeMin, RangeMax,ScaleMin,ScaleMax,DataType,Formatv Act Device Address

MFC31 Flow Set,D1127,[sccm],0.0,1000,0,4000,Int16,0,
MFC32 Flow Set,D1128,[sccm],0,0,1000,0,4000,Int16,0,
MFC33 Flow Set,D1129,[sccm],0,0,1000,0,4000,Int16,0,
MFC34 Flow Set,D1130,[sccm],0,0,1000,0,4000,Int16,0,
MFC41 Flow Set,D1131,[sccm],0,0,1000,0,4000,Int16,0,
MFC42 Flow Set,D1132,[sccm],0,0,1000,0,4000,Int16,0,
MFC43 Flow Set,D1133,[sccm],0,0,1000,0,4000,Int16,0,
MFC44 Flow Set,D1134,[sccm],0,0,1000,0,4000,Int16,0,

MFC31 Flow Mon,D742,[sccm],0,1000,0,4000,Int16,0,
MFC32 Flow Mon,D743,[sccm],0,1000,0,4000,Int16,0,
MFC33 Flow Mon,D744,[sccm],0,1000,0,4000,Int16,0,
MFC34 Flow Mon,D745,[sccm],0,1000,0,4000,Int16,0,
MFC41 Flow Mon,D746,[sccm],0,1000,0,4000,Int16,0,
MFC42 Flow Mon,D747,[sccm],0,1000,0,4000,Int16,0,
MFC43 Flow Mon,D748,[sccm],0,1000,0,4000,Int16,0,
MFC44 Flow Mon,D749,[sccm],0,1000,0,4000,Int16,0,
