//LIFE PC,,,,,,,,,,
//ItemName, Device Address, Unit, RangeMin, RangeMax,ScaleMin,ScaleMax,DataType,Format,Act Device Address, Reset Command
Main Power Life,D1550,[Day],0,9999,0,9999,Word,0,D700,D1017@0x1
DRP01 Life,D1551,[Day],0,9999,0,9999,Word,0,D701,D1017@0x2
TMP01 Life,D1552,[Day],0,9999,0,9999,Word,0,D702,D1017@0x3
TMP02 Life,D1553,[Day],0,9999,0,9999,Word,0,D703,D1017@0x4
TMP03 Life,D1554,[Day],0,9999,0,9999,Word,0,D704,D1017@0x5
PIG01 Life,D1555,[Day],0,9999,0,9999,Word,0,D705,D1017@0x6
PIG02 Life,D1556,[Day],0,9999,0,9999,Word,0,D706,D1017@0x7
CCG01 Life,D1557,[Day],0,9999,0,9999,Word,0,D707,D1017@0x8
Acceletion Supply Life,D1559,[Day],0,9999,0,9999,Word,0,D710,D1017@0x10
Suppressor Supply Life,D1560,[Day],0,9999,0,9999,Word,0,D711,D1017@0x11
LENS1 Supply Life,D1561,[Day],0,9999,0,9999,Word,0,D712,D1017@0x12
LENS2 Supply Life,D1562,[Day],0,9999,0,9999,Word,0,D713,D1017@0x13
Bias Supply Life,D1563,[Day],0,9999,0,9999,Word,0,D714,D1017@0x14
Arc Supply Life,D1564,[Day],0,9999,0,9999,Word,0,D715,D1017@0x15
Filament Supply Life,D1565,[Day],0,9999,0,9999,Word,0,D716,D1017@0x16
Neut. ExtractionSupply,D1566,[Day],0,9999,0,9999,Word,0,D717,D1017@0x17
Neut. Filament Supply,D1567,[Day],0,9999,0,9999,Word,0,D718,D1017@0x18
