//LIFE PC,,,,,,,,,,
//ItemName, Device Address, Unit, RangeMin, RangeMax,ScaleMin,ScaleMax,DataType,Format,Act Device Address, Reset Command
DRP11 Life,D1570,[Day],0,9999,0,9999,Word,0,D720,D1017@0x20
TMP11 Life,D1571,[Day],0,9999,0,9999,Word,0,D721,D1017@0x21
PEG11 Life,D1572,[Day],0,9999,0,9999,Word,0,D722,D1017@0x22
M11 X-AXIS Motor Life,D1580,[Day],0,9999,0,9999,DWord,0,D730,D1017@0x30
M12 Y-AXIS Motor Life,D1582,[Day],0,9999,0,9999,DWord,0,D732,D1017@0x31
M13 T-AXIS Motor Life,D1584,[Day],0,9999,0,9999,DWord,0,D734,D1017@0x32
M14 Lift-Up Motor Life,D1586,[Day],0,9999,0,9999,DWord,0,D736,D1017@0x33
RV11 Life  ,D1608,[Count],0,9999999,0,9999999,DWord,0,D758,D1017@0x49
LV11 Life  ,D1610,[Count],0,9999999,0,9999999,DWord,0,D760,D1017@0x4A
FV11 Life  ,D1612,[Count],0,9999999,0,9999999,DWord,0,D762,D1017@0x4B
MV11 Life  ,D1614,[Count],0,9999999,0,9999999,DWord,0,D764,D1017@0x4C
