//LIFE PC,,,,,,,,,,
//ItemName, Device Address, Unit, RangeMin, RangeMax,ScaleMin,ScaleMax,DataType,Format,Act Device Address, Reset Command
Main Power Life,D1550,[Day],0,9999,0,9999,Word,0,D700,D1017@0x1
DRP01 Life,D1551,[Day],0,9999,0,9999,Word,0,D701,D1017@0x2
TMP01 Life,D1552,[Day],0,9999,0,9999,Word,0,D702,D1017@0x3
TMP02 Life,D1553,[Day],0,9999,0,9999,Word,0,D703,D1017@0x4
TMP03 Life,D1554,[Day],0,9999,0,9999,Word,0,D704,D1017@0x5
PIG01 Life,D1555,[Day],0,9999,0,9999,Word,0,D705,D1017@0x6
PIG02 Life,D1556,[Day],0,9999,0,9999,Word,0,D706,D1017@0x7
//CCG01 Life,D1557,[Day],0,9999,0,9999,Word,0,D707,D1017@0x8
