2024/12/25 08:50:14,Scan Data Send,Scan Count: 1
2024/12/25 08:50:26,DoContinueScanDataSend2012,Send Complete
2024/12/25 09:12:20,Scan Data Send,Scan Count: 1
2024/12/25 09:12:31,DoContinueScanDataSend2012,Send Complete
2024/12/25 09:32:21,Scan Data Send,Scan Count: 1
2024/12/25 09:32:33,DoContinueScanDataSend2012,Send Complete
2024/12/25 09:54:47,Scan Data Send,Scan Count: 1
2024/12/25 09:54:58,DoContinueScanDataSend2012,Send Complete
2024/12/25 10:13:34,Scan Data Send,Scan Count: 1
2024/12/25 10:13:45,DoContinueScanDataSend2012,Send Complete
2024/12/25 10:45:41,Scan Data Send,Scan Count: 1
2024/12/25 10:45:53,DoContinueScanDataSend2012,Send Complete
2024/12/25 11:09:07,Scan Data Send,Scan Count: 1
2024/12/25 11:09:19,DoContinueScanDataSend2012,Send Complete
2024/12/25 13:16:30,Scan Data Send,Scan Count: 1
2024/12/25 13:16:42,DoContinueScanDataSend2012,Send Complete
2024/12/25 13:41:20,Scan Data Send,Scan Count: 1
2024/12/25 13:41:33,DoContinueScanDataSend2012,Send Complete
2024/12/25 14:08:51,SemiAutoSendControl,Scan Start
2024/12/25 14:08:51,Scan Data Send,Route: 18
2024/12/25 14:08:51,Scan Data Send,Mode: ManualMode
2024/12/25 14:08:51,Read Error of Scan nResult File,Read Error: nResult.csv is nothing Path:C:\Measure\Bak\LotID_115109\2401_1225140718\Recipe_auto_1-2401.csv, ErrorStep=4
2024/12/25 14:08:51,Scan Data Send,Scan Count: 1
2024/12/25 14:09:05,DoContinueScanDataSend2012,Send Complete
2024/12/25 14:14:55,SemiAutoSendControl,Scan Start
2024/12/25 14:14:55,Scan Data Send,Route: 18
2024/12/25 14:14:55,Scan Data Send,Mode: ManualMode
2024/12/25 14:14:55,Read Error of Scan nResult File,Read Error: nResult.csv is nothing Path:C:\Measure\Bak\LotID_115109\2402_1225140916\Recipe_auto_2-2402.csv, ErrorStep=4
2024/12/25 14:14:55,Scan Data Send,Scan Count: 1
2024/12/25 14:15:09,DoContinueScanDataSend2012,Send Complete
2024/12/25 14:20:24,SemiAutoSendControl,Scan Start
2024/12/25 14:20:24,Scan Data Send,Route: 18
2024/12/25 14:20:24,Scan Data Send,Mode: ManualMode
2024/12/25 14:20:24,Read Error of Scan nResult File,Read Error: nResult.csv is nothing Path:C:\Measure\Bak\LotID_115109\2403_1225141115\Recipe_auto_3-2403.csv, ErrorStep=4
2024/12/25 14:20:24,Scan Data Send,Scan Count: 1
2024/12/25 14:20:38,DoContinueScanDataSend2012,Send Complete
2024/12/25 14:26:40,SemiAutoSendControl,Scan Start
2024/12/25 14:26:40,Scan Data Send,Route: 18
2024/12/25 14:26:40,Scan Data Send,Mode: ManualMode
2024/12/25 14:26:40,Read Error of Scan nResult File,Read Error: nResult.csv is nothing Path:C:\Measure\Bak\LotID_115109\2404_1225141651\Recipe_auto_4-2404.csv, ErrorStep=4
2024/12/25 14:26:40,Scan Data Send,Scan Count: 1
2024/12/25 14:26:53,DoContinueScanDataSend2012,Send Complete
2024/12/25 14:55:50,SemiAutoSendControl,Scan Start
2024/12/25 14:55:50,Scan Data Send,Route: 18
2024/12/25 14:55:50,Scan Data Send,Mode: ManualMode
2024/12/25 14:55:50,Read Error of Scan nResult File,Read Error: nResult.csv is nothing Path:C:\Measure\Bak\LotID_145358\2405_1225145421\Recipe_auto_1-2405.csv, ErrorStep=4
2024/12/25 14:55:50,Scan Data Send,Scan Count: 1
2024/12/25 14:56:04,DoContinueScanDataSend2012,Send Complete
2024/12/25 15:01:11,SemiAutoSendControl,Scan Start
2024/12/25 15:01:11,Scan Data Send,Route: 18
2024/12/25 15:01:11,Scan Data Send,Mode: ManualMode
2024/12/25 15:01:11,Read Error of Scan nResult File,Read Error: nResult.csv is nothing Path:C:\Measure\Bak\LotID_145358\2406_1225145617\Recipe_auto_2-2406.csv, ErrorStep=4
2024/12/25 15:01:11,Scan Data Send,Scan Count: 1
2024/12/25 15:01:25,DoContinueScanDataSend2012,Send Complete
2024/12/25 15:07:13,SemiAutoSendControl,Scan Start
2024/12/25 15:07:13,Scan Data Send,Route: 18
2024/12/25 15:07:13,Scan Data Send,Mode: ManualMode
2024/12/25 15:07:13,Read Error of Scan nResult File,Read Error: nResult.csv is nothing Path:C:\Measure\Bak\LotID_145358\2407_1225145816\Recipe_auto_3-2407.csv, ErrorStep=4
2024/12/25 15:07:13,Scan Data Send,Scan Count: 1
2024/12/25 15:07:26,DoContinueScanDataSend2012,Send Complete
2024/12/25 15:12:34,SemiAutoSendControl,Scan Start
2024/12/25 15:12:34,Scan Data Send,Route: 18
2024/12/25 15:12:34,Scan Data Send,Mode: ManualMode
2024/12/25 15:12:34,Read Error of Scan nResult File,Read Error: nResult.csv is nothing Path:C:\Measure\Bak\LotID_145358\2408_1225150307\Recipe_auto_4-2408.csv, ErrorStep=4
2024/12/25 15:12:34,Scan Data Send,Scan Count: 1
2024/12/25 15:12:47,DoContinueScanDataSend2012,Send Complete
2024/12/25 15:18:39,SemiAutoSendControl,Scan Start
2024/12/25 15:18:40,Scan Data Send,Route: 18
2024/12/25 15:18:40,Scan Data Send,Mode: ManualMode
2024/12/25 15:18:40,Read Error of Scan nResult File,Read Error: nResult.csv is nothing Path:C:\Measure\Bak\LotID_145358\2409_1225150908\Recipe_auto_5-2409.csv, ErrorStep=4
2024/12/25 15:18:40,Scan Data Send,Scan Count: 1
2024/12/25 15:18:53,DoContinueScanDataSend2012,Send Complete
2024/12/25 15:24:57,SemiAutoSendControl,Scan Start
2024/12/25 15:24:57,Scan Data Send,Route: 18
2024/12/25 15:24:57,Scan Data Send,Mode: ManualMode
2024/12/25 15:24:57,Read Error of Scan nResult File,Read Error: nResult.csv is nothing Path:C:\Measure\Bak\LotID_145358\2412_1225151429\Recipe_auto_6-2412.csv, ErrorStep=4
2024/12/25 15:24:57,Scan Data Send,Scan Count: 1
2024/12/25 15:25:11,DoContinueScanDataSend2012,Send Complete
2024/12/25 15:30:20,SemiAutoSendControl,Scan Start
2024/12/25 15:30:21,Scan Data Send,Route: 18
2024/12/25 15:30:21,Scan Data Send,Mode: ManualMode
2024/12/25 15:30:21,Read Error of Scan nResult File,Read Error: nResult.csv is nothing Path:C:\Measure\Bak\LotID_145358\2413_1225152036\Recipe_auto_7-2413.csv, ErrorStep=4
2024/12/25 15:30:21,Scan Data Send,Scan Count: 1
2024/12/25 15:30:34,DoContinueScanDataSend2012,Send Complete
2024/12/25 15:35:52,SemiAutoSendControl,Scan Start
2024/12/25 15:35:53,Scan Data Send,Route: 18
2024/12/25 15:35:53,Scan Data Send,Mode: ManualMode
2024/12/25 15:35:53,Read Error of Scan nResult File,Read Error: nResult.csv is nothing Path:C:\Measure\Bak\LotID_145358\2414_1225152652\Recipe_auto_8-2414.csv, ErrorStep=4
2024/12/25 15:35:53,Scan Data Send,Scan Count: 1
2024/12/25 15:36:06,DoContinueScanDataSend2012,Send Complete
2024/12/25 15:42:13,SemiAutoSendControl,Scan Start
2024/12/25 15:42:13,Scan Data Send,Route: 18
2024/12/25 15:42:13,Scan Data Send,Mode: ManualMode
2024/12/25 15:42:13,Read Error of Scan nResult File,Read Error: nResult.csv is nothing Path:C:\Measure\Bak\LotID_145358\2415_1225153216\Recipe_auto_9-2415.csv, ErrorStep=4
2024/12/25 15:42:13,Scan Data Send,Scan Count: 1
2024/12/25 15:42:27,DoContinueScanDataSend2012,Send Complete
2024/12/25 15:55:43,SemiAutoSendControl,Scan Start
2024/12/25 15:55:43,Scan Data Send,Route: 18
2024/12/25 15:55:43,Scan Data Send,Mode: ManualMode
2024/12/25 15:55:43,Read Error of Scan nResult File,Read Error: nResult.csv is nothing Path:C:\Measure\Bak\LotID_145358\2424_1225155413\Recipe_auto_1-2424.csv, ErrorStep=4
2024/12/25 15:55:43,Scan Data Send,Scan Count: 1
2024/12/25 15:55:57,DoContinueScanDataSend2012,Send Complete
2024/12/25 16:02:13,SemiAutoSendControl,Scan Start
2024/12/25 16:02:13,Scan Data Send,Route: 18
2024/12/25 16:02:13,Scan Data Send,Mode: ManualMode
2024/12/25 16:02:13,Read Error of Scan nResult File,Read Error: nResult.csv is nothing Path:C:\Measure\Bak\LotID_145358\2425_1225155609\Recipe_auto_2-2425.csv, ErrorStep=4
2024/12/25 16:02:13,Scan Data Send,Scan Count: 1
2024/12/25 16:02:25,DoContinueScanDataSend2012,Send Complete
