2024/12/27 09:55:15,Send: TFMS1000073BMFST,
2024/12/27 09:55:36,Receive: Error:A connection attempt failed because the connected party did not properly respond after a period of time, or established connection failed because connected host has failed to respond 192.168.10.66:5000
2024/12/27 09:55:38,Send: TFMS1000074BMFST,
2024/12/27 09:55:38,Receive: TFMS1000074AMFST
2024/12/27 09:55:39,Send: TFMS1000075BMSTS
2024/12/27 09:55:39,Receive: TFMS1000075AMSTS,2
2024/12/27 09:55:40,Send: TFMS1000076BMSTS
2024/12/27 09:55:40,Receive: TFMS1000076AMSTS,2
2024/12/27 09:55:41,Send: TFMS1000077BMSTS
2024/12/27 09:55:41,Receive: TFMS1000077AMSTS,2
2024/12/27 09:55:42,Send: TFMS1000078BMSTS
2024/12/27 09:55:42,Receive: TFMS1000078AMSTS,2
2024/12/27 09:55:43,Send: TFMS1000079BMSTS
2024/12/27 09:55:43,Receive: TFMS1000079AMSTS,1
2024/12/27 09:55:57,Send: TFMS1000080BMMST,LotID_145358,2622,SiO2(PtoP Ref:LN Device),MAP18
2024/12/27 09:55:57,Receive: TFMS1000080AMMST,2622
2024/12/27 09:56:58,Send: TFMS1000081BMSTS
2024/12/27 09:57:19,Receive: Error:A connection attempt failed because the connected party did not properly respond after a period of time, or established connection failed because connected host has failed to respond 192.168.10.66:5000
2024/12/27 09:58:04,Send: TFMS1000082BMSTS
2024/12/27 09:58:25,Receive: Error:A connection attempt failed because the connected party did not properly respond after a period of time, or established connection failed because connected host has failed to respond 192.168.10.66:5000
2024/12/27 09:59:10,Send: TFMS1000083BMSTS
2024/12/27 09:59:31,Receive: Error:A connection attempt failed because the connected party did not properly respond after a period of time, or established connection failed because connected host has failed to respond 192.168.10.66:5000
2024/12/27 10:02:07,Send: TFMS1000084BMFST,
2024/12/27 10:02:07,Receive: TFMS1000084AMFST
2024/12/27 10:02:08,Send: TFMS1000085BMSTS
2024/12/27 10:02:08,Receive: TFMS1000085AMSTS,2
2024/12/27 10:02:09,Send: TFMS1000086BMSTS
2024/12/27 10:02:09,Receive: TFMS1000086AMSTS,2
2024/12/27 10:02:10,Send: TFMS1000087BMSTS
2024/12/27 10:02:10,Receive: TFMS1000087AMSTS,2
2024/12/27 10:02:11,Send: TFMS1000088BMSTS
2024/12/27 10:02:11,Receive: TFMS1000088AMSTS,2
2024/12/27 10:02:12,Send: TFMS1000089BMSTS
2024/12/27 10:02:12,Receive: TFMS1000089AMSTS,1
2024/12/27 10:02:25,Send: TFMS1000090BMMST,LotID_145358,2622,SiO2(PtoP Ref:LN Device),MAP18
2024/12/27 10:02:25,Receive: TFMS1000090AMMST,2622
2024/12/27 10:03:26,Send: TFMS1000091BMSTS
2024/12/27 10:03:47,Receive: Error:A connection attempt failed because the connected party did not properly respond after a period of time, or established connection failed because connected host has failed to respond 192.168.10.66:5000
2024/12/27 10:04:32,Send: TFMS1000092BMSTS
2024/12/27 10:04:53,Receive: Error:A connection attempt failed because the connected party did not properly respond after a period of time, or established connection failed because connected host has failed to respond 192.168.10.66:5000
2024/12/27 10:05:38,Send: TFMS1000093BMSTS
2024/12/27 10:05:38,Receive: TFMS1000093AMSTS,0
2024/12/27 10:06:05,Send: TFMS1000094BMFST,
2024/12/27 10:06:05,Receive: TFMS1000094AMFST
2024/12/27 10:06:06,Send: TFMS1000095BMSTS
2024/12/27 10:06:06,Receive: TFMS1000095AMSTS,1
2024/12/27 10:06:19,Send: TFMS1000096BMMST,LotID_145358,2622,SiO2(PtoP Ref:LN Device),MAP18
2024/12/27 10:06:19,Receive: TFMS1000096AMMST,2622
2024/12/27 10:07:20,Send: TFMS1000097BMSTS
2024/12/27 10:07:50,Receive: Error:Unable to read data from the transport connection: A connection attempt failed because the connected party did not properly respond after a period of time, or established connection failed because connected host has failed to respond.
2024/12/27 10:08:26,Send: TFMS1000098BMSTS
2024/12/27 10:08:38,Receive: Error:Unable to read data from the transport connection: An existing connection was forcibly closed by the remote host.
2024/12/27 10:09:32,Send: TFMS1000099BMSTS
2024/12/27 10:09:53,Receive: Error:A connection attempt failed because the connected party did not properly respond after a period of time, or established connection failed because connected host has failed to respond 192.168.10.66:5000
2024/12/27 10:12:31,Send: TFMS1000100BMFST,
2024/12/27 10:12:31,Receive: TFMS1000100AMFST
2024/12/27 10:12:32,Send: TFMS1000101BMSTS
2024/12/27 10:12:32,Receive: TFMS1000101AMSTS,2
2024/12/27 10:12:33,Send: TFMS1000102BMSTS
2024/12/27 10:12:33,Receive: TFMS1000102AMSTS,2
2024/12/27 10:12:34,Send: TFMS1000103BMSTS
2024/12/27 10:12:34,Receive: TFMS1000103AMSTS,2
2024/12/27 10:12:35,Send: TFMS1000104BMSTS
2024/12/27 10:12:35,Receive: TFMS1000104AMSTS,2
2024/12/27 10:12:36,Send: TFMS1000105BMSTS
2024/12/27 10:12:36,Receive: TFMS1000105AMSTS,1
2024/12/27 10:12:44,Send: TFMS1000106BMMST,LotID_145358,2622,SiO2(PtoP Ref:LN Device),MAP18
2024/12/27 10:12:44,Receive: TFMS1000106AMMST,2622
2024/12/27 10:13:47,Send: TFMS1000107BMFST,
2024/12/27 10:13:47,Receive: TFMS1000107AMFST
2024/12/27 10:13:48,Send: TFMS1000108BMSTS
2024/12/27 10:13:48,Receive: TFMS1000108AMSTS,2
2024/12/27 10:13:49,Send: TFMS1000109BMSTS
2024/12/27 10:13:49,Receive: TFMS1000109AMSTS,2
2024/12/27 10:13:50,Send: TFMS1000110BMSTS
2024/12/27 10:13:50,Receive: TFMS1000110AMSTS,2
2024/12/27 10:13:51,Send: TFMS1000111BMSTS
2024/12/27 10:13:51,Receive: TFMS1000111AMSTS,2
2024/12/27 10:13:52,Send: TFMS1000112BMSTS
2024/12/27 10:13:52,Receive: TFMS1000112AMSTS,1
2024/12/27 10:14:40,Send: TFMS1000113BMFST,
2024/12/27 10:14:40,Receive: TFMS1000113AMFST
2024/12/27 10:14:41,Send: TFMS1000114BMSTS
2024/12/27 10:14:41,Receive: TFMS1000114AMSTS,1
2024/12/27 10:14:54,Send: TFMS1000115BMMST,LotID_145358,2622,SiO2(PtoP Ref:LN Device),MAP18
2024/12/27 10:14:54,Receive: TFMS1000115AMMST,2622
2024/12/27 10:15:55,Send: TFMS1000116BMSTS
2024/12/27 10:16:25,Receive: Error:Unable to read data from the transport connection: A connection attempt failed because the connected party did not properly respond after a period of time, or established connection failed because connected host has failed to respond.
2024/12/27 10:17:01,Send: TFMS1000117BMSTS
2024/12/27 10:17:31,Receive: Error:Unable to read data from the transport connection: A connection attempt failed because the connected party did not properly respond after a period of time, or established connection failed because connected host has failed to respond.
2024/12/27 10:18:07,Send: TFMS1000118BMSTS
2024/12/27 10:18:37,Receive: Error:Unable to read data from the transport connection: A connection attempt failed because the connected party did not properly respond after a period of time, or established connection failed because connected host has failed to respond.
2024/12/27 10:21:09,Send: TFMS1000119BMFST,
2024/12/27 10:21:10,Receive: TFMS1000119AMFST
2024/12/27 10:21:10,Send: TFMS1000120BMSTS
2024/12/27 10:21:11,Receive: TFMS1000120AMSTS,2
2024/12/27 10:21:11,Send: TFMS1000121BMSTS
2024/12/27 10:21:12,Receive: TFMS1000121AMSTS,2
2024/12/27 10:21:12,Send: TFMS1000122BMSTS
2024/12/27 10:21:13,Receive: TFMS1000122AMSTS,2
2024/12/27 10:21:13,Send: TFMS1000123BMSTS
2024/12/27 10:21:14,Receive: TFMS1000123AMSTS,2
2024/12/27 10:21:14,Send: TFMS1000124BMSTS
2024/12/27 10:21:15,Receive: TFMS1000124AMSTS,1
2024/12/27 10:21:46,Send: TFMS1000125BMMST,LotID_145358,2622,SiO2(PtoP Ref:LN Device),MAP18
2024/12/27 10:21:47,Receive: TFMS1000125AMMST,2622
2024/12/27 10:22:47,Send: TFMS1000126BMSTS
2024/12/27 10:23:17,Receive: Error:Unable to read data from the transport connection: A connection attempt failed because the connected party did not properly respond after a period of time, or established connection failed because connected host has failed to respond.
2024/12/27 10:23:54,Send: TFMS1000127BMSTS
2024/12/27 10:24:24,Receive: Error:Unable to read data from the transport connection: A connection attempt failed because the connected party did not properly respond after a period of time, or established connection failed because connected host has failed to respond.
2024/12/27 10:25:00,Send: TFMS1000128BMSTS
2024/12/27 10:25:30,Receive: Error:Unable to read data from the transport connection: A connection attempt failed because the connected party did not properly respond after a period of time, or established connection failed because connected host has failed to respond.
2024/12/27 10:33:27,Send: TFMS1000129BMFST,
2024/12/27 10:33:27,Receive: TFMS1000129AMFST
2024/12/27 10:33:28,Send: TFMS1000130BMSTS
2024/12/27 10:33:28,Receive: TFMS1000130AMSTS,2
2024/12/27 10:33:29,Send: TFMS1000131BMSTS
2024/12/27 10:33:29,Receive: TFMS1000131AMSTS,2
2024/12/27 10:33:30,Send: TFMS1000132BMSTS
2024/12/27 10:33:30,Receive: TFMS1000132AMSTS,2
2024/12/27 10:33:31,Send: TFMS1000133BMSTS
2024/12/27 10:33:31,Receive: TFMS1000133AMSTS,2
2024/12/27 10:33:32,Send: TFMS1000134BMSTS
2024/12/27 10:33:32,Receive: TFMS1000134AMSTS,1
2024/12/27 10:33:47,Send: TFMS1000135BMMST,LotID_145358,2622,SiO2(PtoP Ref:LN Device),MAP18
2024/12/27 10:33:47,Receive: TFMS1000135AMMST,2622
2024/12/27 10:34:48,Send: TFMS1000136BMSTS
2024/12/27 10:35:09,Receive: Error:A connection attempt failed because the connected party did not properly respond after a period of time, or established connection failed because connected host has failed to respond 192.168.10.66:5000
2024/12/27 10:35:54,Send: TFMS1000137BMSTS
2024/12/27 10:36:15,Receive: Error:A connection attempt failed because the connected party did not properly respond after a period of time, or established connection failed because connected host has failed to respond 192.168.10.66:5000
2024/12/27 10:37:00,Send: TFMS1000138BMSTS
2024/12/27 10:37:21,Receive: Error:A connection attempt failed because the connected party did not properly respond after a period of time, or established connection failed because connected host has failed to respond 192.168.10.66:5000
2024/12/27 10:38:23,Send: TFMS1000139BMFST,
2024/12/27 10:38:23,Receive: TFMS1000139AMFST
2024/12/27 10:38:24,Send: TFMS1000140BMSTS
2024/12/27 10:38:24,Receive: TFMS1000140AMSTS,2
2024/12/27 10:38:25,Send: TFMS1000141BMSTS
2024/12/27 10:38:25,Receive: TFMS1000141AMSTS,2
2024/12/27 10:38:26,Send: TFMS1000142BMSTS
2024/12/27 10:38:26,Receive: TFMS1000142AMSTS,2
2024/12/27 10:38:27,Send: TFMS1000143BMSTS
2024/12/27 10:38:27,Receive: TFMS1000143AMSTS,2
2024/12/27 10:38:28,Send: TFMS1000144BMSTS
2024/12/27 10:38:28,Receive: TFMS1000144AMSTS,1
2024/12/27 10:39:04,Send: TFMS1000145BMMST,LotID_145358,2622,SiO2(PtoP Ref:LN Device),MAP18
2024/12/27 10:39:04,Receive: TFMS1000145AMMST,2622
2024/12/27 10:40:05,Send: TFMS1000146BMSTS
2024/12/27 10:40:35,Receive: Error:Unable to read data from the transport connection: A connection attempt failed because the connected party did not properly respond after a period of time, or established connection failed because connected host has failed to respond.
2024/12/27 10:41:11,Send: TFMS1000147BMSTS
2024/12/27 10:41:41,Receive: Error:Unable to read data from the transport connection: A connection attempt failed because the connected party did not properly respond after a period of time, or established connection failed because connected host has failed to respond.
2024/12/27 10:42:17,Send: TFMS1000148BMSTS
2024/12/27 10:42:38,Receive: Error:A connection attempt failed because the connected party did not properly respond after a period of time, or established connection failed because connected host has failed to respond 192.168.10.66:5000
2024/12/27 12:43:57,Send: TFMS1000149BMFST,
2024/12/27 12:44:18,Receive: Error:A connection attempt failed because the connected party did not properly respond after a period of time, or established connection failed because connected host has failed to respond 192.168.10.66:5000
2024/12/27 12:44:20,Send: TFMS1000150BMFST,
2024/12/27 12:44:20,Receive: TFMS1000150AMFST
2024/12/27 12:44:21,Send: TFMS1000151BMSTS
2024/12/27 12:44:21,Receive: TFMS1000151AMSTS,1
2024/12/27 12:45:18,Send: TFMS1000152BMMST,LotID_145358,2622,SiO2(PtoP Ref:LN Device),MAP18
2024/12/27 12:45:18,Receive: TFMS1000152AMMST,2622
2024/12/27 12:46:19,Send: TFMS1000153BMSTS
2024/12/27 12:46:49,Receive: Error:Unable to read data from the transport connection: A connection attempt failed because the connected party did not properly respond after a period of time, or established connection failed because connected host has failed to respond.
2024/12/27 12:48:42,Send: TFMS1000154BMFST,
2024/12/27 12:48:42,Receive: TFMS1000154AMFST
2024/12/27 12:48:43,Send: TFMS1000155BMSTS
2024/12/27 12:48:43,Receive: TFMS1000155AMSTS,2
2024/12/27 12:48:44,Send: TFMS1000156BMSTS
2024/12/27 12:48:44,Receive: TFMS1000156AMSTS,2
2024/12/27 12:48:45,Send: TFMS1000157BMSTS
2024/12/27 12:48:45,Receive: TFMS1000157AMSTS,2
2024/12/27 12:48:46,Send: TFMS1000158BMSTS
2024/12/27 12:48:46,Receive: TFMS1000158AMSTS,2
2024/12/27 12:48:47,Send: TFMS1000159BMSTS
2024/12/27 12:48:47,Receive: TFMS1000159AMSTS,1
2024/12/27 12:48:56,Send: TFMS1000160BMMST,LotID_145358,2622,SiO2(PtoP Ref:LN Device),MAP18
2024/12/27 12:48:56,Receive: TFMS1000160AMMST,2622
2024/12/27 12:49:57,Send: TFMS1000161BMSTS
2024/12/27 12:49:57,Receive: TFMS1000161AMSTS,2
2024/12/27 12:51:03,Send: TFMS1000162BMSTS
2024/12/27 12:52:09,Send: TFMS1000163BMSTS
2024/12/27 12:52:25,Receive: Error:Unable to read data from the transport connection: An existing connection was forcibly closed by the remote host.
2024/12/27 12:53:15,Send: TFMS1000164BMSTS
2024/12/27 12:53:15,Receive: TFMS1000164AMSTS,0
2024/12/27 12:54:21,Send: TFMS1000165BMSTS
2024/12/27 12:54:21,Receive: TFMS1000165AMSTS,0
2024/12/27 12:55:27,Send: TFMS1000166BMSTS
2024/12/27 12:55:27,Receive: TFMS1000166AMSTS,0
2024/12/27 12:56:33,Send: TFMS1000167BMSTS
2024/12/27 12:56:33,Receive: TFMS1000167AMSTS,0
2024/12/27 12:57:39,Send: TFMS1000168BMSTS
2024/12/27 12:57:39,Receive: TFMS1000168AMSTS,0
2024/12/27 12:58:45,Send: TFMS1000169BMSTS
2024/12/27 12:58:45,Receive: TFMS1000169AMSTS,0
2024/12/27 12:59:51,Send: TFMS1000170BMSTS
2024/12/27 12:59:51,Receive: TFMS1000170AMSTS,0
2024/12/27 13:00:57,Send: TFMS1000171BMSTS
2024/12/27 13:00:57,Receive: TFMS1000171AMSTS,0
2024/12/27 13:02:03,Send: TFMS1000172BMSTS
2024/12/27 13:02:03,Receive: TFMS1000172AMSTS,0
2024/12/27 13:03:09,Send: TFMS1000173BMSTS
2024/12/27 13:03:30,Receive: Error:A connection attempt failed because the connected party did not properly respond after a period of time, or established connection failed because connected host has failed to respond 192.168.10.66:5000
