2025/03/22 08:51:59,Overview,System,SemiAuto View
2025/03/22 09:16:48,Overview,System,Transfer View
2025/03/22 09:16:55,Overview,System,Service View
2025/03/22 09:17:04,Overview,System,SemiAuto View
2025/03/22 09:31:07,Overview,System,ModeChange View
2025/03/22 09:31:22,Overview,System,ModeChange View
2025/03/22 09:31:54,Overview,System,Auto View
2025/03/22 09:33:04,Overview,System,Auto View
2025/03/22 09:40:46,Overview,System,Auto View
2025/03/22 09:43:14,Overview,System,Setup View
2025/03/22 09:43:17,Overview,System,Service View
2025/03/22 09:43:34,Overview,System,Setup View
2025/03/22 09:43:39,Overview,System,Service View
2025/03/22 09:43:58,Overview,System,SemiAuto View
2025/03/22 09:52:15,Overview,System,Auto View
2025/03/22 09:52:18,Overview,System,Transfer View
2025/03/22 09:52:20,Overview,System,ModeChange View
2025/03/22 09:56:57,Lot Status,System,-
2025/03/22 10:00:57,Lot Status,System,Placed
2025/03/22 10:01:04,Overview,System,Transfer View
2025/03/22 10:01:11,Lot Status,System,Mapped
2025/03/22 10:01:17,Overview,System,Service View
2025/03/22 10:04:20,Overview,System,Service View
2025/03/22 10:05:22,PGC,System,MV(GCIB) Open or Close
2025/03/22 10:05:23,PGC,System,Open
2025/03/22 10:05:27,PGC,System,GV1 Open or Close
2025/03/22 10:05:28,PGC,System,Open
2025/03/22 10:05:29,PGC,System,GV2 Open or Close
2025/03/22 10:05:30,PGC,System,Open
2025/03/22 10:05:31,PGC,System,PV110 Open or Close
2025/03/22 10:05:32,PGC,System,Open
2025/03/22 10:05:32,PGC,System,PV115 Open or Close
2025/03/22 10:05:33,PGC,System,Open
2025/03/22 10:05:34,PGC,System,PV116 Open or Close
2025/03/22 10:05:35,PGC,System,Open
2025/03/22 10:05:37,PGC,System,PV111 Open or Close
2025/03/22 10:05:38,PGC,System,Open
2025/03/22 10:05:39,PGC,System,PV112 Open or Close
2025/03/22 10:05:40,PGC,System,Open
2025/03/22 10:05:47,Overview,System,Alarm View
2025/03/22 10:05:53,Overview,System,Service View
2025/03/22 10:09:05,Overview,System,Transfer View
2025/03/22 10:09:12,Overview,System,Service View
2025/03/22 10:11:41,Overview,System,SemiAuto View
2025/03/22 10:12:23,BMode Scan Sampling,PM,BMode Scan Start
2025/03/22 10:12:34,Overview,System,Transfer View
2025/03/22 10:14:08,Overview,System,Service View
2025/03/22 10:18:49,Overview,System,Service View
2025/03/22 10:19:28,Overview,System,Service View
2025/03/22 10:25:13,Overview,System,Transfer View
2025/03/22 10:29:36,BMode Scan Sampling,PM,BMode Scan End
2025/03/22 10:32:41,Overview,System,Transfer View
2025/03/22 10:38:01,Overview,System,SemiAuto View
2025/03/22 10:38:38,BMode Scan Sampling,PM,BMode Scan Start
2025/03/22 10:43:08,BMode Scan Sampling,PM,BMode Scan End
2025/03/22 10:43:39,Overview,System,Service View
2025/03/22 10:43:43,Overview,System,Transfer View
2025/03/22 10:43:50,Overview,System,Service View
2025/03/22 10:46:05,Overview,System,Transfer View
2025/03/22 10:46:32,Overview,System,Service View
2025/03/22 10:46:54,Overview,System,Service View
2025/03/22 10:47:09,Overview,System,Service View
2025/03/22 10:49:53,Overview,System,Service View
2025/03/22 10:56:38,Overview,System,Transfer View
2025/03/22 10:56:46,Overview,System,Service View
2025/03/22 10:57:00,Overview,System,Transfer View
2025/03/22 10:57:17,Overview,System,Service View
2025/03/22 10:58:10,Overview,System,Service View
2025/03/22 10:58:59,Overview,System,SemiAuto View
2025/03/22 10:59:45,BMode Scan Sampling,PM,BMode Scan Start
2025/03/22 11:04:16,BMode Scan Sampling,PM,BMode Scan End
2025/03/22 11:05:06,Overview,System,Service View
2025/03/22 11:05:13,Overview,System,Transfer View
2025/03/22 11:05:22,Overview,System,Service View
2025/03/22 11:06:31,Overview,System,Transfer View
2025/03/22 11:07:31,Overview,System,Transfer View
2025/03/22 11:07:34,Overview,System,SemiAuto View
2025/03/22 11:07:36,Overview,System,Service View
2025/03/22 11:09:59,Overview,System,Service View
2025/03/22 11:11:22,Overview,System,Transfer View
2025/03/22 11:11:32,Overview,System,Transfer View
2025/03/22 11:12:02,Overview,System,Transfer View
2025/03/22 11:12:28,Overview,System,Transfer View
2025/03/22 11:13:03,Lot Status,System,-
2025/03/22 11:13:40,Lot Status,System,Placed
2025/03/22 11:13:53,Lot Status,System,Mapped
2025/03/22 11:14:45,Overview,System,Service View
2025/03/22 11:18:06,Overview,System,Service View
2025/03/22 11:22:22,Overview,System,Transfer View
2025/03/22 11:22:51,Overview,System,Transfer View
2025/03/22 11:25:04,Overview,System,SemiAuto View
2025/03/22 11:25:24,BMode Scan Sampling,PM,BMode Scan Start
2025/03/22 11:25:27,Overview,System,Service View
2025/03/22 11:29:54,BMode Scan Sampling,PM,BMode Scan End
2025/03/22 11:30:04,Overview,System,Transfer View
2025/03/22 11:31:53,Overview,System,Transfer View
2025/03/22 11:32:24,Overview,System,Transfer View
2025/03/22 11:32:36,Overview,System,Transfer View
2025/03/22 11:32:42,Overview,System,Service View
2025/03/22 12:13:07,Overview,System,Transfer View
2025/03/22 12:16:17,Overview,System,Service View
2025/03/22 12:17:43,Overview,System,Service View
2025/03/22 12:19:20,Overview,System,Service View
2025/03/22 12:20:27,Overview,System,ModeChange View
2025/03/22 12:20:52,Lot Status,System,-
2025/03/22 12:22:15,Lot Status,System,Placed
2025/03/22 12:22:21,Overview,System,Transfer View
2025/03/22 12:22:26,Overview,System,Auto View
2025/03/22 12:22:29,Lot Status,System,Mapped
2025/03/22 12:22:33,Auto,System,Start
2025/03/22 12:22:54,Overview,System,Service View
2025/03/22 12:22:59,Overview,System,Auto View
2025/03/22 12:23:02,Overview,System,ModeChange View
2025/03/22 12:23:07,Overview,System,LotOperation View
2025/03/22 12:23:22,Lot Status,System,Processing
2025/03/22 12:25:19,BMode Scan Sampling,PM,BMode Scan Start
2025/03/22 12:26:13,Overview,System,LotOperation View
2025/03/22 12:28:28,Overview,System,Auto View
2025/03/22 12:31:56,Overview,System,Service View
2025/03/22 12:32:35,BMode Scan Sampling,PM,BMode Scan End
2025/03/22 12:34:30,Lot Status,System,Completed
2025/03/22 12:34:44,Overview,System,ModeChange View
2025/03/22 12:34:46,Overview,System,Auto View
2025/03/22 12:34:48,Auto,System,Stop
2025/03/22 12:34:50,Overview,System,ModeChange View
2025/03/22 12:34:54,Overview,System,Transfer View
2025/03/22 12:36:13,Overview,System,Service View
2025/03/22 12:38:08,Overview,System,LotOperation View
2025/03/22 12:40:21,Overview,System,Transfer View
2025/03/22 12:40:47,Overview,System,ModeChange View
2025/03/22 12:40:51,Overview,System,Auto View
2025/03/22 12:40:59,Auto,System,Start
2025/03/22 12:41:01,Overview,System,LotOperation View
2025/03/22 12:41:42,Lot Status,System,Processing
2025/03/22 12:42:10,Lot Status,System,Ready
2025/03/22 12:43:43,BMode Scan Sampling,PM,BMode Scan Start
2025/03/22 12:51:06,BMode Scan Sampling,PM,BMode Scan End
2025/03/22 12:52:04,BMode Scan Sampling,PM,BMode Scan Start
2025/03/22 12:56:08,BMode Scan Sampling,PM,BMode Scan End
2025/03/22 12:57:05,BMode Scan Sampling,PM,BMode Scan Start
2025/03/22 13:02:32,BMode Scan Sampling,PM,BMode Scan End
2025/03/22 13:03:30,BMode Scan Sampling,PM,BMode Scan Start
2025/03/22 13:10:33,BMode Scan Sampling,PM,BMode Scan End
2025/03/22 13:11:30,BMode Scan Sampling,PM,BMode Scan Start
2025/03/22 13:16:04,BMode Scan Sampling,PM,BMode Scan End
2025/03/22 13:17:01,BMode Scan Sampling,PM,BMode Scan Start
2025/03/22 13:22:05,BMode Scan Sampling,PM,BMode Scan End
2025/03/22 13:23:03,BMode Scan Sampling,PM,BMode Scan Start
2025/03/22 13:23:47,Overview,System,Service View
2025/03/22 13:27:06,BMode Scan Sampling,PM,BMode Scan End
2025/03/22 13:28:03,BMode Scan Sampling,PM,BMode Scan Start
2025/03/22 13:35:15,BMode Scan Sampling,PM,BMode Scan End
2025/03/22 13:36:12,BMode Scan Sampling,PM,BMode Scan Start
2025/03/22 13:40:41,BMode Scan Sampling,PM,BMode Scan End
2025/03/22 13:41:38,BMode Scan Sampling,PM,BMode Scan Start
2025/03/22 13:49:11,BMode Scan Sampling,PM,BMode Scan End
2025/03/22 13:50:08,BMode Scan Sampling,PM,BMode Scan Start
2025/03/22 13:57:49,BMode Scan Sampling,PM,BMode Scan End
2025/03/22 13:58:47,BMode Scan Sampling,PM,BMode Scan Start
2025/03/22 14:03:46,BMode Scan Sampling,PM,BMode Scan End
2025/03/22 14:04:44,BMode Scan Sampling,PM,BMode Scan Start
2025/03/22 14:05:55,Lot Status,System,Processing
2025/03/22 14:10:45,Overview,System,Service View
2025/03/22 14:11:52,Overview,System,Service View
2025/03/22 14:12:18,BMode Scan Sampling,PM,BMode Scan End
2025/03/22 14:12:31,Overview,System,Auto View
2025/03/22 14:12:52,Auto,System,Stop
2025/03/22 14:12:54,Overview,System,
2025/03/22 14:12:56,Overview,System,ModeChange View
2025/03/22 14:13:00,Overview,System,Transfer View
2025/03/22 14:13:06,Overview,System,
2025/03/22 14:13:08,Overview,System,Transfer View
2025/03/22 14:13:42,Overview,System,Transfer View
2025/03/22 14:14:24,Overview,System,Service View
2025/03/22 14:15:21,Overview,System,Transfer View
2025/03/22 14:16:28,Overview,System,Transfer View
2025/03/22 14:16:56,Overview,System,Transfer View
2025/03/22 14:17:52,Overview,System,Alarm View
2025/03/22 14:17:58,Overview,System,Transfer View
2025/03/22 14:18:13,Overview,System,Alarm View
2025/03/22 14:18:18,Overview,System,Alarm View
2025/03/22 14:18:31,Overview,System,Transfer View
2025/03/22 14:18:42,Overview,System,Alarm View
2025/03/22 14:18:56,Lot Status,System,-
2025/03/22 14:19:00,Lot Status,System,Placed
2025/03/22 14:19:05,Overview,System,Alarm View
2025/03/22 14:19:09,Overview,System,Transfer View
2025/03/22 14:19:18,Lot Status,System,Mapped
2025/03/22 14:19:21,Overview,System,LotOperation View
2025/03/22 14:19:37,Overview,System,Auto View
2025/03/22 14:19:40,Auto,System,Start
2025/03/22 14:19:43,Overview,System,ModeChange View
2025/03/22 14:19:46,Overview,System,Auto View
2025/03/22 14:19:48,Auto,System,Start
2025/03/22 14:19:51,Overview,System,LotOperation View
2025/03/22 14:20:16,Lot Status,System,Processing
2025/03/22 14:20:31,Overview,System,Service View
2025/03/22 14:22:21,Overview,System,Auto View
2025/03/22 14:22:24,Auto,System,Stop
2025/03/22 14:22:40,Overview,System,Auto View
2025/03/22 14:22:43,Overview,System,ModeChange View
2025/03/22 14:22:46,Overview,System,Transfer View
2025/03/22 14:24:13,Overview,System,LotOperation View
2025/03/22 14:24:24,Overview,System,Auto View
2025/03/22 14:24:27,Overview,System,Transfer View
2025/03/22 14:24:35,Lot Status,System,Mapped
2025/03/22 14:24:37,Overview,System,Transfer View
2025/03/22 14:24:46,Overview,System,Transfer View
2025/03/22 14:26:08,Overview,System,Transfer View
2025/03/22 14:26:42,Overview,System,ModeChange View
2025/03/22 14:26:47,Overview,System,Auto View
2025/03/22 14:26:50,Auto,System,Start
2025/03/22 14:26:52,Overview,System,LotOperation View
2025/03/22 14:27:51,Lot Status,System,Processing
2025/03/22 14:42:34,Lot Status,System,Completed
2025/03/22 14:44:21,Overview,System,ModeChange View
2025/03/22 14:44:26,Overview,System,Service View
2025/03/22 14:44:52,Lot Status,System,-
2025/03/22 14:45:22,Lot Status,System,Placed
2025/03/22 14:45:28,Overview,System,Transfer View
2025/03/22 14:45:36,Lot Status,System,Mapped
2025/03/22 14:47:24,PGC,System,PV111 Open or Close
2025/03/22 14:47:25,PGC,System,Close
2025/03/22 14:47:26,PGC,System,PV112 Open or Close
2025/03/22 14:47:27,PGC,System,Close
2025/03/22 14:47:27,PGC,System,PV115 Open or Close
2025/03/22 14:47:28,PGC,System,Close
2025/03/22 14:47:29,PGC,System,PV110 Open or Close
2025/03/22 14:47:30,PGC,System,Close
2025/03/22 14:47:30,PGC,System,PV116 Open or Close
2025/03/22 14:47:31,PGC,System,Close
2025/03/22 14:47:32,PGC,System,GV2 Open or Close
2025/03/22 14:47:32,PGC,System,Close
2025/03/22 14:47:33,PGC,System,GV1 Open or Close
2025/03/22 14:47:34,PGC,System,Close
2025/03/22 14:47:35,PGC,System,MV(GCIB) Open or Close
2025/03/22 14:47:35,PGC,System,Close
2025/03/22 14:47:38,Overview,System,Alarm View
2025/03/22 14:59:25,PGC,System,Bias ON / OFF
2025/03/22 14:59:26,PGC,System,OFF
2025/03/22 14:59:26,PGC,System,Accelerator ON / OFF
2025/03/22 14:59:28,PGC,System,Cancel
2025/03/22 14:59:28,PGC,System,Suppressor ON / OFF
2025/03/22 14:59:29,PGC,System,OFF
2025/03/22 14:59:30,PGC,System,Filament SW ON / OFF
2025/03/22 14:59:31,PGC,System,OFF
2025/03/22 14:59:32,PGC,System,Arc SW ON / OFF
2025/03/22 14:59:33,PGC,System,OFF
2025/03/22 14:59:34,PGC,System,Nuetralizer Filament SW ON / OFF
2025/03/22 14:59:34,PGC,System,OFF
2025/03/22 14:59:35,PGC,System,NutralizerExtral SW ON / OFF
2025/03/22 14:59:36,PGC,System,OFF
2025/03/22 15:00:11,PGC,System,Bias ON / OFF
2025/03/22 15:00:12,PGC,System,ON
2025/03/22 15:00:13,PGC,System,Accelerator ON / OFF
2025/03/22 15:00:14,PGC,System,ON
2025/03/22 15:00:15,PGC,System,Lens1 ON / OFF
2025/03/22 15:00:15,PGC,System,ON
2025/03/22 15:00:16,PGC,System,Lens2 ON / OFF
2025/03/22 15:00:17,PGC,System,ON
2025/03/22 15:00:18,PGC,System,Suppressor ON / OFF
2025/03/22 15:00:19,PGC,System,ON
2025/03/22 15:00:22,PGC,System,Filament SW ON / OFF
2025/03/22 15:00:23,PGC,System,ON
2025/03/22 15:01:02,PGC,System,Arc SW ON / OFF
2025/03/22 15:01:03,PGC,System,ON
2025/03/22 15:01:05,PGC,System,Nuetralizer Filament SW ON / OFF
2025/03/22 15:01:05,PGC,System,ON
2025/03/22 15:01:08,PGC,System,NutralizerExtral SW ON / OFF
2025/03/22 15:01:09,PGC,System,ON
2025/03/22 15:12:17,PGC,System,MV(GCIB) Open or Close
2025/03/22 15:12:18,PGC,System,Open
2025/03/22 15:12:22,PGC,System,GV1 Open or Close
2025/03/22 15:12:23,PGC,System,Open
2025/03/22 15:12:24,PGC,System,GV2 Open or Close
2025/03/22 15:12:24,PGC,System,Open
2025/03/22 15:12:25,PGC,System,PV110 Open or Close
2025/03/22 15:12:26,PGC,System,Open
2025/03/22 15:12:27,PGC,System,PV115 Open or Close
2025/03/22 15:12:28,PGC,System,Open
2025/03/22 15:12:28,PGC,System,PV111 Open or Close
2025/03/22 15:12:29,PGC,System,Open
2025/03/22 15:12:30,PGC,System,D45-C
2025/03/22 15:12:32,PGC,System,PV116 Open or Close
2025/03/22 15:12:34,PGC,System,Open
2025/03/22 15:12:35,PGC,System,PV112 Open or Close
2025/03/22 15:12:35,PGC,System,Open
2025/03/22 15:12:43,Overview,System,Alarm View
2025/03/22 15:14:43,Overview,System,Service View
2025/03/22 15:16:34,Overview,System,Transfer View
2025/03/22 15:16:49,Lot Status,System,-
2025/03/22 15:17:15,Lot Status,System,Placed
2025/03/22 15:17:25,Lot Status,System,Mapped
2025/03/22 15:17:31,Overview,System,Service View
2025/03/22 15:18:56,Overview,System,Service View
2025/03/22 15:19:25,Overview,System,SemiAuto View
2025/03/22 15:19:51,BMode Scan Sampling,PM,BMode Scan Start
2025/03/22 15:19:54,Overview,System,Service View
2025/03/22 15:22:42,Overview,System,Transfer View
2025/03/22 15:23:17,Overview,System,Transfer View
2025/03/22 15:24:20,Overview,System,Service View
2025/03/22 15:25:09,Overview,System,Service View
2025/03/22 15:34:03,Overview,System,Transfer View
2025/03/22 15:34:53,Overview,System,Auto View
2025/03/22 15:34:59,Auto,System,Stop
2025/03/22 15:35:00,BMode Scan Sampling,PM,BMode Scan End
2025/03/22 15:35:02,Overview,System,ModeChange View
2025/03/22 15:35:06,Overview,System,Auto View
2025/03/22 15:35:22,Overview,System,SemiAuto View
2025/03/22 15:35:37,Overview,System,Service View
2025/03/22 15:37:50,Overview,System,Auto View
2025/03/22 15:37:53,Overview,System,ModeChange View
2025/03/22 15:37:56,Overview,System,Transfer View
2025/03/22 15:38:07,Overview,System,SemiAuto View
2025/03/22 15:38:51,Overview,System,Logout
2025/03/22 15:39:03,Lot Status,System,Placed
2025/03/22 15:39:03,Lot Status,System,Placed
2025/03/22 15:39:11,Overview,System,Service View
2025/03/22 15:39:41,Overview,System,Transfer View
2025/03/22 15:39:50,Lot Status,System,Mapped
2025/03/22 15:41:07,Overview,System,Service View
2025/03/22 15:41:58,Overview,System,Service View
2025/03/22 15:43:32,PGC,System,PV111 Open or Close
2025/03/22 15:43:33,PGC,System,Close
2025/03/22 15:43:36,PGC,System,PV112 Open or Close
2025/03/22 15:43:37,PGC,System,Close
2025/03/22 15:43:38,PGC,System,PV115 Open or Close
2025/03/22 15:43:38,PGC,System,Close
2025/03/22 15:43:39,PGC,System,PV116 Open or Close
2025/03/22 15:43:40,PGC,System,Close
2025/03/22 15:43:40,PGC,System,PV110 Open or Close
2025/03/22 15:43:41,PGC,System,Close
2025/03/22 15:43:42,PGC,System,GV2 Open or Close
2025/03/22 15:43:43,PGC,System,Close
2025/03/22 15:43:44,PGC,System,GV1 Open or Close
2025/03/22 15:43:44,PGC,System,Close
2025/03/22 15:43:45,PGC,System,MV(GCIB) Open or Close
2025/03/22 15:43:46,PGC,System,Close
2025/03/22 15:43:58,Overview,System,Alarm View
2025/03/22 15:44:05,Overview,System,Transfer View
2025/03/22 15:44:19,Lot Status,System,-
2025/03/22 15:46:03,Lot Status,System,Placed
2025/03/22 15:46:08,Lot Status,System,-
2025/03/22 15:49:59,Lot Status,System,Placed
2025/03/22 15:50:52,Overview,System,Transfer View
2025/03/22 15:51:01,Lot Status,System,Mapped
2025/03/22 15:51:09,Lot Status,System,Mapped
2025/03/22 15:53:44,Overview,System,Transfer View
2025/03/22 15:53:58,Overview,System,Transfer View
2025/03/22 15:54:01,Overview,System,ModeChange View
2025/03/22 15:54:02,Overview,System,Auto View
2025/03/22 15:54:05,Overview,System,LotOperation View
2025/03/22 15:54:22,Overview,System,ModeChange View
2025/03/22 15:54:25,Overview,System,Auto View
2025/03/22 15:54:33,Auto,System,Start
2025/03/22 15:54:36,Overview,System,LotOperation View
2025/03/22 15:55:10,Overview,System,Transfer View
2025/03/22 15:55:29,Overview,System,LotOperation View
2025/03/22 15:55:33,Lot Status,System,Processing
2025/03/22 15:55:35,Lot Status,System,Ready
2025/03/22 15:55:59,Overview,System,Transfer View
2025/03/22 21:00:49,Overview,System,Alarm View
2025/03/22 21:01:42,Overview,System,Alarm View
2025/03/22 21:01:54,Overview,System,Transfer View
