2025/03/01 09:28:55,EFEMScheduler,EFEM Main, Cassette out No = 1
2025/03/01 09:41:26,EFEMScheduler,MES Interface,Reset Control.
2025/03/01 09:41:29,EFEMScheduler,Mes Interface,Send MFST :1
2025/03/01 09:41:29,EFEMScheduler,MES Interface,Start Move Stage..., Send MFST
2025/03/01 09:41:30,EFEMScheduler,Mes Interface,Recv MFST OK :1
2025/03/01 09:41:30,EFEMScheduler,MES Interface,Recv MFST
2025/03/01 09:41:35,EFEMScheduler,Mes Interface,Recv MSTS 1 : Move Stage Comp
2025/03/01 09:41:35,EFEMScheduler,MES Interface,Complete Move Stage..., Recv MSTS 1
2025/03/01 09:41:43,EFEMScheduler,MES Interface,Pin Down OK
2025/03/01 09:41:44,EFEMScheduler,MES Interface,Start : MMST,LotID_154115,2505,SiO2(PtoP Ref:LN Device),MAP18
2025/03/01 09:41:45,EFEMScheduler,MES Interface,Wait Measure FTM...
2025/03/01 09:45:20,EFEMScheduler,MES Interface,Wait Measure FTM Count : 196
2025/03/01 09:45:20,EFEMScheduler,MES Interface,Measure File Get: 2505.csv
2025/03/01 09:45:21,EFEMScheduler,MES Interface,Measurement Busy
2025/03/01 09:45:34,EFEMScheduler,MES Interface,Measurement Transfer Position
2025/03/01 09:45:38,EFEMScheduler,MES Interface,Process Complete2
2025/03/01 09:45:39,EFEMScheduler,MES Interface,Process Complete3
2025/03/01 10:02:57,EFEMScheduler,EFEM Main, Cassette in No = 1
2025/03/01 10:03:00,EFEMScheduler,EFEM Main, Cassette out No = 1
2025/03/01 10:03:34,EFEMScheduler,EFEM Main, Cassette in No = 1
2025/03/01 10:18:09,EFEMScheduler,Main,APP START: EFEM Scheduler  (Ver1.0.12.0) 2024.12.26
2025/03/01 10:18:14,EFEMScheduler,EFEM Main, Cassette in No = 1
2025/03/01 10:18:14,EFEMScheduler,EFEM Main, Cassette in No = 2
2025/03/01 10:23:42,EFEMScheduler,MES Interface,Reset Control.
2025/03/01 10:23:45,EFEMScheduler,Mes Interface,Send MFST :1
2025/03/01 10:23:45,EFEMScheduler,MES Interface,Start Move Stage..., Send MFST
2025/03/01 10:23:46,EFEMScheduler,Mes Interface,Recv MFST OK :1
2025/03/01 10:23:46,EFEMScheduler,MES Interface,Recv MFST
2025/03/01 10:23:47,EFEMScheduler,Mes Interface,Recv MSTS 1 : Move Stage Comp
2025/03/01 10:23:47,EFEMScheduler,MES Interface,Complete Move Stage..., Recv MSTS 1
2025/03/01 10:24:17,EFEMScheduler,MES Interface,Reset Control.
2025/03/01 10:24:18,EFEMScheduler,MES Interface,Reset Control.
2025/03/01 10:24:26,EFEMScheduler,MES Interface,Pin Down OK
2025/03/01 10:24:27,EFEMScheduler,MES Interface,Start : MMST,TempLot1_202503011024,1825,SiO2 on Si,MAP0
2025/03/01 10:24:28,EFEMScheduler,MES Interface,Wait Measure FTM...
2025/03/01 10:31:07,EFEMScheduler,MES Interface,Wait Measure FTM Count : 362
2025/03/01 10:31:07,EFEMScheduler,MES Interface,Measure File Get: 1825.csv
2025/03/01 10:31:08,EFEMScheduler,MES Interface,Measurement Busy
2025/03/01 10:31:21,EFEMScheduler,MES Interface,Measurement Transfer Position
2025/03/01 10:31:25,EFEMScheduler,MES Interface,Process Complete2
2025/03/01 10:31:26,EFEMScheduler,MES Interface,Process Complete3
2025/03/01 10:36:33,EFEMScheduler,Main,APP START: EFEM Scheduler  (Ver1.0.12.0) 2024.12.26
2025/03/01 10:36:38,EFEMScheduler,EFEM Main, Cassette in No = 1
2025/03/01 10:36:38,EFEMScheduler,EFEM Main, Cassette in No = 2
2025/03/01 11:43:19,EFEMScheduler,MES Interface,Reset Control.
2025/03/01 11:44:41,EFEMScheduler,EFEM Main, Cassette out No = 1
2025/03/01 11:45:03,EFEMScheduler,EFEM Main, Cassette in No = 1
2025/03/01 13:32:56,EFEMScheduler,MES Interface,Reset Control.
2025/03/01 13:33:05,EFEMScheduler,Mes Interface,Send MFST :1
2025/03/01 13:33:05,EFEMScheduler,MES Interface,Start Move Stage..., Send MFST
2025/03/01 13:33:06,EFEMScheduler,Mes Interface,Recv MFST OK :1
2025/03/01 13:33:06,EFEMScheduler,MES Interface,Recv MFST
2025/03/01 13:33:07,EFEMScheduler,Mes Interface,Recv MSTS 1 : Move Stage Comp
2025/03/01 13:33:07,EFEMScheduler,MES Interface,Complete Move Stage..., Recv MSTS 1
2025/03/01 13:33:15,EFEMScheduler,MES Interface,Pin Down OK
2025/03/01 13:33:16,EFEMScheduler,MES Interface,Start : MMST,TempLot1_202503011333,1925,SiO2 on Si,MAP0
2025/03/01 13:33:17,EFEMScheduler,MES Interface,Wait Measure FTM...
2025/03/01 13:40:03,EFEMScheduler,MES Interface,Wait Measure FTM Count : 368
2025/03/01 13:40:03,EFEMScheduler,MES Interface,Measure File Get: 1925.csv
2025/03/01 13:40:04,EFEMScheduler,MES Interface,Measurement Busy
2025/03/01 13:40:17,EFEMScheduler,MES Interface,Measurement Transfer Position
2025/03/01 13:40:21,EFEMScheduler,MES Interface,Process Complete2
2025/03/01 13:40:22,EFEMScheduler,MES Interface,Process Complete3
2025/03/01 14:02:41,EFEMScheduler,LotInfo,SlotNo:26 1,Scan Recipe1,F,0,
2025/03/01 14:02:41,EFEMScheduler,LotInfo,SlotNo:27 1,Scan Recipe2,F,0,
2025/03/01 14:02:41,EFEMScheduler,LotInfo,SlotNo:28 1,Scan Recipe3,F,0,
2025/03/01 14:02:41,EFEMScheduler,LotInfo,SlotNo:29 1,Scan Recipe4,F,2504,
2025/03/01 14:02:41,EFEMScheduler,LotInfo,SlotNo:30 1,Scan Recipe5,F,2505,
2025/03/01 14:02:41,EFEMScheduler,LotInfo,SlotNo:31 2506,Scan Recipe6,T,2506,
2025/03/01 14:02:41,EFEMScheduler,LotInfo,SlotNo:32 2507,Scan Recipe7,T,2507,
2025/03/01 14:02:41,EFEMScheduler,LotInfo,SlotNo:33 2508,Scan Recipe8,T,2508,
2025/03/01 14:02:41,EFEMScheduler,LotInfo,SlotNo:34 2509,Scan Recipe9,T,2509,
2025/03/01 14:02:41,EFEMScheduler,LotInfo,SlotNo:35 2510,Scan Recipe10,T,2510,
2025/03/01 14:02:41,EFEMScheduler,LotInfo,SlotNo:36 2511,Scan Recipe11,T,2511,
2025/03/01 14:02:41,EFEMScheduler,LotInfo,SlotNo:37 2512,Scan Recipe12,T,2512,
2025/03/01 14:02:41,EFEMScheduler,LotInfo,SlotNo:38 2513,Scan Recipe13,T,2513,
2025/03/01 14:02:41,EFEMScheduler,LotInfo,SlotNo:39 2514,Scan Recipe14,T,2514,
2025/03/01 14:02:41,EFEMScheduler,LotInfo,SlotNo:40 2515,Scan Recipe15,T,2515,
2025/03/01 14:02:41,EFEMScheduler,LotInfo,SlotNo:41 2516,Scan Recipe16,T,2516,
2025/03/01 14:02:41,EFEMScheduler,LotInfo,SlotNo:42 2517,Scan Recipe17,T,2517,
2025/03/01 14:02:41,EFEMScheduler,LotInfo,SlotNo:43 2518,Scan Recipe18,T,2518,
2025/03/01 14:02:41,EFEMScheduler,LotInfo,SlotNo:44 2519,Scan Recipe19,T,2519,
2025/03/01 14:02:41,EFEMScheduler,LotInfo,SlotNo:45 2520,Scan Recipe20,T,2520,
2025/03/01 14:02:41,EFEMScheduler,LotInfo,SlotNo:46 2521,Scan Recipe21,T,2521,
2025/03/01 14:02:41,EFEMScheduler,LotInfo,SlotNo:47 2522,Scan Recipe22,T,2522,
2025/03/01 14:02:41,EFEMScheduler,LotInfo,SlotNo:48 2523,Scan Recipe23,T,2523,
2025/03/01 14:02:41,EFEMScheduler,LotInfo,SlotNo:49 2524,Scan Recipe24,T,2524,
2025/03/01 14:02:41,EFEMScheduler,LotInfo,SlotNo:50 2525,Scan Recipe25,T,2525,
2025/03/01 14:02:41,EFEMScheduler,Transport,Setup Hnadoff Unit=1 Slot=31
2025/03/01 14:02:41,EFEMScheduler,Transport,SetTransCompleteCheckInfo
2025/03/01 14:02:41,EFEMScheduler,Transport,Cmd=1: UnitNo=1: Slot=31:2:2506
2025/03/01 14:02:41,EFEM Robot,Send Command,GET,02,06,2,0
2025/03/01 14:02:47,EFEMScheduler,Plus Step,SlotNo:31 Step:3
2025/03/01 14:02:47,EFEMScheduler,Plus Step,RESULT ROUTE:, 131GB
2025/03/01 14:02:47,EFEMScheduler,Transport,TransComplete Unit:1 Slot:2506
2025/03/01 14:02:47,EFEMScheduler,Transport,Setup Hnadoff Unit=3 Slot=6
2025/03/01 14:02:47,EFEMScheduler,Transport,SetTransCompleteCheckInfo
2025/03/01 14:02:47,EFEMScheduler,Transport,Cmd=2: UnitNo=3: Slot=6:2:2506
2025/03/01 14:02:47,EFEM Robot,Send Command,PUT,03,01,2,0
2025/03/01 14:02:53,EFEMScheduler,Plus Step,SlotNo:31 Step:4
2025/03/01 14:02:53,EFEMScheduler,Plus Step,RESULT ROUTE:,131GB, 331PB
2025/03/01 14:02:53,EFEMScheduler,Transport,TransComplete Unit:3 Slot:2506
2025/03/01 14:02:57,EFEMScheduler,Transport,Setup Hnadoff Unit=3 Slot=1
2025/03/01 14:02:57,EFEMScheduler,Transport,SetTransCompleteCheckInfo
2025/03/01 14:02:57,EFEMScheduler,Transport,Cmd=1: UnitNo=3: Slot=1:2:2506
2025/03/01 14:02:57,EFEM Robot,Send Command,GET,03,01,2,0
2025/03/01 14:03:04,EFEMScheduler,Plus Step,SlotNo:31 Step:5
2025/03/01 14:03:04,EFEMScheduler,Plus Step,RESULT ROUTE:,131GB,331PB, 331GB
2025/03/01 14:03:04,EFEMScheduler,Transport,TransComplete Unit:3 Slot:2506
2025/03/01 14:03:04,EFEMScheduler,Transport,Setup Hnadoff Unit=6 Slot=6
2025/03/01 14:03:04,EFEMScheduler,Transport,SetTransCompleteCheckInfo
2025/03/01 14:03:04,EFEMScheduler,Transport,Cmd=2: UnitNo=6: Slot=6:2:2506
2025/03/01 14:03:04,EFEM Robot,Send Command,PUT,06,01,2,0
2025/03/01 14:03:04,EFEMScheduler,Sim Interface,Running
2025/03/01 14:03:04,EFEMScheduler,Sim Interface,Check Point 1 Delete Folder C:\D2216\DemoVer1.02\AppData\BeamData Data Count = 1
2025/03/01 14:03:04,EFEMScheduler,Sim Interface,Check Point 2 File Copy Source = C:\BeamData\20250301-83.6mA-BeamProfile.csv  Target = C:\D2216\DemoVer1.02\AppData\BeamData\20250301-83.6mA-BeamProfile.csv
2025/03/01 14:03:04,EFEMScheduler,Sim Interface,Check Point 3 Make Dir = C:\Measure\Bak\LotID_140241\2506_0301140304
2025/03/01 14:03:05,EFEMScheduler,Sim Interface,Check Point 4 File Copy Source = C:\BeamData\20250301-83.6mA-BeamProfile.csv  Target Folder = C:\Measure\Bak\LotID_140241\2506_0301140304\20250301-83.6mA-BeamProfile
2025/03/01 14:03:05,EFEMScheduler,Sim Interface,Delete file ResultC:\D2216\DemoVer1.02\AppData\Results\20250228T154342.csv
2025/03/01 14:03:05,EFEMScheduler,Sim Interface,Delete file ResultC:\D2216\DemoVer1.02\AppData\Results\20250301T140006.csv
2025/03/01 14:03:05,EFEMScheduler,Sim Interface,Delete file Wafer:C:\D2216\DemoVer1.02\AppData\WaferData\2506.csv
2025/03/01 14:03:05,EFEMScheduler,Sim Interface,File Copy Wafer:C:\D2216\ThicknessInfo\2506.csv > C:\D2216\DemoVer1.02\AppData\WaferData\2506.csv
2025/03/01 14:03:05,EFEMScheduler,Sim Interface,File Copy Bak:C:\D2216\ThicknessInfo\2506.csv > C:\Measure\Bak\LotID_140241\2506_0301140304\2506.csv
2025/03/01 14:03:05,EFEMScheduler,Sim Interface,Delete file4:C:\D2216\DemoVer1.02\AppData\GenRecipe\Recipe_auto_2-2224.csv
2025/03/01 14:03:05,EFEMScheduler,Sim Interface,Delete file4:C:\D2216\DemoVer1.02\AppData\GenRecipe\Recipe_once_1.csv
2025/03/01 14:03:05,EFEMScheduler,Sim Interface,Simulation START.txt Sim 2506
2025/03/01 14:03:11,EFEMScheduler,Sim Interface,File Copy Bak nResult:C:\D2216\DemoVer1.02\AppData\Results\20250301T140310.csv > C:\Measure\Bak\LotID_140241\2506_0301140304\nResult.csv
2025/03/01 14:03:11,EFEMScheduler,Sim Interface,Scan Count Mode: ManualMode
2025/03/01 14:03:11,EFEMScheduler,Sim Interface,Scan Count : 1
2025/03/01 14:03:11,EFEMScheduler,Sim Interface,Process Complete1 Sim
2025/03/01 14:03:21,EFEMScheduler,Plus Step,SlotNo:31 Step:6
2025/03/01 14:03:21,EFEMScheduler,Plus Step,RESULT ROUTE:,131GB,331PB,331GB, 631PB
2025/03/01 14:03:21,EFEMScheduler,Transport,TransComplete Unit:6 Slot:2506
2025/03/01 14:03:21,EFEMScheduler,Transport,Setup Hnadoff Unit=1 Slot=32
2025/03/01 14:03:21,EFEMScheduler,Transport,SetTransCompleteCheckInfo
2025/03/01 14:03:21,EFEMScheduler,Transport,Cmd=1: UnitNo=1: Slot=32:2:2507
2025/03/01 14:03:21,EFEM Robot,Send Command,GET,02,07,2,0
2025/03/01 14:03:27,EFEMScheduler,Plus Step,SlotNo:32 Step:3
2025/03/01 14:03:27,EFEMScheduler,Plus Step,RESULT ROUTE:, 132GB
2025/03/01 14:03:27,EFEMScheduler,Transport,TransComplete Unit:1 Slot:2507
2025/03/01 14:03:27,EFEMScheduler,Transport,Setup Hnadoff Unit=3 Slot=7
2025/03/01 14:03:27,EFEMScheduler,Transport,SetTransCompleteCheckInfo
2025/03/01 14:03:27,EFEMScheduler,Transport,Cmd=2: UnitNo=3: Slot=7:2:2507
2025/03/01 14:03:27,EFEM Robot,Send Command,PUT,03,01,2,0
2025/03/01 14:03:33,EFEMScheduler,Plus Step,SlotNo:32 Step:4
2025/03/01 14:03:33,EFEMScheduler,Plus Step,RESULT ROUTE:,132GB, 332PB
2025/03/01 14:03:33,EFEMScheduler,Transport,TransComplete Unit:3 Slot:2507
2025/03/01 14:04:54,EFEMScheduler,Transport,Setup Hnadoff Unit=3 Slot=1
2025/03/01 14:04:55,EFEMScheduler,Transport,SetTransCompleteCheckInfo
2025/03/01 14:04:55,EFEMScheduler,Transport,Cmd=1: UnitNo=3: Slot=1:2:2507
2025/03/01 14:04:55,EFEM Robot,Send Command,GET,03,01,2,0
2025/03/01 14:05:01,EFEMScheduler,Plus Step,SlotNo:32 Step:5
2025/03/01 14:05:01,EFEMScheduler,Plus Step,RESULT ROUTE:,132GB,332PB, 332GB
2025/03/01 14:05:01,EFEMScheduler,Transport,TransComplete Unit:3 Slot:2507
2025/03/01 14:05:01,EFEMScheduler,Transport,Setup Hnadoff Unit=6 Slot=7
2025/03/01 14:05:01,EFEMScheduler,Transport,SetTransCompleteCheckInfo
2025/03/01 14:05:01,EFEMScheduler,Transport,Cmd=2: UnitNo=6: Slot=7:2:2507
2025/03/01 14:05:01,EFEM Robot,Send Command,PUT,06,01,2,0
2025/03/01 14:05:02,EFEMScheduler,Sim Interface,Running
2025/03/01 14:05:02,EFEMScheduler,Sim Interface,Check Point 1 Delete Folder C:\D2216\DemoVer1.02\AppData\BeamData Data Count = 1
2025/03/01 14:05:02,EFEMScheduler,Sim Interface,Check Point 2 File Copy Source = C:\BeamData\20250301-83.6mA-BeamProfile.csv  Target = C:\D2216\DemoVer1.02\AppData\BeamData\20250301-83.6mA-BeamProfile.csv
2025/03/01 14:05:02,EFEMScheduler,Sim Interface,Check Point 3 Make Dir = C:\Measure\Bak\LotID_140241\2507_0301140502
2025/03/01 14:05:02,EFEMScheduler,Sim Interface,Check Point 4 File Copy Source = C:\BeamData\20250301-83.6mA-BeamProfile.csv  Target Folder = C:\Measure\Bak\LotID_140241\2507_0301140502\20250301-83.6mA-BeamProfile
2025/03/01 14:05:02,EFEMScheduler,Sim Interface,Delete file ResultC:\D2216\DemoVer1.02\AppData\Results\20250301T140310.csv
2025/03/01 14:05:02,EFEMScheduler,Sim Interface,Delete file Wafer:C:\D2216\DemoVer1.02\AppData\WaferData\2506.csv
2025/03/01 14:05:02,EFEMScheduler,Sim Interface,File Copy Wafer:C:\D2216\ThicknessInfo\2507.csv > C:\D2216\DemoVer1.02\AppData\WaferData\2507.csv
2025/03/01 14:05:02,EFEMScheduler,Sim Interface,File Copy Bak:C:\D2216\ThicknessInfo\2507.csv > C:\Measure\Bak\LotID_140241\2507_0301140502\2507.csv
2025/03/01 14:05:02,EFEMScheduler,Sim Interface,Delete file4:C:\D2216\DemoVer1.02\AppData\GenRecipe\Recipe_auto_1-2506.csv
2025/03/01 14:05:02,EFEMScheduler,Sim Interface,Simulation START.txt Sim 2507
2025/03/01 14:05:06,EFEMScheduler,Sim Interface,File Copy Bak nResult:C:\D2216\DemoVer1.02\AppData\Results\20250301T140506.csv > C:\Measure\Bak\LotID_140241\2507_0301140502\nResult.csv
2025/03/01 14:05:06,EFEMScheduler,Sim Interface,Scan Count Mode: ManualMode
2025/03/01 14:05:06,EFEMScheduler,Sim Interface,Scan Count : 1
2025/03/01 14:05:06,EFEMScheduler,Sim Interface,Process Complete1 Sim
2025/03/01 14:05:16,EFEMScheduler,Plus Step,SlotNo:32 Step:6
2025/03/01 14:05:16,EFEMScheduler,Plus Step,RESULT ROUTE:,132GB,332PB,332GB, 632PB
2025/03/01 14:05:16,EFEMScheduler,Transport,TransComplete Unit:6 Slot:2507
2025/03/01 14:05:16,EFEMScheduler,Transport,Setup Hnadoff Unit=1 Slot=33
2025/03/01 14:05:17,EFEMScheduler,Transport,SetTransCompleteCheckInfo
2025/03/01 14:05:17,EFEMScheduler,Transport,Cmd=1: UnitNo=1: Slot=33:2:2508
2025/03/01 14:05:17,EFEM Robot,Send Command,GET,02,08,2,0
2025/03/01 14:05:23,EFEMScheduler,Plus Step,SlotNo:33 Step:3
2025/03/01 14:05:23,EFEMScheduler,Plus Step,RESULT ROUTE:, 133GB
2025/03/01 14:05:23,EFEMScheduler,Transport,TransComplete Unit:1 Slot:2508
2025/03/01 14:05:23,EFEMScheduler,Transport,Setup Hnadoff Unit=3 Slot=8
2025/03/01 14:05:23,EFEMScheduler,Transport,SetTransCompleteCheckInfo
2025/03/01 14:05:23,EFEMScheduler,Transport,Cmd=2: UnitNo=3: Slot=8:2:2508
2025/03/01 14:05:23,EFEM Robot,Send Command,PUT,03,01,2,0
2025/03/01 14:05:29,EFEMScheduler,Plus Step,SlotNo:33 Step:4
2025/03/01 14:05:29,EFEMScheduler,Plus Step,RESULT ROUTE:,133GB, 333PB
2025/03/01 14:05:29,EFEMScheduler,Transport,TransComplete Unit:3 Slot:2508
2025/03/01 14:06:53,EFEMScheduler,Transport,Setup Hnadoff Unit=3 Slot=1
2025/03/01 14:06:54,EFEMScheduler,Transport,SetTransCompleteCheckInfo
2025/03/01 14:06:54,EFEMScheduler,Transport,Cmd=1: UnitNo=3: Slot=1:2:2508
2025/03/01 14:06:54,EFEM Robot,Send Command,GET,03,01,2,0
2025/03/01 14:07:00,EFEMScheduler,Plus Step,SlotNo:33 Step:5
2025/03/01 14:07:00,EFEMScheduler,Plus Step,RESULT ROUTE:,133GB,333PB, 333GB
2025/03/01 14:07:00,EFEMScheduler,Transport,TransComplete Unit:3 Slot:2508
2025/03/01 14:07:00,EFEMScheduler,Transport,Setup Hnadoff Unit=6 Slot=8
2025/03/01 14:07:00,EFEMScheduler,Transport,SetTransCompleteCheckInfo
2025/03/01 14:07:00,EFEMScheduler,Transport,Cmd=2: UnitNo=6: Slot=8:2:2508
2025/03/01 14:07:00,EFEM Robot,Send Command,PUT,06,01,2,0
2025/03/01 14:07:01,EFEMScheduler,Sim Interface,Running
2025/03/01 14:07:01,EFEMScheduler,Sim Interface,Check Point 1 Delete Folder C:\D2216\DemoVer1.02\AppData\BeamData Data Count = 1
2025/03/01 14:07:01,EFEMScheduler,Sim Interface,Check Point 2 File Copy Source = C:\BeamData\20250301-83.6mA-BeamProfile.csv  Target = C:\D2216\DemoVer1.02\AppData\BeamData\20250301-83.6mA-BeamProfile.csv
2025/03/01 14:07:01,EFEMScheduler,Sim Interface,Check Point 3 Make Dir = C:\Measure\Bak\LotID_140241\2508_0301140701
2025/03/01 14:07:01,EFEMScheduler,Sim Interface,Check Point 4 File Copy Source = C:\BeamData\20250301-83.6mA-BeamProfile.csv  Target Folder = C:\Measure\Bak\LotID_140241\2508_0301140701\20250301-83.6mA-BeamProfile
2025/03/01 14:07:01,EFEMScheduler,Sim Interface,Delete file ResultC:\D2216\DemoVer1.02\AppData\Results\20250301T140506.csv
2025/03/01 14:07:01,EFEMScheduler,Sim Interface,Delete file Wafer:C:\D2216\DemoVer1.02\AppData\WaferData\2507.csv
2025/03/01 14:07:01,EFEMScheduler,Sim Interface,File Copy Wafer:C:\D2216\ThicknessInfo\2508.csv > C:\D2216\DemoVer1.02\AppData\WaferData\2508.csv
2025/03/01 14:07:01,EFEMScheduler,Sim Interface,File Copy Bak:C:\D2216\ThicknessInfo\2508.csv > C:\Measure\Bak\LotID_140241\2508_0301140701\2508.csv
2025/03/01 14:07:01,EFEMScheduler,Sim Interface,Delete file4:C:\D2216\DemoVer1.02\AppData\GenRecipe\Recipe_auto_2-2507.csv
2025/03/01 14:07:01,EFEMScheduler,Sim Interface,Simulation START.txt Sim 2508
2025/03/01 14:07:05,EFEMScheduler,Sim Interface,File Copy Bak nResult:C:\D2216\DemoVer1.02\AppData\Results\20250301T140704.csv > C:\Measure\Bak\LotID_140241\2508_0301140701\nResult.csv
2025/03/01 14:07:05,EFEMScheduler,Sim Interface,Scan Count Mode: ManualMode
2025/03/01 14:07:05,EFEMScheduler,Sim Interface,Scan Count : 1
2025/03/01 14:07:05,EFEMScheduler,Sim Interface,Process Complete1 Sim
2025/03/01 14:07:15,EFEMScheduler,Plus Step,SlotNo:33 Step:6
2025/03/01 14:07:15,EFEMScheduler,Plus Step,RESULT ROUTE:,133GB,333PB,333GB, 633PB
2025/03/01 14:07:15,EFEMScheduler,Transport,TransComplete Unit:6 Slot:2508
2025/03/01 14:14:04,EFEMScheduler,Transport,Setup Hnadoff Unit=5 Slot=1
2025/03/01 14:14:04,EFEMScheduler,Transport,SetTransCompleteCheckInfo
2025/03/01 14:14:04,EFEMScheduler,Transport,Cmd=1: UnitNo=5: Slot=1:2:2506
2025/03/01 14:14:04,EFEM Robot,Send Command,GET,05,01,2,0
2025/03/01 14:14:17,EFEMScheduler,Plus Step,SlotNo:31 Step:7
2025/03/01 14:14:17,EFEMScheduler,Plus Step,RESULT ROUTE:,131GB,331PB,331GB,631PB, 531GB
2025/03/01 14:14:17,EFEMScheduler,Transport,TransComplete Unit:5 Slot:2506
2025/03/01 14:14:17,EFEMScheduler,Transport,Exchange:,Unit:1,Slot:31,Work:2506,GetHand: 1,PutHand: 2
2025/03/01 14:14:17,EFEMScheduler,Transport,Setup Hnadoff Unit=1 Slot=34
2025/03/01 14:14:17,EFEMScheduler,Transport,SetTransCompleteCheckInfo
2025/03/01 14:14:17,EFEMScheduler,Transport,Cmd=1: UnitNo=1: Slot=34:1:2509
2025/03/01 14:14:17,EFEM Robot,Send Command,GET,02,09,1,0
2025/03/01 14:14:23,EFEMScheduler,Plus Step,SlotNo:34 Step:3
2025/03/01 14:14:23,EFEMScheduler,Plus Step,RESULT ROUTE:, 134GA
2025/03/01 14:14:23,EFEMScheduler,Transport,TransComplete Unit:1 Slot:2509
2025/03/01 14:14:23,EFEMScheduler,Transport,Setup Hnadoff Unit=1 Slot=31
2025/03/01 14:14:23,EFEMScheduler,Transport,SetTransCompleteCheckInfo
2025/03/01 14:14:23,EFEMScheduler,Transport,Cmd=2: UnitNo=1: Slot=31:2:2506
2025/03/01 14:14:23,EFEM Robot,Send Command,PUT,02,06,2,0
2025/03/01 14:14:29,EFEMScheduler,Plus Step,SlotNo:31 Step:8
2025/03/01 14:14:29,EFEMScheduler,Plus Step,RESULT ROUTE:,131GB,331PB,331GB,631PB,531GB, 131PB
2025/03/01 14:14:29,EFEMScheduler,Transport,TransComplete Unit:1 Slot:2506
2025/03/01 14:14:29,EFEMScheduler,Transport,Setup Hnadoff Unit=3 Slot=9
2025/03/01 14:14:29,EFEMScheduler,Transport,SetTransCompleteCheckInfo
2025/03/01 14:14:29,EFEMScheduler,Transport,Cmd=2: UnitNo=3: Slot=9:1:2509
2025/03/01 14:14:29,EFEM Robot,Send Command,PUT,03,01,1,0
2025/03/01 14:14:35,EFEMScheduler,Plus Step,SlotNo:34 Step:4
2025/03/01 14:14:35,EFEMScheduler,Plus Step,RESULT ROUTE:,134GA, 334PA
2025/03/01 14:14:35,EFEMScheduler,Transport,TransComplete Unit:3 Slot:2509
2025/03/01 14:14:39,EFEMScheduler,Transport,Setup Hnadoff Unit=3 Slot=1
2025/03/01 14:14:39,EFEMScheduler,Transport,SetTransCompleteCheckInfo
2025/03/01 14:14:39,EFEMScheduler,Transport,Cmd=1: UnitNo=3: Slot=1:2:2509
2025/03/01 14:14:39,EFEM Robot,Send Command,GET,03,01,2,0
2025/03/01 14:14:46,EFEMScheduler,Plus Step,SlotNo:34 Step:5
2025/03/01 14:14:46,EFEMScheduler,Plus Step,RESULT ROUTE:,134GA,334PA, 334GB
2025/03/01 14:14:46,EFEMScheduler,Transport,TransComplete Unit:3 Slot:2509
2025/03/01 14:14:46,EFEMScheduler,Transport,Setup Hnadoff Unit=6 Slot=9
2025/03/01 14:14:46,EFEMScheduler,Transport,SetTransCompleteCheckInfo
2025/03/01 14:14:46,EFEMScheduler,Transport,Cmd=2: UnitNo=6: Slot=9:2:2509
2025/03/01 14:14:46,EFEM Robot,Send Command,PUT,06,01,2,0
2025/03/01 14:14:46,EFEMScheduler,Sim Interface,Running
2025/03/01 14:14:46,EFEMScheduler,Sim Interface,Check Point 1 Delete Folder C:\D2216\DemoVer1.02\AppData\BeamData Data Count = 1
2025/03/01 14:14:46,EFEMScheduler,Sim Interface,Check Point 2 File Copy Source = C:\BeamData\20250301-83.6mA-BeamProfile.csv  Target = C:\D2216\DemoVer1.02\AppData\BeamData\20250301-83.6mA-BeamProfile.csv
2025/03/01 14:14:46,EFEMScheduler,Sim Interface,Check Point 3 Make Dir = C:\Measure\Bak\LotID_140241\2509_0301141446
2025/03/01 14:14:46,EFEMScheduler,Sim Interface,Check Point 4 File Copy Source = C:\BeamData\20250301-83.6mA-BeamProfile.csv  Target Folder = C:\Measure\Bak\LotID_140241\2509_0301141446\20250301-83.6mA-BeamProfile
2025/03/01 14:14:46,EFEMScheduler,Sim Interface,Delete file ResultC:\D2216\DemoVer1.02\AppData\Results\20250301T140704.csv
2025/03/01 14:14:46,EFEMScheduler,Sim Interface,Delete file Wafer:C:\D2216\DemoVer1.02\AppData\WaferData\2508.csv
2025/03/01 14:14:46,EFEMScheduler,Sim Interface,File Copy Wafer:C:\D2216\ThicknessInfo\2509.csv > C:\D2216\DemoVer1.02\AppData\WaferData\2509.csv
2025/03/01 14:14:46,EFEMScheduler,Sim Interface,File Copy Bak:C:\D2216\ThicknessInfo\2509.csv > C:\Measure\Bak\LotID_140241\2509_0301141446\2509.csv
2025/03/01 14:14:46,EFEMScheduler,Sim Interface,Delete file4:C:\D2216\DemoVer1.02\AppData\GenRecipe\Recipe_auto_3-2508.csv
2025/03/01 14:14:46,EFEMScheduler,Sim Interface,Simulation START.txt Sim 2509
2025/03/01 14:14:50,EFEMScheduler,Sim Interface,File Copy Bak nResult:C:\D2216\DemoVer1.02\AppData\Results\20250301T141450.csv > C:\Measure\Bak\LotID_140241\2509_0301141446\nResult.csv
2025/03/01 14:14:50,EFEMScheduler,Sim Interface,Scan Count Mode: ManualMode
2025/03/01 14:14:50,EFEMScheduler,Sim Interface,Scan Count : 1
2025/03/01 14:14:50,EFEMScheduler,Sim Interface,Process Complete1 Sim
2025/03/01 14:15:00,EFEMScheduler,Plus Step,SlotNo:34 Step:6
2025/03/01 14:15:00,EFEMScheduler,Plus Step,RESULT ROUTE:,134GA,334PA,334GB, 634PB
2025/03/01 14:15:00,EFEMScheduler,Transport,TransComplete Unit:6 Slot:2509
2025/03/01 14:20:46,EFEMScheduler,Transport,Setup Hnadoff Unit=5 Slot=1
2025/03/01 14:20:47,EFEMScheduler,Transport,SetTransCompleteCheckInfo
2025/03/01 14:20:47,EFEMScheduler,Transport,Cmd=1: UnitNo=5: Slot=1:2:2507
2025/03/01 14:20:47,EFEM Robot,Send Command,GET,05,01,2,0
2025/03/01 14:21:07,EFEMScheduler,Plus Step,SlotNo:32 Step:7
2025/03/01 14:21:07,EFEMScheduler,Plus Step,RESULT ROUTE:,132GB,332PB,332GB,632PB, 532GB
2025/03/01 14:21:07,EFEMScheduler,Transport,TransComplete Unit:5 Slot:2507
2025/03/01 14:21:07,EFEMScheduler,Transport,Exchange:,Unit:1,Slot:32,Work:2507,GetHand: 1,PutHand: 2
2025/03/01 14:21:07,EFEMScheduler,Transport,Setup Hnadoff Unit=1 Slot=35
2025/03/01 14:21:07,EFEMScheduler,Transport,SetTransCompleteCheckInfo
2025/03/01 14:21:07,EFEMScheduler,Transport,Cmd=1: UnitNo=1: Slot=35:1:2510
2025/03/01 14:21:07,EFEM Robot,Send Command,GET,02,10,1,0
2025/03/01 14:21:13,EFEMScheduler,Plus Step,SlotNo:35 Step:3
2025/03/01 14:21:13,EFEMScheduler,Plus Step,RESULT ROUTE:, 135GA
2025/03/01 14:21:13,EFEMScheduler,Transport,TransComplete Unit:1 Slot:2510
2025/03/01 14:21:13,EFEMScheduler,Transport,Setup Hnadoff Unit=1 Slot=32
2025/03/01 14:21:13,EFEMScheduler,Transport,SetTransCompleteCheckInfo
2025/03/01 14:21:13,EFEMScheduler,Transport,Cmd=2: UnitNo=1: Slot=32:2:2507
2025/03/01 14:21:13,EFEM Robot,Send Command,PUT,02,07,2,0
2025/03/01 14:21:19,EFEMScheduler,Plus Step,SlotNo:32 Step:8
2025/03/01 14:21:19,EFEMScheduler,Plus Step,RESULT ROUTE:,132GB,332PB,332GB,632PB,532GB, 132PB
2025/03/01 14:21:19,EFEMScheduler,Transport,TransComplete Unit:1 Slot:2507
2025/03/01 14:21:19,EFEMScheduler,Transport,Setup Hnadoff Unit=3 Slot=10
2025/03/01 14:21:19,EFEMScheduler,Transport,SetTransCompleteCheckInfo
2025/03/01 14:21:19,EFEMScheduler,Transport,Cmd=2: UnitNo=3: Slot=10:1:2510
2025/03/01 14:21:19,EFEM Robot,Send Command,PUT,03,01,1,0
2025/03/01 14:21:25,EFEMScheduler,Plus Step,SlotNo:35 Step:4
2025/03/01 14:21:25,EFEMScheduler,Plus Step,RESULT ROUTE:,135GA, 335PA
2025/03/01 14:21:25,EFEMScheduler,Transport,TransComplete Unit:3 Slot:2510
2025/03/01 14:21:29,EFEMScheduler,Transport,Setup Hnadoff Unit=3 Slot=1
2025/03/01 14:21:29,EFEMScheduler,Transport,SetTransCompleteCheckInfo
2025/03/01 14:21:29,EFEMScheduler,Transport,Cmd=1: UnitNo=3: Slot=1:2:2510
2025/03/01 14:21:29,EFEM Robot,Send Command,GET,03,01,2,0
2025/03/01 14:21:36,EFEMScheduler,Plus Step,SlotNo:35 Step:5
2025/03/01 14:21:36,EFEMScheduler,Plus Step,RESULT ROUTE:,135GA,335PA, 335GB
2025/03/01 14:21:36,EFEMScheduler,Transport,TransComplete Unit:3 Slot:2510
2025/03/01 14:21:36,EFEMScheduler,Transport,Setup Hnadoff Unit=6 Slot=10
2025/03/01 14:21:36,EFEMScheduler,Transport,SetTransCompleteCheckInfo
2025/03/01 14:21:36,EFEMScheduler,Transport,Cmd=2: UnitNo=6: Slot=10:2:2510
2025/03/01 14:21:36,EFEM Robot,Send Command,PUT,06,01,2,0
2025/03/01 14:21:37,EFEMScheduler,Sim Interface,Running
2025/03/01 14:21:37,EFEMScheduler,Sim Interface,Check Point 1 Delete Folder C:\D2216\DemoVer1.02\AppData\BeamData Data Count = 1
2025/03/01 14:21:37,EFEMScheduler,Sim Interface,Check Point 2 File Copy Source = C:\BeamData\20250301-83.6mA-BeamProfile.csv  Target = C:\D2216\DemoVer1.02\AppData\BeamData\20250301-83.6mA-BeamProfile.csv
2025/03/01 14:21:37,EFEMScheduler,Sim Interface,Check Point 3 Make Dir = C:\Measure\Bak\LotID_140241\2510_0301142137
2025/03/01 14:21:37,EFEMScheduler,Sim Interface,Check Point 4 File Copy Source = C:\BeamData\20250301-83.6mA-BeamProfile.csv  Target Folder = C:\Measure\Bak\LotID_140241\2510_0301142137\20250301-83.6mA-BeamProfile
2025/03/01 14:21:37,EFEMScheduler,Sim Interface,Delete file ResultC:\D2216\DemoVer1.02\AppData\Results\20250301T141450.csv
2025/03/01 14:21:37,EFEMScheduler,Sim Interface,Delete file Wafer:C:\D2216\DemoVer1.02\AppData\WaferData\2509.csv
2025/03/01 14:21:37,EFEMScheduler,Sim Interface,File Copy Wafer:C:\D2216\ThicknessInfo\2510.csv > C:\D2216\DemoVer1.02\AppData\WaferData\2510.csv
2025/03/01 14:21:37,EFEMScheduler,Sim Interface,File Copy Bak:C:\D2216\ThicknessInfo\2510.csv > C:\Measure\Bak\LotID_140241\2510_0301142137\2510.csv
2025/03/01 14:21:37,EFEMScheduler,Sim Interface,Delete file4:C:\D2216\DemoVer1.02\AppData\GenRecipe\Recipe_auto_4-2509.csv
2025/03/01 14:21:37,EFEMScheduler,Sim Interface,Simulation START.txt Sim 2510
2025/03/01 14:21:41,EFEMScheduler,Sim Interface,File Copy Bak nResult:C:\D2216\DemoVer1.02\AppData\Results\20250301T142141.csv > C:\Measure\Bak\LotID_140241\2510_0301142137\nResult.csv
2025/03/01 14:21:41,EFEMScheduler,Sim Interface,Scan Count Mode: ManualMode
2025/03/01 14:21:41,EFEMScheduler,Sim Interface,Scan Count : 1
2025/03/01 14:21:41,EFEMScheduler,Sim Interface,Process Complete1 Sim
2025/03/01 14:21:51,EFEMScheduler,Plus Step,SlotNo:35 Step:6
2025/03/01 14:21:51,EFEMScheduler,Plus Step,RESULT ROUTE:,135GA,335PA,335GB, 635PB
2025/03/01 14:21:51,EFEMScheduler,Transport,TransComplete Unit:6 Slot:2510
2025/03/01 14:26:29,EFEMScheduler,Transport,Setup Hnadoff Unit=5 Slot=1
2025/03/01 14:26:29,EFEMScheduler,Transport,SetTransCompleteCheckInfo
2025/03/01 14:26:29,EFEMScheduler,Transport,Cmd=1: UnitNo=5: Slot=1:2:2508
2025/03/01 14:26:29,EFEM Robot,Send Command,GET,05,01,2,0
2025/03/01 14:26:45,EFEMScheduler,Plus Step,SlotNo:33 Step:7
2025/03/01 14:26:45,EFEMScheduler,Plus Step,RESULT ROUTE:,133GB,333PB,333GB,633PB, 533GB
2025/03/01 14:26:45,EFEMScheduler,Transport,TransComplete Unit:5 Slot:2508
2025/03/01 14:26:45,EFEMScheduler,Transport,Exchange:,Unit:1,Slot:33,Work:2508,GetHand: 1,PutHand: 2
2025/03/01 14:26:45,EFEMScheduler,Transport,Setup Hnadoff Unit=1 Slot=36
2025/03/01 14:26:46,EFEMScheduler,Transport,SetTransCompleteCheckInfo
2025/03/01 14:26:46,EFEMScheduler,Transport,Cmd=1: UnitNo=1: Slot=36:1:2511
2025/03/01 14:26:46,EFEM Robot,Send Command,GET,02,11,1,0
2025/03/01 14:26:52,EFEMScheduler,Plus Step,SlotNo:36 Step:3
2025/03/01 14:26:52,EFEMScheduler,Plus Step,RESULT ROUTE:, 136GA
2025/03/01 14:26:52,EFEMScheduler,Transport,TransComplete Unit:1 Slot:2511
2025/03/01 14:26:52,EFEMScheduler,Transport,Setup Hnadoff Unit=1 Slot=33
2025/03/01 14:26:52,EFEMScheduler,Transport,SetTransCompleteCheckInfo
2025/03/01 14:26:52,EFEMScheduler,Transport,Cmd=2: UnitNo=1: Slot=33:2:2508
2025/03/01 14:26:52,EFEM Robot,Send Command,PUT,02,08,2,0
2025/03/01 14:26:57,EFEMScheduler,Plus Step,SlotNo:33 Step:8
2025/03/01 14:26:57,EFEMScheduler,Plus Step,RESULT ROUTE:,133GB,333PB,333GB,633PB,533GB, 133PB
2025/03/01 14:26:57,EFEMScheduler,Transport,TransComplete Unit:1 Slot:2508
2025/03/01 14:26:57,EFEMScheduler,Transport,Setup Hnadoff Unit=3 Slot=11
2025/03/01 14:26:57,EFEMScheduler,Transport,SetTransCompleteCheckInfo
2025/03/01 14:26:57,EFEMScheduler,Transport,Cmd=2: UnitNo=3: Slot=11:1:2511
2025/03/01 14:26:57,EFEM Robot,Send Command,PUT,03,01,1,0
2025/03/01 14:27:03,EFEMScheduler,Plus Step,SlotNo:36 Step:4
2025/03/01 14:27:03,EFEMScheduler,Plus Step,RESULT ROUTE:,136GA, 336PA
2025/03/01 14:27:03,EFEMScheduler,Transport,TransComplete Unit:3 Slot:2511
2025/03/01 14:27:07,EFEMScheduler,Transport,Setup Hnadoff Unit=3 Slot=1
2025/03/01 14:27:07,EFEMScheduler,Transport,SetTransCompleteCheckInfo
2025/03/01 14:27:07,EFEMScheduler,Transport,Cmd=1: UnitNo=3: Slot=1:2:2511
2025/03/01 14:27:07,EFEM Robot,Send Command,GET,03,01,2,0
2025/03/01 14:27:14,EFEMScheduler,Plus Step,SlotNo:36 Step:5
2025/03/01 14:27:14,EFEMScheduler,Plus Step,RESULT ROUTE:,136GA,336PA, 336GB
2025/03/01 14:27:14,EFEMScheduler,Transport,TransComplete Unit:3 Slot:2511
2025/03/01 14:27:14,EFEMScheduler,Transport,Setup Hnadoff Unit=6 Slot=11
2025/03/01 14:27:14,EFEMScheduler,Transport,SetTransCompleteCheckInfo
2025/03/01 14:27:14,EFEMScheduler,Transport,Cmd=2: UnitNo=6: Slot=11:2:2511
2025/03/01 14:27:14,EFEM Robot,Send Command,PUT,06,01,2,0
2025/03/01 14:27:15,EFEMScheduler,Sim Interface,Running
2025/03/01 14:27:15,EFEMScheduler,Sim Interface,Check Point 1 Delete Folder C:\D2216\DemoVer1.02\AppData\BeamData Data Count = 1
2025/03/01 14:27:15,EFEMScheduler,Sim Interface,Check Point 2 File Copy Source = C:\BeamData\20250301-83.6mA-BeamProfile.csv  Target = C:\D2216\DemoVer1.02\AppData\BeamData\20250301-83.6mA-BeamProfile.csv
2025/03/01 14:27:15,EFEMScheduler,Sim Interface,Check Point 3 Make Dir = C:\Measure\Bak\LotID_140241\2511_0301142715
2025/03/01 14:27:15,EFEMScheduler,Sim Interface,Check Point 4 File Copy Source = C:\BeamData\20250301-83.6mA-BeamProfile.csv  Target Folder = C:\Measure\Bak\LotID_140241\2511_0301142715\20250301-83.6mA-BeamProfile
2025/03/01 14:27:15,EFEMScheduler,Sim Interface,Delete file ResultC:\D2216\DemoVer1.02\AppData\Results\20250301T142141.csv
2025/03/01 14:27:15,EFEMScheduler,Sim Interface,Delete file Wafer:C:\D2216\DemoVer1.02\AppData\WaferData\2510.csv
2025/03/01 14:27:15,EFEMScheduler,Sim Interface,File Copy Wafer:C:\D2216\ThicknessInfo\2511.csv > C:\D2216\DemoVer1.02\AppData\WaferData\2511.csv
2025/03/01 14:27:15,EFEMScheduler,Sim Interface,File Copy Bak:C:\D2216\ThicknessInfo\2511.csv > C:\Measure\Bak\LotID_140241\2511_0301142715\2511.csv
2025/03/01 14:27:15,EFEMScheduler,Sim Interface,Delete file4:C:\D2216\DemoVer1.02\AppData\GenRecipe\Recipe_auto_5-2510.csv
2025/03/01 14:27:15,EFEMScheduler,Sim Interface,Simulation START.txt Sim 2511
2025/03/01 14:27:19,EFEMScheduler,Sim Interface,File Copy Bak nResult:C:\D2216\DemoVer1.02\AppData\Results\20250301T142718.csv > C:\Measure\Bak\LotID_140241\2511_0301142715\nResult.csv
2025/03/01 14:27:19,EFEMScheduler,Sim Interface,Scan Count Mode: ManualMode
2025/03/01 14:27:19,EFEMScheduler,Sim Interface,Scan Count : 1
2025/03/01 14:27:19,EFEMScheduler,Sim Interface,Process Complete1 Sim
2025/03/01 14:27:29,EFEMScheduler,Plus Step,SlotNo:36 Step:6
2025/03/01 14:27:29,EFEMScheduler,Plus Step,RESULT ROUTE:,136GA,336PA,336GB, 636PB
2025/03/01 14:27:29,EFEMScheduler,Transport,TransComplete Unit:6 Slot:2511
2025/03/01 14:34:22,EFEMScheduler,Transport,Setup Hnadoff Unit=5 Slot=1
2025/03/01 14:34:22,EFEMScheduler,Transport,SetTransCompleteCheckInfo
2025/03/01 14:34:22,EFEMScheduler,Transport,Cmd=1: UnitNo=5: Slot=1:2:2509
2025/03/01 14:34:22,EFEM Robot,Send Command,GET,05,01,2,0
2025/03/01 14:34:40,EFEMScheduler,Plus Step,SlotNo:34 Step:7
2025/03/01 14:34:40,EFEMScheduler,Plus Step,RESULT ROUTE:,134GA,334PA,334GB,634PB, 534GB
2025/03/01 14:34:40,EFEMScheduler,Transport,TransComplete Unit:5 Slot:2509
2025/03/01 14:34:40,EFEMScheduler,Transport,Exchange:,Unit:1,Slot:34,Work:2509,GetHand: 1,PutHand: 2
2025/03/01 14:34:40,EFEMScheduler,Transport,Setup Hnadoff Unit=1 Slot=37
2025/03/01 14:34:40,EFEMScheduler,Transport,SetTransCompleteCheckInfo
2025/03/01 14:34:40,EFEMScheduler,Transport,Cmd=1: UnitNo=1: Slot=37:1:2512
2025/03/01 14:34:40,EFEM Robot,Send Command,GET,02,12,1,0
2025/03/01 14:34:46,EFEMScheduler,Plus Step,SlotNo:37 Step:3
2025/03/01 14:34:46,EFEMScheduler,Plus Step,RESULT ROUTE:, 137GA
2025/03/01 14:34:46,EFEMScheduler,Transport,TransComplete Unit:1 Slot:2512
2025/03/01 14:34:46,EFEMScheduler,Transport,Setup Hnadoff Unit=1 Slot=34
2025/03/01 14:34:47,EFEMScheduler,Transport,SetTransCompleteCheckInfo
2025/03/01 14:34:47,EFEMScheduler,Transport,Cmd=2: UnitNo=1: Slot=34:2:2509
2025/03/01 14:34:47,EFEM Robot,Send Command,PUT,02,09,2,0
2025/03/01 14:34:52,EFEMScheduler,Plus Step,SlotNo:34 Step:8
2025/03/01 14:34:52,EFEMScheduler,Plus Step,RESULT ROUTE:,134GA,334PA,334GB,634PB,534GB, 134PB
2025/03/01 14:34:52,EFEMScheduler,Transport,TransComplete Unit:1 Slot:2509
2025/03/01 14:34:52,EFEMScheduler,Transport,Setup Hnadoff Unit=3 Slot=12
2025/03/01 14:34:52,EFEMScheduler,Transport,SetTransCompleteCheckInfo
2025/03/01 14:34:52,EFEMScheduler,Transport,Cmd=2: UnitNo=3: Slot=12:1:2512
2025/03/01 14:34:52,EFEM Robot,Send Command,PUT,03,01,1,0
2025/03/01 14:34:58,EFEMScheduler,Plus Step,SlotNo:37 Step:4
2025/03/01 14:34:58,EFEMScheduler,Plus Step,RESULT ROUTE:,137GA, 337PA
2025/03/01 14:34:58,EFEMScheduler,Transport,TransComplete Unit:3 Slot:2512
2025/03/01 14:35:02,EFEMScheduler,Transport,Setup Hnadoff Unit=3 Slot=1
2025/03/01 14:35:02,EFEMScheduler,Transport,SetTransCompleteCheckInfo
2025/03/01 14:35:02,EFEMScheduler,Transport,Cmd=1: UnitNo=3: Slot=1:2:2512
2025/03/01 14:35:02,EFEM Robot,Send Command,GET,03,01,2,0
2025/03/01 14:35:09,EFEMScheduler,Plus Step,SlotNo:37 Step:5
2025/03/01 14:35:09,EFEMScheduler,Plus Step,RESULT ROUTE:,137GA,337PA, 337GB
2025/03/01 14:35:09,EFEMScheduler,Transport,TransComplete Unit:3 Slot:2512
2025/03/01 14:35:09,EFEMScheduler,Transport,Setup Hnadoff Unit=6 Slot=12
2025/03/01 14:35:09,EFEMScheduler,Transport,SetTransCompleteCheckInfo
2025/03/01 14:35:09,EFEMScheduler,Transport,Cmd=2: UnitNo=6: Slot=12:2:2512
2025/03/01 14:35:09,EFEM Robot,Send Command,PUT,06,01,2,0
2025/03/01 14:35:10,EFEMScheduler,Sim Interface,Running
2025/03/01 14:35:10,EFEMScheduler,Sim Interface,Check Point 1 Delete Folder C:\D2216\DemoVer1.02\AppData\BeamData Data Count = 1
2025/03/01 14:35:10,EFEMScheduler,Sim Interface,Check Point 2 File Copy Source = C:\BeamData\20250301-83.6mA-BeamProfile.csv  Target = C:\D2216\DemoVer1.02\AppData\BeamData\20250301-83.6mA-BeamProfile.csv
2025/03/01 14:35:10,EFEMScheduler,Sim Interface,Check Point 3 Make Dir = C:\Measure\Bak\LotID_140241\2512_0301143510
2025/03/01 14:35:10,EFEMScheduler,Sim Interface,Check Point 4 File Copy Source = C:\BeamData\20250301-83.6mA-BeamProfile.csv  Target Folder = C:\Measure\Bak\LotID_140241\2512_0301143510\20250301-83.6mA-BeamProfile
2025/03/01 14:35:10,EFEMScheduler,Sim Interface,Delete file ResultC:\D2216\DemoVer1.02\AppData\Results\20250301T142718.csv
2025/03/01 14:35:10,EFEMScheduler,Sim Interface,Delete file Wafer:C:\D2216\DemoVer1.02\AppData\WaferData\2511.csv
2025/03/01 14:35:10,EFEMScheduler,Sim Interface,File Copy Wafer:C:\D2216\ThicknessInfo\2512.csv > C:\D2216\DemoVer1.02\AppData\WaferData\2512.csv
2025/03/01 14:35:10,EFEMScheduler,Sim Interface,File Copy Bak:C:\D2216\ThicknessInfo\2512.csv > C:\Measure\Bak\LotID_140241\2512_0301143510\2512.csv
2025/03/01 14:35:10,EFEMScheduler,Sim Interface,Delete file4:C:\D2216\DemoVer1.02\AppData\GenRecipe\Recipe_auto_6-2511.csv
2025/03/01 14:35:10,EFEMScheduler,Sim Interface,Simulation START.txt Sim 2512
2025/03/01 14:35:14,EFEMScheduler,Sim Interface,File Copy Bak nResult:C:\D2216\DemoVer1.02\AppData\Results\20250301T143513.csv > C:\Measure\Bak\LotID_140241\2512_0301143510\nResult.csv
2025/03/01 14:35:14,EFEMScheduler,Sim Interface,Scan Count Mode: ManualMode
2025/03/01 14:35:14,EFEMScheduler,Sim Interface,Scan Count : 1
2025/03/01 14:35:14,EFEMScheduler,Sim Interface,Process Complete1 Sim
2025/03/01 14:35:24,EFEMScheduler,Plus Step,SlotNo:37 Step:6
2025/03/01 14:35:24,EFEMScheduler,Plus Step,RESULT ROUTE:,137GA,337PA,337GB, 637PB
2025/03/01 14:35:24,EFEMScheduler,Transport,TransComplete Unit:6 Slot:2512
2025/03/01 14:42:27,EFEMScheduler,Transport,Setup Hnadoff Unit=5 Slot=1
2025/03/01 14:42:27,EFEMScheduler,Transport,SetTransCompleteCheckInfo
2025/03/01 14:42:27,EFEMScheduler,Transport,Cmd=1: UnitNo=5: Slot=1:2:2510
2025/03/01 14:42:27,EFEM Robot,Send Command,GET,05,01,2,0
2025/03/01 14:42:46,EFEMScheduler,Plus Step,SlotNo:35 Step:7
2025/03/01 14:42:46,EFEMScheduler,Plus Step,RESULT ROUTE:,135GA,335PA,335GB,635PB, 535GB
2025/03/01 14:42:46,EFEMScheduler,Transport,TransComplete Unit:5 Slot:2510
2025/03/01 14:42:46,EFEMScheduler,Transport,Exchange:,Unit:1,Slot:35,Work:2510,GetHand: 1,PutHand: 2
2025/03/01 14:42:46,EFEMScheduler,Transport,Setup Hnadoff Unit=1 Slot=38
2025/03/01 14:42:46,EFEMScheduler,Transport,SetTransCompleteCheckInfo
2025/03/01 14:42:46,EFEMScheduler,Transport,Cmd=1: UnitNo=1: Slot=38:1:2513
2025/03/01 14:42:46,EFEM Robot,Send Command,GET,02,13,1,0
2025/03/01 14:42:52,EFEMScheduler,Plus Step,SlotNo:38 Step:3
2025/03/01 14:42:52,EFEMScheduler,Plus Step,RESULT ROUTE:, 138GA
2025/03/01 14:42:52,EFEMScheduler,Transport,TransComplete Unit:1 Slot:2513
2025/03/01 14:42:52,EFEMScheduler,Transport,Setup Hnadoff Unit=1 Slot=35
2025/03/01 14:42:52,EFEMScheduler,Transport,SetTransCompleteCheckInfo
2025/03/01 14:42:52,EFEMScheduler,Transport,Cmd=2: UnitNo=1: Slot=35:2:2510
2025/03/01 14:42:52,EFEM Robot,Send Command,PUT,02,10,2,0
2025/03/01 14:42:58,EFEMScheduler,Plus Step,SlotNo:35 Step:8
2025/03/01 14:42:58,EFEMScheduler,Plus Step,RESULT ROUTE:,135GA,335PA,335GB,635PB,535GB, 135PB
2025/03/01 14:42:58,EFEMScheduler,Transport,TransComplete Unit:1 Slot:2510
2025/03/01 14:42:58,EFEMScheduler,Transport,Setup Hnadoff Unit=3 Slot=13
2025/03/01 14:42:58,EFEMScheduler,Transport,SetTransCompleteCheckInfo
2025/03/01 14:42:58,EFEMScheduler,Transport,Cmd=2: UnitNo=3: Slot=13:1:2513
2025/03/01 14:42:58,EFEM Robot,Send Command,PUT,03,01,1,0
2025/03/01 14:43:04,EFEMScheduler,Plus Step,SlotNo:38 Step:4
2025/03/01 14:43:04,EFEMScheduler,Plus Step,RESULT ROUTE:,138GA, 338PA
2025/03/01 14:43:04,EFEMScheduler,Transport,TransComplete Unit:3 Slot:2513
2025/03/01 14:43:08,EFEMScheduler,Transport,Setup Hnadoff Unit=3 Slot=1
2025/03/01 14:43:08,EFEMScheduler,Transport,SetTransCompleteCheckInfo
2025/03/01 14:43:08,EFEMScheduler,Transport,Cmd=1: UnitNo=3: Slot=1:2:2513
2025/03/01 14:43:08,EFEM Robot,Send Command,GET,03,01,2,0
2025/03/01 14:43:15,EFEMScheduler,Plus Step,SlotNo:38 Step:5
2025/03/01 14:43:15,EFEMScheduler,Plus Step,RESULT ROUTE:,138GA,338PA, 338GB
2025/03/01 14:43:15,EFEMScheduler,Transport,TransComplete Unit:3 Slot:2513
2025/03/01 14:43:15,EFEMScheduler,Transport,Setup Hnadoff Unit=6 Slot=13
2025/03/01 14:43:15,EFEMScheduler,Transport,SetTransCompleteCheckInfo
2025/03/01 14:43:15,EFEMScheduler,Transport,Cmd=2: UnitNo=6: Slot=13:2:2513
2025/03/01 14:43:15,EFEM Robot,Send Command,PUT,06,01,2,0
2025/03/01 14:43:16,EFEMScheduler,Sim Interface,Running
2025/03/01 14:43:16,EFEMScheduler,Sim Interface,Check Point 1 Delete Folder C:\D2216\DemoVer1.02\AppData\BeamData Data Count = 1
2025/03/01 14:43:16,EFEMScheduler,Sim Interface,Check Point 2 File Copy Source = C:\BeamData\20250301-83.6mA-BeamProfile.csv  Target = C:\D2216\DemoVer1.02\AppData\BeamData\20250301-83.6mA-BeamProfile.csv
2025/03/01 14:43:16,EFEMScheduler,Sim Interface,Check Point 3 Make Dir = C:\Measure\Bak\LotID_140241\2513_0301144316
2025/03/01 14:43:16,EFEMScheduler,Sim Interface,Check Point 4 File Copy Source = C:\BeamData\20250301-83.6mA-BeamProfile.csv  Target Folder = C:\Measure\Bak\LotID_140241\2513_0301144316\20250301-83.6mA-BeamProfile
2025/03/01 14:43:16,EFEMScheduler,Sim Interface,Delete file ResultC:\D2216\DemoVer1.02\AppData\Results\20250301T143513.csv
2025/03/01 14:43:16,EFEMScheduler,Sim Interface,Delete file Wafer:C:\D2216\DemoVer1.02\AppData\WaferData\2512.csv
2025/03/01 14:43:16,EFEMScheduler,Sim Interface,File Copy Wafer:C:\D2216\ThicknessInfo\2513.csv > C:\D2216\DemoVer1.02\AppData\WaferData\2513.csv
2025/03/01 14:43:16,EFEMScheduler,Sim Interface,File Copy Bak:C:\D2216\ThicknessInfo\2513.csv > C:\Measure\Bak\LotID_140241\2513_0301144316\2513.csv
2025/03/01 14:43:16,EFEMScheduler,Sim Interface,Delete file4:C:\D2216\DemoVer1.02\AppData\GenRecipe\Recipe_auto_7-2512.csv
2025/03/01 14:43:16,EFEMScheduler,Sim Interface,Simulation START.txt Sim 2513
2025/03/01 14:43:20,EFEMScheduler,Sim Interface,File Copy Bak nResult:C:\D2216\DemoVer1.02\AppData\Results\20250301T144320.csv > C:\Measure\Bak\LotID_140241\2513_0301144316\nResult.csv
2025/03/01 14:43:20,EFEMScheduler,Sim Interface,Scan Count Mode: ManualMode
2025/03/01 14:43:20,EFEMScheduler,Sim Interface,Scan Count : 1
2025/03/01 14:43:20,EFEMScheduler,Sim Interface,Process Complete1 Sim
2025/03/01 14:43:30,EFEMScheduler,Plus Step,SlotNo:38 Step:6
2025/03/01 14:43:30,EFEMScheduler,Plus Step,RESULT ROUTE:,138GA,338PA,338GB, 638PB
2025/03/01 14:43:30,EFEMScheduler,Transport,TransComplete Unit:6 Slot:2513
2025/03/01 14:48:58,EFEMScheduler,Transport,Setup Hnadoff Unit=5 Slot=1
2025/03/01 14:48:58,EFEMScheduler,Transport,SetTransCompleteCheckInfo
2025/03/01 14:48:58,EFEMScheduler,Transport,Cmd=1: UnitNo=5: Slot=1:2:2511
2025/03/01 14:48:58,EFEM Robot,Send Command,GET,05,01,2,0
2025/03/01 14:49:16,EFEMScheduler,Plus Step,SlotNo:36 Step:7
2025/03/01 14:49:16,EFEMScheduler,Plus Step,RESULT ROUTE:,136GA,336PA,336GB,636PB, 536GB
2025/03/01 14:49:16,EFEMScheduler,Transport,TransComplete Unit:5 Slot:2511
2025/03/01 14:49:16,EFEMScheduler,Transport,Exchange:,Unit:1,Slot:36,Work:2511,GetHand: 1,PutHand: 2
2025/03/01 14:49:16,EFEMScheduler,Transport,Setup Hnadoff Unit=1 Slot=39
2025/03/01 14:49:16,EFEMScheduler,Transport,SetTransCompleteCheckInfo
2025/03/01 14:49:16,EFEMScheduler,Transport,Cmd=1: UnitNo=1: Slot=39:1:2514
2025/03/01 14:49:16,EFEM Robot,Send Command,GET,02,14,1,0
2025/03/01 14:49:22,EFEMScheduler,Plus Step,SlotNo:39 Step:3
2025/03/01 14:49:22,EFEMScheduler,Plus Step,RESULT ROUTE:, 139GA
2025/03/01 14:49:22,EFEMScheduler,Transport,TransComplete Unit:1 Slot:2514
2025/03/01 14:49:22,EFEMScheduler,Transport,Setup Hnadoff Unit=1 Slot=36
2025/03/01 14:49:22,EFEMScheduler,Transport,SetTransCompleteCheckInfo
2025/03/01 14:49:22,EFEMScheduler,Transport,Cmd=2: UnitNo=1: Slot=36:2:2511
2025/03/01 14:49:22,EFEM Robot,Send Command,PUT,02,11,2,0
2025/03/01 14:49:27,EFEMScheduler,Plus Step,SlotNo:36 Step:8
2025/03/01 14:49:27,EFEMScheduler,Plus Step,RESULT ROUTE:,136GA,336PA,336GB,636PB,536GB, 136PB
2025/03/01 14:49:27,EFEMScheduler,Transport,TransComplete Unit:1 Slot:2511
2025/03/01 14:49:27,EFEMScheduler,Transport,Setup Hnadoff Unit=3 Slot=14
2025/03/01 14:49:27,EFEMScheduler,Transport,SetTransCompleteCheckInfo
2025/03/01 14:49:27,EFEMScheduler,Transport,Cmd=2: UnitNo=3: Slot=14:1:2514
2025/03/01 14:49:27,EFEM Robot,Send Command,PUT,03,01,1,0
2025/03/01 14:49:34,EFEMScheduler,Plus Step,SlotNo:39 Step:4
2025/03/01 14:49:34,EFEMScheduler,Plus Step,RESULT ROUTE:,139GA, 339PA
2025/03/01 14:49:34,EFEMScheduler,Transport,TransComplete Unit:3 Slot:2514
2025/03/01 14:49:37,EFEMScheduler,Transport,Setup Hnadoff Unit=3 Slot=1
2025/03/01 14:49:38,EFEMScheduler,Transport,SetTransCompleteCheckInfo
2025/03/01 14:49:38,EFEMScheduler,Transport,Cmd=1: UnitNo=3: Slot=1:2:2514
2025/03/01 14:49:38,EFEM Robot,Send Command,GET,03,01,2,0
2025/03/01 14:49:44,EFEMScheduler,Plus Step,SlotNo:39 Step:5
2025/03/01 14:49:44,EFEMScheduler,Plus Step,RESULT ROUTE:,139GA,339PA, 339GB
2025/03/01 14:49:44,EFEMScheduler,Transport,TransComplete Unit:3 Slot:2514
2025/03/01 14:49:44,EFEMScheduler,Transport,Setup Hnadoff Unit=6 Slot=14
2025/03/01 14:49:44,EFEMScheduler,Transport,SetTransCompleteCheckInfo
2025/03/01 14:49:44,EFEMScheduler,Transport,Cmd=2: UnitNo=6: Slot=14:2:2514
2025/03/01 14:49:44,EFEM Robot,Send Command,PUT,06,01,2,0
2025/03/01 14:49:45,EFEMScheduler,Sim Interface,Running
2025/03/01 14:49:45,EFEMScheduler,Sim Interface,Check Point 1 Delete Folder C:\D2216\DemoVer1.02\AppData\BeamData Data Count = 1
2025/03/01 14:49:45,EFEMScheduler,Sim Interface,Check Point 2 File Copy Source = C:\BeamData\20250301-83.6mA-BeamProfile.csv  Target = C:\D2216\DemoVer1.02\AppData\BeamData\20250301-83.6mA-BeamProfile.csv
2025/03/01 14:49:45,EFEMScheduler,Sim Interface,Check Point 3 Make Dir = C:\Measure\Bak\LotID_140241\2514_0301144945
2025/03/01 14:49:45,EFEMScheduler,Sim Interface,Check Point 4 File Copy Source = C:\BeamData\20250301-83.6mA-BeamProfile.csv  Target Folder = C:\Measure\Bak\LotID_140241\2514_0301144945\20250301-83.6mA-BeamProfile
2025/03/01 14:49:45,EFEMScheduler,Sim Interface,Delete file ResultC:\D2216\DemoVer1.02\AppData\Results\20250301T144320.csv
2025/03/01 14:49:45,EFEMScheduler,Sim Interface,Delete file Wafer:C:\D2216\DemoVer1.02\AppData\WaferData\2513.csv
2025/03/01 14:49:45,EFEMScheduler,Sim Interface,File Copy Wafer:C:\D2216\ThicknessInfo\2514.csv > C:\D2216\DemoVer1.02\AppData\WaferData\2514.csv
2025/03/01 14:49:45,EFEMScheduler,Sim Interface,File Copy Bak:C:\D2216\ThicknessInfo\2514.csv > C:\Measure\Bak\LotID_140241\2514_0301144945\2514.csv
2025/03/01 14:49:45,EFEMScheduler,Sim Interface,Delete file4:C:\D2216\DemoVer1.02\AppData\GenRecipe\Recipe_auto_8-2513.csv
2025/03/01 14:49:45,EFEMScheduler,Sim Interface,Simulation START.txt Sim 2514
2025/03/01 14:49:49,EFEMScheduler,Sim Interface,File Copy Bak nResult:C:\D2216\DemoVer1.02\AppData\Results\20250301T144949.csv > C:\Measure\Bak\LotID_140241\2514_0301144945\nResult.csv
2025/03/01 14:49:49,EFEMScheduler,Sim Interface,Scan Count Mode: ManualMode
2025/03/01 14:49:49,EFEMScheduler,Sim Interface,Scan Count : 1
2025/03/01 14:49:49,EFEMScheduler,Sim Interface,Process Complete1 Sim
2025/03/01 14:49:59,EFEMScheduler,Plus Step,SlotNo:39 Step:6
2025/03/01 14:49:59,EFEMScheduler,Plus Step,RESULT ROUTE:,139GA,339PA,339GB, 639PB
2025/03/01 14:49:59,EFEMScheduler,Transport,TransComplete Unit:6 Slot:2514
2025/03/01 14:55:43,EFEMScheduler,Transport,Setup Hnadoff Unit=5 Slot=1
2025/03/01 14:55:43,EFEMScheduler,Transport,SetTransCompleteCheckInfo
2025/03/01 14:55:43,EFEMScheduler,Transport,Cmd=1: UnitNo=5: Slot=1:2:2512
2025/03/01 14:55:43,EFEM Robot,Send Command,GET,05,01,2,0
2025/03/01 14:56:02,EFEMScheduler,Plus Step,SlotNo:37 Step:7
2025/03/01 14:56:02,EFEMScheduler,Plus Step,RESULT ROUTE:,137GA,337PA,337GB,637PB, 537GB
2025/03/01 14:56:02,EFEMScheduler,Transport,TransComplete Unit:5 Slot:2512
2025/03/01 14:56:02,EFEMScheduler,Transport,Exchange:,Unit:1,Slot:37,Work:2512,GetHand: 1,PutHand: 2
2025/03/01 14:56:02,EFEMScheduler,Transport,Setup Hnadoff Unit=1 Slot=40
2025/03/01 14:56:02,EFEMScheduler,Transport,SetTransCompleteCheckInfo
2025/03/01 14:56:02,EFEMScheduler,Transport,Cmd=1: UnitNo=1: Slot=40:1:2515
2025/03/01 14:56:02,EFEM Robot,Send Command,GET,02,15,1,0
2025/03/01 14:56:08,EFEMScheduler,Plus Step,SlotNo:40 Step:3
2025/03/01 14:56:08,EFEMScheduler,Plus Step,RESULT ROUTE:, 140GA
2025/03/01 14:56:08,EFEMScheduler,Transport,TransComplete Unit:1 Slot:2515
2025/03/01 14:56:08,EFEMScheduler,Transport,Setup Hnadoff Unit=1 Slot=37
2025/03/01 14:56:08,EFEMScheduler,Transport,SetTransCompleteCheckInfo
2025/03/01 14:56:08,EFEMScheduler,Transport,Cmd=2: UnitNo=1: Slot=37:2:2512
2025/03/01 14:56:08,EFEM Robot,Send Command,PUT,02,12,2,0
2025/03/01 14:56:13,EFEMScheduler,Plus Step,SlotNo:37 Step:8
2025/03/01 14:56:13,EFEMScheduler,Plus Step,RESULT ROUTE:,137GA,337PA,337GB,637PB,537GB, 137PB
2025/03/01 14:56:13,EFEMScheduler,Transport,TransComplete Unit:1 Slot:2512
2025/03/01 14:56:13,EFEMScheduler,Transport,Setup Hnadoff Unit=3 Slot=15
2025/03/01 14:56:13,EFEMScheduler,Transport,SetTransCompleteCheckInfo
2025/03/01 14:56:13,EFEMScheduler,Transport,Cmd=2: UnitNo=3: Slot=15:1:2515
2025/03/01 14:56:13,EFEM Robot,Send Command,PUT,03,01,1,0
2025/03/01 14:56:19,EFEMScheduler,Plus Step,SlotNo:40 Step:4
2025/03/01 14:56:19,EFEMScheduler,Plus Step,RESULT ROUTE:,140GA, 340PA
2025/03/01 14:56:19,EFEMScheduler,Transport,TransComplete Unit:3 Slot:2515
2025/03/01 14:56:23,EFEMScheduler,Transport,Setup Hnadoff Unit=3 Slot=1
2025/03/01 14:56:23,EFEMScheduler,Transport,SetTransCompleteCheckInfo
2025/03/01 14:56:23,EFEMScheduler,Transport,Cmd=1: UnitNo=3: Slot=1:2:2515
2025/03/01 14:56:23,EFEM Robot,Send Command,GET,03,01,2,0
2025/03/01 14:56:30,EFEMScheduler,Plus Step,SlotNo:40 Step:5
2025/03/01 14:56:30,EFEMScheduler,Plus Step,RESULT ROUTE:,140GA,340PA, 340GB
2025/03/01 14:56:30,EFEMScheduler,Transport,TransComplete Unit:3 Slot:2515
2025/03/01 14:56:30,EFEMScheduler,Transport,Setup Hnadoff Unit=6 Slot=15
2025/03/01 14:56:30,EFEMScheduler,Transport,SetTransCompleteCheckInfo
2025/03/01 14:56:30,EFEMScheduler,Transport,Cmd=2: UnitNo=6: Slot=15:2:2515
2025/03/01 14:56:30,EFEM Robot,Send Command,PUT,06,01,2,0
2025/03/01 14:56:31,EFEMScheduler,Sim Interface,Running
2025/03/01 14:56:31,EFEMScheduler,Sim Interface,Check Point 1 Delete Folder C:\D2216\DemoVer1.02\AppData\BeamData Data Count = 1
2025/03/01 14:56:31,EFEMScheduler,Sim Interface,Check Point 2 File Copy Source = C:\BeamData\20250301-83.6mA-BeamProfile.csv  Target = C:\D2216\DemoVer1.02\AppData\BeamData\20250301-83.6mA-BeamProfile.csv
2025/03/01 14:56:31,EFEMScheduler,Sim Interface,Check Point 3 Make Dir = C:\Measure\Bak\LotID_140241\2515_0301145631
2025/03/01 14:56:31,EFEMScheduler,Sim Interface,Check Point 4 File Copy Source = C:\BeamData\20250301-83.6mA-BeamProfile.csv  Target Folder = C:\Measure\Bak\LotID_140241\2515_0301145631\20250301-83.6mA-BeamProfile
2025/03/01 14:56:31,EFEMScheduler,Sim Interface,Delete file ResultC:\D2216\DemoVer1.02\AppData\Results\20250301T144949.csv
2025/03/01 14:56:31,EFEMScheduler,Sim Interface,Delete file Wafer:C:\D2216\DemoVer1.02\AppData\WaferData\2514.csv
2025/03/01 14:56:31,EFEMScheduler,Sim Interface,File Copy Wafer:C:\D2216\ThicknessInfo\2515.csv > C:\D2216\DemoVer1.02\AppData\WaferData\2515.csv
2025/03/01 14:56:31,EFEMScheduler,Sim Interface,File Copy Bak:C:\D2216\ThicknessInfo\2515.csv > C:\Measure\Bak\LotID_140241\2515_0301145631\2515.csv
2025/03/01 14:56:31,EFEMScheduler,Sim Interface,Delete file4:C:\D2216\DemoVer1.02\AppData\GenRecipe\Recipe_auto_9-2514.csv
2025/03/01 14:56:31,EFEMScheduler,Sim Interface,Simulation START.txt Sim 2515
2025/03/01 14:56:35,EFEMScheduler,Sim Interface,File Copy Bak nResult:C:\D2216\DemoVer1.02\AppData\Results\20250301T145635.csv > C:\Measure\Bak\LotID_140241\2515_0301145631\nResult.csv
2025/03/01 14:56:35,EFEMScheduler,Sim Interface,Scan Count Mode: ManualMode
2025/03/01 14:56:35,EFEMScheduler,Sim Interface,Scan Count : 1
2025/03/01 14:56:35,EFEMScheduler,Sim Interface,Process Complete1 Sim
2025/03/01 14:56:46,EFEMScheduler,Plus Step,SlotNo:40 Step:6
2025/03/01 14:56:46,EFEMScheduler,Plus Step,RESULT ROUTE:,140GA,340PA,340GB, 640PB
2025/03/01 14:56:46,EFEMScheduler,Transport,TransComplete Unit:6 Slot:2515
2025/03/01 15:02:33,EFEMScheduler,Transport,Setup Hnadoff Unit=5 Slot=1
2025/03/01 15:02:33,EFEMScheduler,Transport,SetTransCompleteCheckInfo
2025/03/01 15:02:33,EFEMScheduler,Transport,Cmd=1: UnitNo=5: Slot=1:2:2513
2025/03/01 15:02:33,EFEM Robot,Send Command,GET,05,01,2,0
2025/03/01 15:02:52,EFEMScheduler,Plus Step,SlotNo:38 Step:7
2025/03/01 15:02:52,EFEMScheduler,Plus Step,RESULT ROUTE:,138GA,338PA,338GB,638PB, 538GB
2025/03/01 15:02:52,EFEMScheduler,Transport,TransComplete Unit:5 Slot:2513
2025/03/01 15:02:52,EFEMScheduler,Transport,Exchange:,Unit:1,Slot:38,Work:2513,GetHand: 1,PutHand: 2
2025/03/01 15:02:52,EFEMScheduler,Transport,Setup Hnadoff Unit=1 Slot=41
2025/03/01 15:02:52,EFEMScheduler,Transport,SetTransCompleteCheckInfo
2025/03/01 15:02:52,EFEMScheduler,Transport,Cmd=1: UnitNo=1: Slot=41:1:2516
2025/03/01 15:02:52,EFEM Robot,Send Command,GET,02,16,1,0
2025/03/01 15:02:58,EFEMScheduler,Plus Step,SlotNo:41 Step:3
2025/03/01 15:02:58,EFEMScheduler,Plus Step,RESULT ROUTE:, 141GA
2025/03/01 15:02:58,EFEMScheduler,Transport,TransComplete Unit:1 Slot:2516
2025/03/01 15:02:58,EFEMScheduler,Transport,Setup Hnadoff Unit=1 Slot=38
2025/03/01 15:02:59,EFEMScheduler,Transport,SetTransCompleteCheckInfo
2025/03/01 15:02:59,EFEMScheduler,Transport,Cmd=2: UnitNo=1: Slot=38:2:2513
2025/03/01 15:02:59,EFEM Robot,Send Command,PUT,02,13,2,0
2025/03/01 15:03:04,EFEMScheduler,Plus Step,SlotNo:38 Step:8
2025/03/01 15:03:04,EFEMScheduler,Plus Step,RESULT ROUTE:,138GA,338PA,338GB,638PB,538GB, 138PB
2025/03/01 15:03:04,EFEMScheduler,Transport,TransComplete Unit:1 Slot:2513
2025/03/01 15:03:04,EFEMScheduler,Transport,Setup Hnadoff Unit=3 Slot=16
2025/03/01 15:03:04,EFEMScheduler,Transport,SetTransCompleteCheckInfo
2025/03/01 15:03:04,EFEMScheduler,Transport,Cmd=2: UnitNo=3: Slot=16:1:2516
2025/03/01 15:03:04,EFEM Robot,Send Command,PUT,03,01,1,0
2025/03/01 15:03:10,EFEMScheduler,Plus Step,SlotNo:41 Step:4
2025/03/01 15:03:10,EFEMScheduler,Plus Step,RESULT ROUTE:,141GA, 341PA
2025/03/01 15:03:10,EFEMScheduler,Transport,TransComplete Unit:3 Slot:2516
2025/03/01 15:03:14,EFEMScheduler,Transport,Setup Hnadoff Unit=3 Slot=1
2025/03/01 15:03:14,EFEMScheduler,Transport,SetTransCompleteCheckInfo
2025/03/01 15:03:14,EFEMScheduler,Transport,Cmd=1: UnitNo=3: Slot=1:2:2516
2025/03/01 15:03:14,EFEM Robot,Send Command,GET,03,01,2,0
2025/03/01 15:03:20,EFEMScheduler,Plus Step,SlotNo:41 Step:5
2025/03/01 15:03:20,EFEMScheduler,Plus Step,RESULT ROUTE:,141GA,341PA, 341GB
2025/03/01 15:03:20,EFEMScheduler,Transport,TransComplete Unit:3 Slot:2516
2025/03/01 15:03:20,EFEMScheduler,Transport,Setup Hnadoff Unit=6 Slot=16
2025/03/01 15:03:20,EFEMScheduler,Transport,SetTransCompleteCheckInfo
2025/03/01 15:03:20,EFEMScheduler,Transport,Cmd=2: UnitNo=6: Slot=16:2:2516
2025/03/01 15:03:20,EFEM Robot,Send Command,PUT,06,01,2,0
2025/03/01 15:03:21,EFEMScheduler,Sim Interface,Running
2025/03/01 15:03:21,EFEMScheduler,Sim Interface,Check Point 1 Delete Folder C:\D2216\DemoVer1.02\AppData\BeamData Data Count = 1
2025/03/01 15:03:21,EFEMScheduler,Sim Interface,Check Point 2 File Copy Source = C:\BeamData\20250301-83.6mA-BeamProfile.csv  Target = C:\D2216\DemoVer1.02\AppData\BeamData\20250301-83.6mA-BeamProfile.csv
2025/03/01 15:03:21,EFEMScheduler,Sim Interface,Check Point 3 Make Dir = C:\Measure\Bak\LotID_140241\2516_0301150321
2025/03/01 15:03:21,EFEMScheduler,Sim Interface,Check Point 4 File Copy Source = C:\BeamData\20250301-83.6mA-BeamProfile.csv  Target Folder = C:\Measure\Bak\LotID_140241\2516_0301150321\20250301-83.6mA-BeamProfile
2025/03/01 15:03:21,EFEMScheduler,Sim Interface,Delete file ResultC:\D2216\DemoVer1.02\AppData\Results\20250301T145635.csv
2025/03/01 15:03:21,EFEMScheduler,Sim Interface,Delete file Wafer:C:\D2216\DemoVer1.02\AppData\WaferData\2515.csv
2025/03/01 15:03:21,EFEMScheduler,Sim Interface,File Copy Wafer:C:\D2216\ThicknessInfo\2516.csv > C:\D2216\DemoVer1.02\AppData\WaferData\2516.csv
2025/03/01 15:03:21,EFEMScheduler,Sim Interface,File Copy Bak:C:\D2216\ThicknessInfo\2516.csv > C:\Measure\Bak\LotID_140241\2516_0301150321\2516.csv
2025/03/01 15:03:21,EFEMScheduler,Sim Interface,Delete file4:C:\D2216\DemoVer1.02\AppData\GenRecipe\Recipe_auto_10-2515.csv
2025/03/01 15:03:22,EFEMScheduler,Sim Interface,Simulation START.txt Sim 2516
2025/03/01 15:03:26,EFEMScheduler,Sim Interface,File Copy Bak nResult:C:\D2216\DemoVer1.02\AppData\Results\20250301T150325.csv > C:\Measure\Bak\LotID_140241\2516_0301150321\nResult.csv
2025/03/01 15:03:26,EFEMScheduler,Sim Interface,Scan Count Mode: ManualMode
2025/03/01 15:03:26,EFEMScheduler,Sim Interface,Scan Count : 1
2025/03/01 15:03:26,EFEMScheduler,Sim Interface,Process Complete1 Sim
2025/03/01 15:03:36,EFEMScheduler,Plus Step,SlotNo:41 Step:6
2025/03/01 15:03:36,EFEMScheduler,Plus Step,RESULT ROUTE:,141GA,341PA,341GB, 641PB
2025/03/01 15:03:36,EFEMScheduler,Transport,TransComplete Unit:6 Slot:2516
2025/03/01 15:10:25,EFEMScheduler,Transport,Setup Hnadoff Unit=5 Slot=1
2025/03/01 15:10:25,EFEMScheduler,Transport,SetTransCompleteCheckInfo
2025/03/01 15:10:25,EFEMScheduler,Transport,Cmd=1: UnitNo=5: Slot=1:2:2514
2025/03/01 15:10:25,EFEM Robot,Send Command,GET,05,01,2,0
2025/03/01 15:10:43,EFEMScheduler,Plus Step,SlotNo:39 Step:7
2025/03/01 15:10:43,EFEMScheduler,Plus Step,RESULT ROUTE:,139GA,339PA,339GB,639PB, 539GB
2025/03/01 15:10:43,EFEMScheduler,Transport,TransComplete Unit:5 Slot:2514
2025/03/01 15:10:43,EFEMScheduler,Transport,Exchange:,Unit:1,Slot:39,Work:2514,GetHand: 1,PutHand: 2
2025/03/01 15:10:43,EFEMScheduler,Transport,Setup Hnadoff Unit=1 Slot=42
2025/03/01 15:10:43,EFEMScheduler,Transport,SetTransCompleteCheckInfo
2025/03/01 15:10:43,EFEMScheduler,Transport,Cmd=1: UnitNo=1: Slot=42:1:2517
2025/03/01 15:10:43,EFEM Robot,Send Command,GET,02,17,1,0
2025/03/01 15:10:50,EFEMScheduler,Plus Step,SlotNo:42 Step:3
2025/03/01 15:10:50,EFEMScheduler,Plus Step,RESULT ROUTE:, 142GA
2025/03/01 15:10:50,EFEMScheduler,Transport,TransComplete Unit:1 Slot:2517
2025/03/01 15:10:50,EFEMScheduler,Transport,Setup Hnadoff Unit=1 Slot=39
2025/03/01 15:10:50,EFEMScheduler,Transport,SetTransCompleteCheckInfo
2025/03/01 15:10:50,EFEMScheduler,Transport,Cmd=2: UnitNo=1: Slot=39:2:2514
2025/03/01 15:10:50,EFEM Robot,Send Command,PUT,02,14,2,0
2025/03/01 15:10:55,EFEMScheduler,Plus Step,SlotNo:39 Step:8
2025/03/01 15:10:55,EFEMScheduler,Plus Step,RESULT ROUTE:,139GA,339PA,339GB,639PB,539GB, 139PB
2025/03/01 15:10:55,EFEMScheduler,Transport,TransComplete Unit:1 Slot:2514
2025/03/01 15:10:55,EFEMScheduler,Transport,Setup Hnadoff Unit=3 Slot=17
2025/03/01 15:10:55,EFEMScheduler,Transport,SetTransCompleteCheckInfo
2025/03/01 15:10:55,EFEMScheduler,Transport,Cmd=2: UnitNo=3: Slot=17:1:2517
2025/03/01 15:10:55,EFEM Robot,Send Command,PUT,03,01,1,0
2025/03/01 15:11:01,EFEMScheduler,Plus Step,SlotNo:42 Step:4
2025/03/01 15:11:01,EFEMScheduler,Plus Step,RESULT ROUTE:,142GA, 342PA
2025/03/01 15:11:01,EFEMScheduler,Transport,TransComplete Unit:3 Slot:2517
2025/03/01 15:11:05,EFEMScheduler,Transport,Setup Hnadoff Unit=3 Slot=1
2025/03/01 15:11:05,EFEMScheduler,Transport,SetTransCompleteCheckInfo
2025/03/01 15:11:05,EFEMScheduler,Transport,Cmd=1: UnitNo=3: Slot=1:2:2517
2025/03/01 15:11:05,EFEM Robot,Send Command,GET,03,01,2,0
2025/03/01 15:11:12,EFEMScheduler,Plus Step,SlotNo:42 Step:5
2025/03/01 15:11:12,EFEMScheduler,Plus Step,RESULT ROUTE:,142GA,342PA, 342GB
2025/03/01 15:11:12,EFEMScheduler,Transport,TransComplete Unit:3 Slot:2517
2025/03/01 15:11:12,EFEMScheduler,Transport,Setup Hnadoff Unit=6 Slot=17
2025/03/01 15:11:12,EFEMScheduler,Transport,SetTransCompleteCheckInfo
2025/03/01 15:11:12,EFEMScheduler,Transport,Cmd=2: UnitNo=6: Slot=17:2:2517
2025/03/01 15:11:12,EFEM Robot,Send Command,PUT,06,01,2,0
2025/03/01 15:11:12,EFEMScheduler,Sim Interface,Running
2025/03/01 15:11:12,EFEMScheduler,Sim Interface,Check Point 1 Delete Folder C:\D2216\DemoVer1.02\AppData\BeamData Data Count = 1
2025/03/01 15:11:12,EFEMScheduler,Sim Interface,Check Point 2 File Copy Source = C:\BeamData\20250301-83.6mA-BeamProfile.csv  Target = C:\D2216\DemoVer1.02\AppData\BeamData\20250301-83.6mA-BeamProfile.csv
2025/03/01 15:11:13,EFEMScheduler,Sim Interface,Check Point 3 Make Dir = C:\Measure\Bak\LotID_140241\2517_0301151112
2025/03/01 15:11:13,EFEMScheduler,Sim Interface,Check Point 4 File Copy Source = C:\BeamData\20250301-83.6mA-BeamProfile.csv  Target Folder = C:\Measure\Bak\LotID_140241\2517_0301151112\20250301-83.6mA-BeamProfile
2025/03/01 15:11:13,EFEMScheduler,Sim Interface,Delete file ResultC:\D2216\DemoVer1.02\AppData\Results\20250301T150325.csv
2025/03/01 15:11:13,EFEMScheduler,Sim Interface,Delete file Wafer:C:\D2216\DemoVer1.02\AppData\WaferData\2516.csv
2025/03/01 15:11:13,EFEMScheduler,Sim Interface,File Copy Wafer:C:\D2216\ThicknessInfo\2517.csv > C:\D2216\DemoVer1.02\AppData\WaferData\2517.csv
2025/03/01 15:11:13,EFEMScheduler,Sim Interface,File Copy Bak:C:\D2216\ThicknessInfo\2517.csv > C:\Measure\Bak\LotID_140241\2517_0301151112\2517.csv
2025/03/01 15:11:13,EFEMScheduler,Sim Interface,Delete file4:C:\D2216\DemoVer1.02\AppData\GenRecipe\Recipe_auto_11-2516.csv
2025/03/01 15:11:13,EFEMScheduler,Sim Interface,Simulation START.txt Sim 2517
2025/03/01 15:11:17,EFEMScheduler,Sim Interface,File Copy Bak nResult:C:\D2216\DemoVer1.02\AppData\Results\20250301T151117.csv > C:\Measure\Bak\LotID_140241\2517_0301151112\nResult.csv
2025/03/01 15:11:17,EFEMScheduler,Sim Interface,Scan Count Mode: ManualMode
2025/03/01 15:11:17,EFEMScheduler,Sim Interface,Scan Count : 1
2025/03/01 15:11:17,EFEMScheduler,Sim Interface,Process Complete1 Sim
2025/03/01 15:11:27,EFEMScheduler,Plus Step,SlotNo:42 Step:6
2025/03/01 15:11:27,EFEMScheduler,Plus Step,RESULT ROUTE:,142GA,342PA,342GB, 642PB
2025/03/01 15:11:27,EFEMScheduler,Transport,TransComplete Unit:6 Slot:2517
2025/03/01 15:43:29,EFEMScheduler,EFEM Main,ABORTED
2025/03/01 15:43:29,EFEMScheduler,Aborted,Wafer No:,HandA:0000,HandB:0000,AL:0000,Mes: 0000,LL Up: 2515,LL Lo: 0000
2025/03/01 16:08:47,EFEMScheduler,MES Interface,Reset Control.
2025/03/01 16:08:52,EFEMScheduler,MES Interface,Pin Down OK
2025/03/01 16:08:53,EFEMScheduler,MES Interface,Start : MMST,LotID_140241,2517,SiO2(PtoP Ref:LN Device),MAP18
2025/03/01 16:08:54,EFEMScheduler,MES Interface,Wait Measure FTM...
2025/03/01 16:12:28,EFEMScheduler,MES Interface,Wait Measure FTM Count : 195
2025/03/01 16:12:28,EFEMScheduler,MES Interface,Measure File Get: 2517.csv
2025/03/01 16:12:29,EFEMScheduler,MES Interface,Measurement Busy
2025/03/01 16:12:42,EFEMScheduler,MES Interface,Measurement Transfer Position
2025/03/01 16:12:47,EFEMScheduler,MES Interface,Process Complete2
2025/03/01 16:12:48,EFEMScheduler,MES Interface,Process Complete3
2025/03/01 16:19:26,EFEMScheduler,LotInfo,SlotNo:26 1,Scan Recipe1,F,0,
2025/03/01 16:19:26,EFEMScheduler,LotInfo,SlotNo:27 1,Scan Recipe2,F,0,
2025/03/01 16:19:26,EFEMScheduler,LotInfo,SlotNo:28 1,Scan Recipe3,F,0,
2025/03/01 16:19:26,EFEMScheduler,LotInfo,SlotNo:29 1,Scan Recipe4,F,2504,
2025/03/01 16:19:26,EFEMScheduler,LotInfo,SlotNo:30 1,Scan Recipe5,F,2505,
2025/03/01 16:19:26,EFEMScheduler,LotInfo,SlotNo:31 1,Scan Recipe6,F,2506,
2025/03/01 16:19:26,EFEMScheduler,LotInfo,SlotNo:32 1,Scan Recipe7,F,2507,
2025/03/01 16:19:26,EFEMScheduler,LotInfo,SlotNo:33 1,Scan Recipe8,F,2508,
2025/03/01 16:19:26,EFEMScheduler,LotInfo,SlotNo:34 1,Scan Recipe9,F,2509,
2025/03/01 16:19:26,EFEMScheduler,LotInfo,SlotNo:35 1,Scan Recipe10,F,2510,
2025/03/01 16:19:26,EFEMScheduler,LotInfo,SlotNo:36 1,Scan Recipe11,F,2511,
2025/03/01 16:19:26,EFEMScheduler,LotInfo,SlotNo:37 1,Scan Recipe12,F,2512,
2025/03/01 16:19:26,EFEMScheduler,LotInfo,SlotNo:38 1,Scan Recipe13,F,2513,
2025/03/01 16:19:26,EFEMScheduler,LotInfo,SlotNo:39 1,Scan Recipe14,F,2514,
2025/03/01 16:19:26,EFEMScheduler,LotInfo,SlotNo:40 1,Scan Recipe15,F,0,
2025/03/01 16:19:26,EFEMScheduler,LotInfo,SlotNo:41 1,Scan Recipe16,F,2516,
2025/03/01 16:19:26,EFEMScheduler,LotInfo,SlotNo:42 1,Scan Recipe17,F,2517,
2025/03/01 16:19:26,EFEMScheduler,LotInfo,SlotNo:43 2518,Scan Recipe18,T,2518,
2025/03/01 16:19:26,EFEMScheduler,LotInfo,SlotNo:44 2519,Scan Recipe19,T,2519,
2025/03/01 16:19:26,EFEMScheduler,LotInfo,SlotNo:45 2520,Scan Recipe20,T,2520,
2025/03/01 16:19:26,EFEMScheduler,LotInfo,SlotNo:46 2521,Scan Recipe21,T,2521,
2025/03/01 16:19:26,EFEMScheduler,LotInfo,SlotNo:47 2522,Scan Recipe22,T,2522,
2025/03/01 16:19:26,EFEMScheduler,LotInfo,SlotNo:48 2523,Scan Recipe23,T,2523,
2025/03/01 16:19:26,EFEMScheduler,LotInfo,SlotNo:49 2524,Scan Recipe24,T,2524,
2025/03/01 16:19:26,EFEMScheduler,LotInfo,SlotNo:50 2525,Scan Recipe25,T,2525,
2025/03/01 16:19:26,EFEMScheduler,Transport,Setup Hnadoff Unit=1 Slot=43
2025/03/01 16:19:26,EFEMScheduler,Transport,SetTransCompleteCheckInfo
2025/03/01 16:19:26,EFEMScheduler,Transport,Cmd=1: UnitNo=1: Slot=43:2:2518
2025/03/01 16:19:26,EFEM Robot,Send Command,GET,02,18,2,0
2025/03/01 16:19:32,EFEMScheduler,Plus Step,SlotNo:43 Step:3
2025/03/01 16:19:32,EFEMScheduler,Plus Step,RESULT ROUTE:, 143GB
2025/03/01 16:19:32,EFEMScheduler,Transport,TransComplete Unit:1 Slot:2518
2025/03/01 16:19:32,EFEMScheduler,Transport,Setup Hnadoff Unit=3 Slot=18
2025/03/01 16:19:32,EFEMScheduler,Transport,SetTransCompleteCheckInfo
2025/03/01 16:19:32,EFEMScheduler,Transport,Cmd=2: UnitNo=3: Slot=18:2:2518
2025/03/01 16:19:32,EFEM Robot,Send Command,PUT,03,01,2,0
2025/03/01 16:19:38,EFEMScheduler,Plus Step,SlotNo:43 Step:4
2025/03/01 16:19:38,EFEMScheduler,Plus Step,RESULT ROUTE:,143GB, 343PB
2025/03/01 16:19:38,EFEMScheduler,Transport,TransComplete Unit:3 Slot:2518
2025/03/01 16:19:41,EFEMScheduler,Transport,Setup Hnadoff Unit=3 Slot=1
2025/03/01 16:19:42,EFEMScheduler,Transport,SetTransCompleteCheckInfo
2025/03/01 16:19:42,EFEMScheduler,Transport,Cmd=1: UnitNo=3: Slot=1:2:2518
2025/03/01 16:19:42,EFEM Robot,Send Command,GET,03,01,2,0
2025/03/01 16:19:48,EFEMScheduler,Plus Step,SlotNo:43 Step:5
2025/03/01 16:19:48,EFEMScheduler,Plus Step,RESULT ROUTE:,143GB,343PB, 343GB
2025/03/01 16:19:48,EFEMScheduler,Transport,TransComplete Unit:3 Slot:2518
2025/03/01 16:19:48,EFEMScheduler,Transport,Setup Hnadoff Unit=6 Slot=18
2025/03/01 16:19:48,EFEMScheduler,Transport,SetTransCompleteCheckInfo
2025/03/01 16:19:48,EFEMScheduler,Transport,Cmd=2: UnitNo=6: Slot=18:2:2518
2025/03/01 16:19:48,EFEM Robot,Send Command,PUT,06,01,2,0
2025/03/01 16:19:48,EFEMScheduler,Sim Interface,Running
2025/03/01 16:19:48,EFEMScheduler,Sim Interface,Check Point 1 Delete Folder C:\D2216\DemoVer1.02\AppData\BeamData Data Count = 1
2025/03/01 16:19:48,EFEMScheduler,Sim Interface,Check Point 2 File Copy Source = C:\BeamData\20250301-83.6mA-BeamProfile.csv  Target = C:\D2216\DemoVer1.02\AppData\BeamData\20250301-83.6mA-BeamProfile.csv
2025/03/01 16:19:48,EFEMScheduler,Sim Interface,Check Point 3 Make Dir = C:\Measure\Bak\LotID_140241\2518_0301161948
2025/03/01 16:19:48,EFEMScheduler,Sim Interface,Check Point 4 File Copy Source = C:\BeamData\20250301-83.6mA-BeamProfile.csv  Target Folder = C:\Measure\Bak\LotID_140241\2518_0301161948\20250301-83.6mA-BeamProfile
2025/03/01 16:19:48,EFEMScheduler,Sim Interface,Delete file ResultC:\D2216\DemoVer1.02\AppData\Results\20250301T151117.csv
2025/03/01 16:19:48,EFEMScheduler,Sim Interface,Delete file Wafer:C:\D2216\DemoVer1.02\AppData\WaferData\2517.csv
2025/03/01 16:19:48,EFEMScheduler,Sim Interface,File Copy Wafer:C:\D2216\ThicknessInfo\2518.csv > C:\D2216\DemoVer1.02\AppData\WaferData\2518.csv
2025/03/01 16:19:48,EFEMScheduler,Sim Interface,File Copy Bak:C:\D2216\ThicknessInfo\2518.csv > C:\Measure\Bak\LotID_140241\2518_0301161948\2518.csv
2025/03/01 16:19:49,EFEMScheduler,Sim Interface,Delete file4:C:\D2216\DemoVer1.02\AppData\GenRecipe\Recipe_auto_12-2517.csv
2025/03/01 16:19:49,EFEMScheduler,Sim Interface,Simulation START.txt Sim 2518
2025/03/01 16:19:55,EFEMScheduler,Sim Interface,File Copy Bak nResult:C:\D2216\DemoVer1.02\AppData\Results\20250301T161954.csv > C:\Measure\Bak\LotID_140241\2518_0301161948\nResult.csv
2025/03/01 16:19:55,EFEMScheduler,Sim Interface,Scan Count Mode: ManualMode
2025/03/01 16:19:55,EFEMScheduler,Sim Interface,Scan Count : 1
2025/03/01 16:19:55,EFEMScheduler,Sim Interface,Process Complete1 Sim
2025/03/01 16:20:05,EFEMScheduler,Plus Step,SlotNo:43 Step:6
2025/03/01 16:20:05,EFEMScheduler,Plus Step,RESULT ROUTE:,143GB,343PB,343GB, 643PB
2025/03/01 16:20:05,EFEMScheduler,Transport,TransComplete Unit:6 Slot:2518
2025/03/01 16:20:05,EFEMScheduler,Transport,Setup Hnadoff Unit=1 Slot=44
2025/03/01 16:20:05,EFEMScheduler,Transport,SetTransCompleteCheckInfo
2025/03/01 16:20:05,EFEMScheduler,Transport,Cmd=1: UnitNo=1: Slot=44:2:2519
2025/03/01 16:20:05,EFEM Robot,Send Command,GET,02,19,2,0
2025/03/01 16:20:11,EFEMScheduler,Plus Step,SlotNo:44 Step:3
2025/03/01 16:20:11,EFEMScheduler,Plus Step,RESULT ROUTE:, 144GB
2025/03/01 16:20:11,EFEMScheduler,Transport,TransComplete Unit:1 Slot:2519
2025/03/01 16:20:11,EFEMScheduler,Transport,Setup Hnadoff Unit=3 Slot=19
2025/03/01 16:20:11,EFEMScheduler,Transport,SetTransCompleteCheckInfo
2025/03/01 16:20:11,EFEMScheduler,Transport,Cmd=2: UnitNo=3: Slot=19:2:2519
2025/03/01 16:20:11,EFEM Robot,Send Command,PUT,03,01,2,0
2025/03/01 16:20:17,EFEMScheduler,Plus Step,SlotNo:44 Step:4
2025/03/01 16:20:17,EFEMScheduler,Plus Step,RESULT ROUTE:,144GB, 344PB
2025/03/01 16:20:17,EFEMScheduler,Transport,TransComplete Unit:3 Slot:2519
2025/03/01 16:21:38,EFEMScheduler,Transport,Setup Hnadoff Unit=3 Slot=1
2025/03/01 16:21:38,EFEMScheduler,Transport,SetTransCompleteCheckInfo
2025/03/01 16:21:38,EFEMScheduler,Transport,Cmd=1: UnitNo=3: Slot=1:2:2519
2025/03/01 16:21:38,EFEM Robot,Send Command,GET,03,01,2,0
2025/03/01 16:21:44,EFEMScheduler,Plus Step,SlotNo:44 Step:5
2025/03/01 16:21:44,EFEMScheduler,Plus Step,RESULT ROUTE:,144GB,344PB, 344GB
2025/03/01 16:21:44,EFEMScheduler,Transport,TransComplete Unit:3 Slot:2519
2025/03/01 16:21:44,EFEMScheduler,Transport,Setup Hnadoff Unit=6 Slot=19
2025/03/01 16:21:44,EFEMScheduler,Transport,SetTransCompleteCheckInfo
2025/03/01 16:21:44,EFEMScheduler,Transport,Cmd=2: UnitNo=6: Slot=19:2:2519
2025/03/01 16:21:44,EFEM Robot,Send Command,PUT,06,01,2,0
2025/03/01 16:21:45,EFEMScheduler,Sim Interface,Running
2025/03/01 16:21:45,EFEMScheduler,Sim Interface,Check Point 1 Delete Folder C:\D2216\DemoVer1.02\AppData\BeamData Data Count = 1
2025/03/01 16:21:45,EFEMScheduler,Sim Interface,Check Point 2 File Copy Source = C:\BeamData\20250301-83.6mA-BeamProfile.csv  Target = C:\D2216\DemoVer1.02\AppData\BeamData\20250301-83.6mA-BeamProfile.csv
2025/03/01 16:21:45,EFEMScheduler,Sim Interface,Check Point 3 Make Dir = C:\Measure\Bak\LotID_140241\2519_0301162145
2025/03/01 16:21:45,EFEMScheduler,Sim Interface,Check Point 4 File Copy Source = C:\BeamData\20250301-83.6mA-BeamProfile.csv  Target Folder = C:\Measure\Bak\LotID_140241\2519_0301162145\20250301-83.6mA-BeamProfile
2025/03/01 16:21:45,EFEMScheduler,Sim Interface,Delete file ResultC:\D2216\DemoVer1.02\AppData\Results\20250301T161954.csv
2025/03/01 16:21:45,EFEMScheduler,Sim Interface,Delete file Wafer:C:\D2216\DemoVer1.02\AppData\WaferData\2518.csv
2025/03/01 16:21:45,EFEMScheduler,Sim Interface,File Copy Wafer:C:\D2216\ThicknessInfo\2519.csv > C:\D2216\DemoVer1.02\AppData\WaferData\2519.csv
2025/03/01 16:21:45,EFEMScheduler,Sim Interface,File Copy Bak:C:\D2216\ThicknessInfo\2519.csv > C:\Measure\Bak\LotID_140241\2519_0301162145\2519.csv
2025/03/01 16:21:45,EFEMScheduler,Sim Interface,Delete file4:C:\D2216\DemoVer1.02\AppData\GenRecipe\Recipe_auto_1-2518.csv
2025/03/01 16:21:45,EFEMScheduler,Sim Interface,Simulation START.txt Sim 2519
2025/03/01 16:21:49,EFEMScheduler,Sim Interface,File Copy Bak nResult:C:\D2216\DemoVer1.02\AppData\Results\20250301T162149.csv > C:\Measure\Bak\LotID_140241\2519_0301162145\nResult.csv
2025/03/01 16:21:49,EFEMScheduler,Sim Interface,Scan Count Mode: ManualMode
2025/03/01 16:21:49,EFEMScheduler,Sim Interface,Scan Count : 1
2025/03/01 16:21:49,EFEMScheduler,Sim Interface,Process Complete1 Sim
2025/03/01 16:21:59,EFEMScheduler,Plus Step,SlotNo:44 Step:6
2025/03/01 16:21:59,EFEMScheduler,Plus Step,RESULT ROUTE:,144GB,344PB,344GB, 644PB
2025/03/01 16:21:59,EFEMScheduler,Transport,TransComplete Unit:6 Slot:2519
2025/03/01 16:21:59,EFEMScheduler,Transport,Setup Hnadoff Unit=1 Slot=45
2025/03/01 16:21:59,EFEMScheduler,Transport,SetTransCompleteCheckInfo
2025/03/01 16:21:59,EFEMScheduler,Transport,Cmd=1: UnitNo=1: Slot=45:2:2520
2025/03/01 16:21:59,EFEM Robot,Send Command,GET,02,20,2,0
2025/03/01 16:22:05,EFEMScheduler,Plus Step,SlotNo:45 Step:3
2025/03/01 16:22:05,EFEMScheduler,Plus Step,RESULT ROUTE:, 145GB
2025/03/01 16:22:05,EFEMScheduler,Transport,TransComplete Unit:1 Slot:2520
2025/03/01 16:22:05,EFEMScheduler,Transport,Setup Hnadoff Unit=3 Slot=20
2025/03/01 16:22:06,EFEMScheduler,Transport,SetTransCompleteCheckInfo
2025/03/01 16:22:06,EFEMScheduler,Transport,Cmd=2: UnitNo=3: Slot=20:2:2520
2025/03/01 16:22:06,EFEM Robot,Send Command,PUT,03,01,2,0
2025/03/01 16:22:11,EFEMScheduler,Plus Step,SlotNo:45 Step:4
2025/03/01 16:22:11,EFEMScheduler,Plus Step,RESULT ROUTE:,145GB, 345PB
2025/03/01 16:22:11,EFEMScheduler,Transport,TransComplete Unit:3 Slot:2520
2025/03/01 16:23:37,EFEMScheduler,Transport,Setup Hnadoff Unit=3 Slot=1
2025/03/01 16:23:37,EFEMScheduler,Transport,SetTransCompleteCheckInfo
2025/03/01 16:23:37,EFEMScheduler,Transport,Cmd=1: UnitNo=3: Slot=1:2:2520
2025/03/01 16:23:37,EFEM Robot,Send Command,GET,03,01,2,0
2025/03/01 16:23:43,EFEMScheduler,Plus Step,SlotNo:45 Step:5
2025/03/01 16:23:43,EFEMScheduler,Plus Step,RESULT ROUTE:,145GB,345PB, 345GB
2025/03/01 16:23:43,EFEMScheduler,Transport,TransComplete Unit:3 Slot:2520
2025/03/01 16:23:43,EFEMScheduler,Transport,Setup Hnadoff Unit=6 Slot=20
2025/03/01 16:23:43,EFEMScheduler,Transport,SetTransCompleteCheckInfo
2025/03/01 16:23:43,EFEMScheduler,Transport,Cmd=2: UnitNo=6: Slot=20:2:2520
2025/03/01 16:23:43,EFEM Robot,Send Command,PUT,06,01,2,0
2025/03/01 16:23:43,EFEMScheduler,Sim Interface,Running
2025/03/01 16:23:43,EFEMScheduler,Sim Interface,Check Point 1 Delete Folder C:\D2216\DemoVer1.02\AppData\BeamData Data Count = 1
2025/03/01 16:23:43,EFEMScheduler,Sim Interface,Check Point 2 File Copy Source = C:\BeamData\20250301-83.6mA-BeamProfile.csv  Target = C:\D2216\DemoVer1.02\AppData\BeamData\20250301-83.6mA-BeamProfile.csv
2025/03/01 16:23:44,EFEMScheduler,Sim Interface,Check Point 3 Make Dir = C:\Measure\Bak\LotID_140241\2520_0301162343
2025/03/01 16:23:44,EFEMScheduler,Sim Interface,Check Point 4 File Copy Source = C:\BeamData\20250301-83.6mA-BeamProfile.csv  Target Folder = C:\Measure\Bak\LotID_140241\2520_0301162343\20250301-83.6mA-BeamProfile
2025/03/01 16:23:44,EFEMScheduler,Sim Interface,Delete file ResultC:\D2216\DemoVer1.02\AppData\Results\20250301T162149.csv
2025/03/01 16:23:44,EFEMScheduler,Sim Interface,Delete file Wafer:C:\D2216\DemoVer1.02\AppData\WaferData\2519.csv
2025/03/01 16:23:44,EFEMScheduler,Sim Interface,File Copy Wafer:C:\D2216\ThicknessInfo\2520.csv > C:\D2216\DemoVer1.02\AppData\WaferData\2520.csv
2025/03/01 16:23:44,EFEMScheduler,Sim Interface,File Copy Bak:C:\D2216\ThicknessInfo\2520.csv > C:\Measure\Bak\LotID_140241\2520_0301162343\2520.csv
2025/03/01 16:23:44,EFEMScheduler,Sim Interface,Delete file4:C:\D2216\DemoVer1.02\AppData\GenRecipe\Recipe_auto_2-2519.csv
2025/03/01 16:23:44,EFEMScheduler,Sim Interface,Simulation START.txt Sim 2520
2025/03/01 16:23:48,EFEMScheduler,Sim Interface,File Copy Bak nResult:C:\D2216\DemoVer1.02\AppData\Results\20250301T162348.csv > C:\Measure\Bak\LotID_140241\2520_0301162343\nResult.csv
2025/03/01 16:23:48,EFEMScheduler,Sim Interface,Scan Count Mode: ManualMode
2025/03/01 16:23:48,EFEMScheduler,Sim Interface,Scan Count : 1
2025/03/01 16:23:48,EFEMScheduler,Sim Interface,Process Complete1 Sim
2025/03/01 16:23:58,EFEMScheduler,Plus Step,SlotNo:45 Step:6
2025/03/01 16:23:58,EFEMScheduler,Plus Step,RESULT ROUTE:,145GB,345PB,345GB, 645PB
2025/03/01 16:23:58,EFEMScheduler,Transport,TransComplete Unit:6 Slot:2520
2025/03/01 16:30:06,EFEMScheduler,Transport,Setup Hnadoff Unit=5 Slot=1
2025/03/01 16:30:06,EFEMScheduler,Transport,SetTransCompleteCheckInfo
2025/03/01 16:30:06,EFEMScheduler,Transport,Cmd=1: UnitNo=5: Slot=1:2:2518
2025/03/01 16:30:06,EFEM Robot,Send Command,GET,05,01,2,0
2025/03/01 16:30:24,EFEMScheduler,Plus Step,SlotNo:43 Step:7
2025/03/01 16:30:24,EFEMScheduler,Plus Step,RESULT ROUTE:,143GB,343PB,343GB,643PB, 543GB
2025/03/01 16:30:24,EFEMScheduler,Transport,TransComplete Unit:5 Slot:2518
2025/03/01 16:30:24,EFEMScheduler,Transport,Exchange:,Unit:1,Slot:43,Work:2518,GetHand: 1,PutHand: 2
2025/03/01 16:30:24,EFEMScheduler,Transport,Setup Hnadoff Unit=1 Slot=46
2025/03/01 16:30:24,EFEMScheduler,Transport,SetTransCompleteCheckInfo
2025/03/01 16:30:24,EFEMScheduler,Transport,Cmd=1: UnitNo=1: Slot=46:1:2521
2025/03/01 16:30:24,EFEM Robot,Send Command,GET,02,21,1,0
2025/03/01 16:30:30,EFEMScheduler,Plus Step,SlotNo:46 Step:3
2025/03/01 16:30:30,EFEMScheduler,Plus Step,RESULT ROUTE:, 146GA
2025/03/01 16:30:30,EFEMScheduler,Transport,TransComplete Unit:1 Slot:2521
2025/03/01 16:30:30,EFEMScheduler,Transport,Setup Hnadoff Unit=1 Slot=43
2025/03/01 16:30:30,EFEMScheduler,Transport,SetTransCompleteCheckInfo
2025/03/01 16:30:30,EFEMScheduler,Transport,Cmd=2: UnitNo=1: Slot=43:2:2518
2025/03/01 16:30:30,EFEM Robot,Send Command,PUT,02,18,2,0
2025/03/01 16:30:35,EFEMScheduler,Plus Step,SlotNo:43 Step:8
2025/03/01 16:30:35,EFEMScheduler,Plus Step,RESULT ROUTE:,143GB,343PB,343GB,643PB,543GB, 143PB
2025/03/01 16:30:35,EFEMScheduler,Transport,TransComplete Unit:1 Slot:2518
2025/03/01 16:30:35,EFEMScheduler,Transport,Setup Hnadoff Unit=3 Slot=21
2025/03/01 16:30:35,EFEMScheduler,Transport,SetTransCompleteCheckInfo
2025/03/01 16:30:35,EFEMScheduler,Transport,Cmd=2: UnitNo=3: Slot=21:1:2521
2025/03/01 16:30:35,EFEM Robot,Send Command,PUT,03,01,1,0
2025/03/01 16:30:41,EFEMScheduler,Plus Step,SlotNo:46 Step:4
2025/03/01 16:30:41,EFEMScheduler,Plus Step,RESULT ROUTE:,146GA, 346PA
2025/03/01 16:30:41,EFEMScheduler,Transport,TransComplete Unit:3 Slot:2521
2025/03/01 16:30:45,EFEMScheduler,Transport,Setup Hnadoff Unit=3 Slot=1
2025/03/01 16:30:45,EFEMScheduler,Transport,SetTransCompleteCheckInfo
2025/03/01 16:30:45,EFEMScheduler,Transport,Cmd=1: UnitNo=3: Slot=1:2:2521
2025/03/01 16:30:45,EFEM Robot,Send Command,GET,03,01,2,0
2025/03/01 16:30:52,EFEMScheduler,Plus Step,SlotNo:46 Step:5
2025/03/01 16:30:52,EFEMScheduler,Plus Step,RESULT ROUTE:,146GA,346PA, 346GB
2025/03/01 16:30:52,EFEMScheduler,Transport,TransComplete Unit:3 Slot:2521
2025/03/01 16:30:52,EFEMScheduler,Transport,Setup Hnadoff Unit=6 Slot=21
2025/03/01 16:30:52,EFEMScheduler,Transport,SetTransCompleteCheckInfo
2025/03/01 16:30:52,EFEMScheduler,Transport,Cmd=2: UnitNo=6: Slot=21:2:2521
2025/03/01 16:30:52,EFEM Robot,Send Command,PUT,06,01,2,0
2025/03/01 16:30:52,EFEMScheduler,Sim Interface,Running
2025/03/01 16:30:52,EFEMScheduler,Sim Interface,Check Point 1 Delete Folder C:\D2216\DemoVer1.02\AppData\BeamData Data Count = 1
2025/03/01 16:30:53,EFEMScheduler,Sim Interface,Check Point 2 File Copy Source = C:\BeamData\20250301-83.6mA-BeamProfile.csv  Target = C:\D2216\DemoVer1.02\AppData\BeamData\20250301-83.6mA-BeamProfile.csv
2025/03/01 16:30:53,EFEMScheduler,Sim Interface,Check Point 3 Make Dir = C:\Measure\Bak\LotID_140241\2521_0301163052
2025/03/01 16:30:53,EFEMScheduler,Sim Interface,Check Point 4 File Copy Source = C:\BeamData\20250301-83.6mA-BeamProfile.csv  Target Folder = C:\Measure\Bak\LotID_140241\2521_0301163052\20250301-83.6mA-BeamProfile
2025/03/01 16:30:53,EFEMScheduler,Sim Interface,Delete file ResultC:\D2216\DemoVer1.02\AppData\Results\20250301T162348.csv
2025/03/01 16:30:53,EFEMScheduler,Sim Interface,Delete file Wafer:C:\D2216\DemoVer1.02\AppData\WaferData\2520.csv
2025/03/01 16:30:53,EFEMScheduler,Sim Interface,File Copy Wafer:C:\D2216\ThicknessInfo\2521.csv > C:\D2216\DemoVer1.02\AppData\WaferData\2521.csv
2025/03/01 16:30:53,EFEMScheduler,Sim Interface,File Copy Bak:C:\D2216\ThicknessInfo\2521.csv > C:\Measure\Bak\LotID_140241\2521_0301163052\2521.csv
2025/03/01 16:30:53,EFEMScheduler,Sim Interface,Delete file4:C:\D2216\DemoVer1.02\AppData\GenRecipe\Recipe_auto_3-2520.csv
2025/03/01 16:30:53,EFEMScheduler,Sim Interface,Simulation START.txt Sim 2521
2025/03/01 16:30:57,EFEMScheduler,Sim Interface,File Copy Bak nResult:C:\D2216\DemoVer1.02\AppData\Results\20250301T163057.csv > C:\Measure\Bak\LotID_140241\2521_0301163052\nResult.csv
2025/03/01 16:30:57,EFEMScheduler,Sim Interface,Scan Count Mode: ManualMode
2025/03/01 16:30:57,EFEMScheduler,Sim Interface,Scan Count : 1
2025/03/01 16:30:57,EFEMScheduler,Sim Interface,Process Complete1 Sim
2025/03/01 16:31:07,EFEMScheduler,Plus Step,SlotNo:46 Step:6
2025/03/01 16:31:07,EFEMScheduler,Plus Step,RESULT ROUTE:,146GA,346PA,346GB, 646PB
2025/03/01 16:31:07,EFEMScheduler,Transport,TransComplete Unit:6 Slot:2521
2025/03/01 16:38:13,EFEMScheduler,Transport,Setup Hnadoff Unit=5 Slot=1
2025/03/01 16:38:13,EFEMScheduler,Transport,SetTransCompleteCheckInfo
2025/03/01 16:38:13,EFEMScheduler,Transport,Cmd=1: UnitNo=5: Slot=1:2:2519
2025/03/01 16:38:13,EFEM Robot,Send Command,GET,05,01,2,0
2025/03/01 16:38:38,EFEMScheduler,Plus Step,SlotNo:44 Step:7
2025/03/01 16:38:38,EFEMScheduler,Plus Step,RESULT ROUTE:,144GB,344PB,344GB,644PB, 544GB
2025/03/01 16:38:38,EFEMScheduler,Transport,TransComplete Unit:5 Slot:2519
2025/03/01 16:38:38,EFEMScheduler,Transport,Exchange:,Unit:1,Slot:44,Work:2519,GetHand: 1,PutHand: 2
2025/03/01 16:38:38,EFEMScheduler,Transport,Setup Hnadoff Unit=1 Slot=47
2025/03/01 16:38:39,EFEMScheduler,Transport,SetTransCompleteCheckInfo
2025/03/01 16:38:39,EFEMScheduler,Transport,Cmd=1: UnitNo=1: Slot=47:1:2522
2025/03/01 16:38:39,EFEM Robot,Send Command,GET,02,22,1,0
2025/03/01 16:38:45,EFEMScheduler,Plus Step,SlotNo:47 Step:3
2025/03/01 16:38:45,EFEMScheduler,Plus Step,RESULT ROUTE:, 147GA
2025/03/01 16:38:45,EFEMScheduler,Transport,TransComplete Unit:1 Slot:2522
2025/03/01 16:38:45,EFEMScheduler,Transport,Setup Hnadoff Unit=1 Slot=44
2025/03/01 16:38:45,EFEMScheduler,Transport,SetTransCompleteCheckInfo
2025/03/01 16:38:45,EFEMScheduler,Transport,Cmd=2: UnitNo=1: Slot=44:2:2519
2025/03/01 16:38:45,EFEM Robot,Send Command,PUT,02,19,2,0
2025/03/01 16:38:50,EFEMScheduler,Plus Step,SlotNo:44 Step:8
2025/03/01 16:38:50,EFEMScheduler,Plus Step,RESULT ROUTE:,144GB,344PB,344GB,644PB,544GB, 144PB
2025/03/01 16:38:50,EFEMScheduler,Transport,TransComplete Unit:1 Slot:2519
2025/03/01 16:38:50,EFEMScheduler,Transport,Setup Hnadoff Unit=3 Slot=22
2025/03/01 16:38:50,EFEMScheduler,Transport,SetTransCompleteCheckInfo
2025/03/01 16:38:50,EFEMScheduler,Transport,Cmd=2: UnitNo=3: Slot=22:1:2522
2025/03/01 16:38:50,EFEM Robot,Send Command,PUT,03,01,1,0
2025/03/01 16:38:56,EFEMScheduler,Plus Step,SlotNo:47 Step:4
2025/03/01 16:38:56,EFEMScheduler,Plus Step,RESULT ROUTE:,147GA, 347PA
2025/03/01 16:38:56,EFEMScheduler,Transport,TransComplete Unit:3 Slot:2522
2025/03/01 16:39:00,EFEMScheduler,Transport,Setup Hnadoff Unit=3 Slot=1
2025/03/01 16:39:00,EFEMScheduler,Transport,SetTransCompleteCheckInfo
2025/03/01 16:39:00,EFEMScheduler,Transport,Cmd=1: UnitNo=3: Slot=1:2:2522
2025/03/01 16:39:00,EFEM Robot,Send Command,GET,03,01,2,0
2025/03/01 16:39:07,EFEMScheduler,Plus Step,SlotNo:47 Step:5
2025/03/01 16:39:07,EFEMScheduler,Plus Step,RESULT ROUTE:,147GA,347PA, 347GB
2025/03/01 16:39:07,EFEMScheduler,Transport,TransComplete Unit:3 Slot:2522
2025/03/01 16:39:07,EFEMScheduler,Transport,Setup Hnadoff Unit=6 Slot=22
2025/03/01 16:39:07,EFEMScheduler,Transport,SetTransCompleteCheckInfo
2025/03/01 16:39:07,EFEMScheduler,Transport,Cmd=2: UnitNo=6: Slot=22:2:2522
2025/03/01 16:39:07,EFEM Robot,Send Command,PUT,06,01,2,0
2025/03/01 16:39:08,EFEMScheduler,Sim Interface,Running
2025/03/01 16:39:08,EFEMScheduler,Sim Interface,Check Point 1 Delete Folder C:\D2216\DemoVer1.02\AppData\BeamData Data Count = 1
2025/03/01 16:39:08,EFEMScheduler,Sim Interface,Check Point 2 File Copy Source = C:\BeamData\20250301-83.6mA-BeamProfile.csv  Target = C:\D2216\DemoVer1.02\AppData\BeamData\20250301-83.6mA-BeamProfile.csv
2025/03/01 16:39:08,EFEMScheduler,Sim Interface,Check Point 3 Make Dir = C:\Measure\Bak\LotID_140241\2522_0301163908
2025/03/01 16:39:08,EFEMScheduler,Sim Interface,Check Point 4 File Copy Source = C:\BeamData\20250301-83.6mA-BeamProfile.csv  Target Folder = C:\Measure\Bak\LotID_140241\2522_0301163908\20250301-83.6mA-BeamProfile
2025/03/01 16:39:08,EFEMScheduler,Sim Interface,Delete file ResultC:\D2216\DemoVer1.02\AppData\Results\20250301T163057.csv
2025/03/01 16:39:08,EFEMScheduler,Sim Interface,Delete file Wafer:C:\D2216\DemoVer1.02\AppData\WaferData\2521.csv
2025/03/01 16:39:08,EFEMScheduler,Sim Interface,File Copy Wafer:C:\D2216\ThicknessInfo\2522.csv > C:\D2216\DemoVer1.02\AppData\WaferData\2522.csv
2025/03/01 16:39:08,EFEMScheduler,Sim Interface,File Copy Bak:C:\D2216\ThicknessInfo\2522.csv > C:\Measure\Bak\LotID_140241\2522_0301163908\2522.csv
2025/03/01 16:39:08,EFEMScheduler,Sim Interface,Delete file4:C:\D2216\DemoVer1.02\AppData\GenRecipe\Recipe_auto_4-2521.csv
2025/03/01 16:39:08,EFEMScheduler,Sim Interface,Simulation START.txt Sim 2522
2025/03/01 16:39:12,EFEMScheduler,Sim Interface,File Copy Bak nResult:C:\D2216\DemoVer1.02\AppData\Results\20250301T163912.csv > C:\Measure\Bak\LotID_140241\2522_0301163908\nResult.csv
2025/03/01 16:39:12,EFEMScheduler,Sim Interface,Scan Count Mode: ManualMode
2025/03/01 16:39:12,EFEMScheduler,Sim Interface,Scan Count : 1
2025/03/01 16:39:12,EFEMScheduler,Sim Interface,Process Complete1 Sim
2025/03/01 16:39:22,EFEMScheduler,Plus Step,SlotNo:47 Step:6
2025/03/01 16:39:22,EFEMScheduler,Plus Step,RESULT ROUTE:,147GA,347PA,347GB, 647PB
2025/03/01 16:39:22,EFEMScheduler,Transport,TransComplete Unit:6 Slot:2522
2025/03/01 16:45:26,EFEMScheduler,Transport,Setup Hnadoff Unit=5 Slot=1
2025/03/01 16:45:26,EFEMScheduler,Transport,SetTransCompleteCheckInfo
2025/03/01 16:45:26,EFEMScheduler,Transport,Cmd=1: UnitNo=5: Slot=1:2:2520
2025/03/01 16:45:26,EFEM Robot,Send Command,GET,05,01,2,0
2025/03/01 16:45:44,EFEMScheduler,Plus Step,SlotNo:45 Step:7
2025/03/01 16:45:44,EFEMScheduler,Plus Step,RESULT ROUTE:,145GB,345PB,345GB,645PB, 545GB
2025/03/01 16:45:44,EFEMScheduler,Transport,TransComplete Unit:5 Slot:2520
2025/03/01 16:45:44,EFEMScheduler,Transport,Exchange:,Unit:1,Slot:45,Work:2520,GetHand: 1,PutHand: 2
2025/03/01 16:45:44,EFEMScheduler,Transport,Setup Hnadoff Unit=1 Slot=48
2025/03/01 16:45:44,EFEMScheduler,Transport,SetTransCompleteCheckInfo
2025/03/01 16:45:44,EFEMScheduler,Transport,Cmd=1: UnitNo=1: Slot=48:1:2523
2025/03/01 16:45:44,EFEM Robot,Send Command,GET,02,23,1,0
2025/03/01 16:45:50,EFEMScheduler,Plus Step,SlotNo:48 Step:3
2025/03/01 16:45:50,EFEMScheduler,Plus Step,RESULT ROUTE:, 148GA
2025/03/01 16:45:50,EFEMScheduler,Transport,TransComplete Unit:1 Slot:2523
2025/03/01 16:45:50,EFEMScheduler,Transport,Setup Hnadoff Unit=1 Slot=45
2025/03/01 16:45:50,EFEMScheduler,Transport,SetTransCompleteCheckInfo
2025/03/01 16:45:50,EFEMScheduler,Transport,Cmd=2: UnitNo=1: Slot=45:2:2520
2025/03/01 16:45:50,EFEM Robot,Send Command,PUT,02,20,2,0
2025/03/01 16:45:55,EFEMScheduler,Plus Step,SlotNo:45 Step:8
2025/03/01 16:45:55,EFEMScheduler,Plus Step,RESULT ROUTE:,145GB,345PB,345GB,645PB,545GB, 145PB
2025/03/01 16:45:55,EFEMScheduler,Transport,TransComplete Unit:1 Slot:2520
2025/03/01 16:45:55,EFEMScheduler,Transport,Setup Hnadoff Unit=3 Slot=23
2025/03/01 16:45:55,EFEMScheduler,Transport,SetTransCompleteCheckInfo
2025/03/01 16:45:55,EFEMScheduler,Transport,Cmd=2: UnitNo=3: Slot=23:1:2523
2025/03/01 16:45:55,EFEM Robot,Send Command,PUT,03,01,1,0
2025/03/01 16:46:01,EFEMScheduler,Plus Step,SlotNo:48 Step:4
2025/03/01 16:46:01,EFEMScheduler,Plus Step,RESULT ROUTE:,148GA, 348PA
2025/03/01 16:46:01,EFEMScheduler,Transport,TransComplete Unit:3 Slot:2523
2025/03/01 16:46:05,EFEMScheduler,Transport,Setup Hnadoff Unit=3 Slot=1
2025/03/01 16:46:05,EFEMScheduler,Transport,SetTransCompleteCheckInfo
2025/03/01 16:46:05,EFEMScheduler,Transport,Cmd=1: UnitNo=3: Slot=1:2:2523
2025/03/01 16:46:05,EFEM Robot,Send Command,GET,03,01,2,0
2025/03/01 16:46:12,EFEMScheduler,Plus Step,SlotNo:48 Step:5
2025/03/01 16:46:12,EFEMScheduler,Plus Step,RESULT ROUTE:,148GA,348PA, 348GB
2025/03/01 16:46:12,EFEMScheduler,Transport,TransComplete Unit:3 Slot:2523
2025/03/01 16:46:12,EFEMScheduler,Transport,Setup Hnadoff Unit=6 Slot=23
2025/03/01 16:46:12,EFEMScheduler,Transport,SetTransCompleteCheckInfo
2025/03/01 16:46:12,EFEMScheduler,Transport,Cmd=2: UnitNo=6: Slot=23:2:2523
2025/03/01 16:46:12,EFEM Robot,Send Command,PUT,06,01,2,0
2025/03/01 16:46:13,EFEMScheduler,Sim Interface,Running
2025/03/01 16:46:13,EFEMScheduler,Sim Interface,Check Point 1 Delete Folder C:\D2216\DemoVer1.02\AppData\BeamData Data Count = 1
2025/03/01 16:46:13,EFEMScheduler,Sim Interface,Check Point 2 File Copy Source = C:\BeamData\20250301-83.6mA-BeamProfile.csv  Target = C:\D2216\DemoVer1.02\AppData\BeamData\20250301-83.6mA-BeamProfile.csv
2025/03/01 16:46:13,EFEMScheduler,Sim Interface,Check Point 3 Make Dir = C:\Measure\Bak\LotID_140241\2523_0301164613
2025/03/01 16:46:13,EFEMScheduler,Sim Interface,Check Point 4 File Copy Source = C:\BeamData\20250301-83.6mA-BeamProfile.csv  Target Folder = C:\Measure\Bak\LotID_140241\2523_0301164613\20250301-83.6mA-BeamProfile
2025/03/01 16:46:13,EFEMScheduler,Sim Interface,Delete file ResultC:\D2216\DemoVer1.02\AppData\Results\20250301T163912.csv
2025/03/01 16:46:13,EFEMScheduler,Sim Interface,Delete file Wafer:C:\D2216\DemoVer1.02\AppData\WaferData\2522.csv
2025/03/01 16:46:13,EFEMScheduler,Sim Interface,File Copy Wafer:C:\D2216\ThicknessInfo\2523.csv > C:\D2216\DemoVer1.02\AppData\WaferData\2523.csv
2025/03/01 16:46:13,EFEMScheduler,Sim Interface,File Copy Bak:C:\D2216\ThicknessInfo\2523.csv > C:\Measure\Bak\LotID_140241\2523_0301164613\2523.csv
2025/03/01 16:46:13,EFEMScheduler,Sim Interface,Delete file4:C:\D2216\DemoVer1.02\AppData\GenRecipe\Recipe_auto_5-2522.csv
2025/03/01 16:46:13,EFEMScheduler,Sim Interface,Simulation START.txt Sim 2523
2025/03/01 16:46:17,EFEMScheduler,Sim Interface,File Copy Bak nResult:C:\D2216\DemoVer1.02\AppData\Results\20250301T164617.csv > C:\Measure\Bak\LotID_140241\2523_0301164613\nResult.csv
2025/03/01 16:46:17,EFEMScheduler,Sim Interface,Scan Count Mode: ManualMode
2025/03/01 16:46:17,EFEMScheduler,Sim Interface,Scan Count : 1
2025/03/01 16:46:17,EFEMScheduler,Sim Interface,Process Complete1 Sim
2025/03/01 16:46:27,EFEMScheduler,Plus Step,SlotNo:48 Step:6
2025/03/01 16:46:27,EFEMScheduler,Plus Step,RESULT ROUTE:,148GA,348PA,348GB, 648PB
2025/03/01 16:46:27,EFEMScheduler,Transport,TransComplete Unit:6 Slot:2523
2025/03/01 16:51:33,EFEMScheduler,EFEM Main,ABORTED
2025/03/01 16:51:33,EFEMScheduler,Aborted,Wafer No:,HandA:0000,HandB:0000,AL:0000,Mes: 0000,LL Up: 0000,LL Lo: 2523
2025/03/01 17:03:54,EFEMScheduler,MES Interface,Reset Control.
2025/03/01 17:03:58,EFEMScheduler,MES Interface,Pin Down OK
2025/03/01 17:03:59,EFEMScheduler,MES Interface,Start : MMST,LotID_140241,2520,SiO2(PtoP Ref:LN Device),MAP18
2025/03/01 17:04:00,EFEMScheduler,MES Interface,Wait Measure FTM...
2025/03/01 17:04:43,EFEMScheduler,MES Interface,Reset Control.
2025/03/01 17:04:46,EFEMScheduler,Mes Interface,Send MFST :1
2025/03/01 17:04:46,EFEMScheduler,MES Interface,Start Move Stage..., Send MFST
2025/03/01 17:04:47,EFEMScheduler,Mes Interface,Recv MFST OK :1
2025/03/01 17:04:47,EFEMScheduler,MES Interface,Recv MFST
2025/03/01 17:04:48,EFEMScheduler,Mes Interface,Recv MSTS 1 : Move Stage Comp
2025/03/01 17:04:48,EFEMScheduler,MES Interface,Complete Move Stage..., Recv MSTS 1
2025/03/01 17:07:24,EFEMScheduler,Mes Interface,Send MFST :1
2025/03/01 17:07:24,EFEMScheduler,MES Interface,Start Move Stage..., Send MFST
2025/03/01 17:07:25,EFEMScheduler,Mes Interface,Recv MFST OK :1
2025/03/01 17:07:25,EFEMScheduler,MES Interface,Recv MFST
2025/03/01 17:07:30,EFEMScheduler,Mes Interface,Recv MSTS 1 : Move Stage Comp
2025/03/01 17:07:30,EFEMScheduler,MES Interface,Complete Move Stage..., Recv MSTS 1
2025/03/01 17:11:06,EFEMScheduler,Mes Interface,Send MFST :1
2025/03/01 17:11:06,EFEMScheduler,MES Interface,Start Move Stage..., Send MFST
2025/03/01 17:11:07,EFEMScheduler,Mes Interface,Recv MFST OK :1
2025/03/01 17:11:07,EFEMScheduler,MES Interface,Recv MFST
2025/03/01 17:11:12,EFEMScheduler,Mes Interface,Recv MSTS 1 : Move Stage Comp
2025/03/01 17:11:12,EFEMScheduler,MES Interface,Complete Move Stage..., Recv MSTS 1
2025/03/01 17:12:34,EFEMScheduler,Main,APP START: EFEM Scheduler  (Ver1.0.12.0) 2024.12.26
2025/03/01 17:12:38,EFEMScheduler,EFEM Main, Cassette in No = 1
2025/03/01 17:12:38,EFEMScheduler,EFEM Main, Cassette in No = 2
2025/03/01 17:13:09,EFEMScheduler,MES Interface,Reset Control.
2025/03/01 17:13:12,EFEMScheduler,Mes Interface,Send MFST :1
2025/03/01 17:13:12,EFEMScheduler,MES Interface,Start Move Stage..., Send MFST
2025/03/01 17:13:13,EFEMScheduler,Mes Interface,Recv MFST OK :1
2025/03/01 17:13:13,EFEMScheduler,MES Interface,Recv MFST
2025/03/01 17:13:14,EFEMScheduler,Mes Interface,Recv MSTS 1 : Move Stage Comp
2025/03/01 17:13:14,EFEMScheduler,MES Interface,Complete Move Stage..., Recv MSTS 1
2025/03/01 17:14:25,EFEMScheduler,MES Interface,Reset Control.
2025/03/01 17:14:28,EFEMScheduler,Mes Interface,Send MFST :1
2025/03/01 17:14:28,EFEMScheduler,MES Interface,Start Move Stage..., Send MFST
2025/03/01 17:14:29,EFEMScheduler,Mes Interface,Recv MFST OK :1
2025/03/01 17:14:29,EFEMScheduler,MES Interface,Recv MFST
2025/03/01 17:14:34,EFEMScheduler,Mes Interface,Recv MSTS 1 : Move Stage Comp
2025/03/01 17:14:34,EFEMScheduler,MES Interface,Complete Move Stage..., Recv MSTS 1
2025/03/01 17:14:38,EFEMScheduler,MES Interface,Pin Down OK
2025/03/01 17:14:40,EFEMScheduler,MES Interface,Start : MMST,TempLot2_202503011714,2519,SiO2(PtoP Ref:LN Device),MAP18
2025/03/01 17:14:41,EFEMScheduler,MES Interface,Wait Measure FTM...
2025/03/01 17:18:18,EFEMScheduler,MES Interface,Wait Measure FTM Count : 198
2025/03/01 17:18:18,EFEMScheduler,MES Interface,Measure File Get: 2519.csv
2025/03/01 17:18:19,EFEMScheduler,MES Interface,Measurement Busy
2025/03/01 17:18:32,EFEMScheduler,MES Interface,Measurement Transfer Position
2025/03/01 17:18:36,EFEMScheduler,MES Interface,Process Complete2
2025/03/01 17:18:37,EFEMScheduler,MES Interface,Process Complete3
2025/03/01 17:21:22,EFEMScheduler,MES Interface,Reset Control.
2025/03/01 17:21:28,EFEMScheduler,MES Interface,Pin Down OK
2025/03/01 17:21:29,EFEMScheduler,MES Interface,Start : MMST,TempLot2_202503011721,2520,SiO2(PtoP Ref:LN Device),MAP18
2025/03/01 17:21:30,EFEMScheduler,MES Interface,Wait Measure FTM...
2025/03/01 17:25:08,EFEMScheduler,MES Interface,Wait Measure FTM Count : 199
2025/03/01 17:25:08,EFEMScheduler,MES Interface,Measure File Get: 2520.csv
2025/03/01 17:25:09,EFEMScheduler,MES Interface,Measurement Busy
2025/03/01 17:25:22,EFEMScheduler,MES Interface,Measurement Transfer Position
2025/03/01 17:25:26,EFEMScheduler,MES Interface,Process Complete2
2025/03/01 17:25:27,EFEMScheduler,MES Interface,Process Complete3
2025/03/01 17:27:21,EFEMScheduler,MES Interface,Reset Control.
2025/03/01 17:27:25,EFEMScheduler,MES Interface,Pin Down OK
2025/03/01 17:27:26,EFEMScheduler,MES Interface,Start : MMST,TempLot2_202503011727,2521,SiO2(PtoP Ref:LN Device),MAP18
2025/03/01 17:27:27,EFEMScheduler,MES Interface,Wait Measure FTM...
2025/03/01 17:31:04,EFEMScheduler,MES Interface,Wait Measure FTM Count : 198
2025/03/01 17:31:04,EFEMScheduler,MES Interface,Measure File Get: 2521.csv
2025/03/01 17:31:05,EFEMScheduler,MES Interface,Measurement Busy
2025/03/01 17:31:18,EFEMScheduler,MES Interface,Measurement Transfer Position
2025/03/01 17:31:22,EFEMScheduler,MES Interface,Process Complete2
2025/03/01 17:31:23,EFEMScheduler,MES Interface,Process Complete3
2025/03/01 19:43:50,EFEMScheduler,MES Interface,Reset Control.
2025/03/01 19:43:57,EFEMScheduler,Mes Interface,Send MFST :1
2025/03/01 19:43:57,EFEMScheduler,MES Interface,Start Move Stage..., Send MFST
2025/03/01 19:43:58,EFEMScheduler,Mes Interface,Recv MFST OK :1
2025/03/01 19:43:58,EFEMScheduler,MES Interface,Recv MFST
2025/03/01 19:43:59,EFEMScheduler,Mes Interface,Recv MSTS 1 : Move Stage Comp
2025/03/01 19:43:59,EFEMScheduler,MES Interface,Complete Move Stage..., Recv MSTS 1
2025/03/01 19:44:08,EFEMScheduler,MES Interface,Pin Down OK
2025/03/01 19:44:09,EFEMScheduler,MES Interface,Start : MMST,TempLot2_202503011944,2522,SiO2(PtoP Ref:LN Device),MAP18
2025/03/01 19:44:10,EFEMScheduler,MES Interface,Wait Measure FTM...
2025/03/01 19:47:49,EFEMScheduler,MES Interface,Wait Measure FTM Count : 199
2025/03/01 19:47:49,EFEMScheduler,MES Interface,Measure File Get: 2522.csv
2025/03/01 19:47:50,EFEMScheduler,MES Interface,Measurement Busy
2025/03/01 19:48:03,EFEMScheduler,MES Interface,Measurement Transfer Position
2025/03/01 19:48:07,EFEMScheduler,MES Interface,Process Complete2
2025/03/01 19:48:08,EFEMScheduler,MES Interface,Process Complete3
