2025/03/01 11:54:03,Scan Data Send,Scan Count: 1
2025/03/01 11:54:14,DoContinueScanDataSend2012,Send Complete
2025/03/01 11:54:26,Scan Data Send,Scan Count: 1
2025/03/01 11:54:38,DoContinueScanDataSend2012,Send Complete
2025/03/01 13:24:09,Scan Data Send,Scan Count: 1
2025/03/01 13:24:21,DoContinueScanDataSend2012,Send Complete
2025/03/01 13:24:25,Scan Data Send,Scan Count: 1
2025/03/01 13:24:36,DoContinueScanDataSend2012,Send Complete
2025/03/01 14:04:35,SemiAutoSendControl,Scan Start
2025/03/01 14:04:36,Scan Data Send,Route: 18
2025/03/01 14:04:36,Scan Data Send,Mode: ManualMode
2025/03/01 14:04:36,Read Error of Scan nResult File,Read Error: nResult.csv is nothing Path:C:\Measure\Bak\LotID_140241\2506_0301140304\Recipe_auto_1-2506.csv, ErrorStep=4
2025/03/01 14:04:36,Scan Data Send,Scan Count: 1
2025/03/01 14:04:48,DoContinueScanDataSend2012,Send Complete
2025/03/01 14:12:51,SemiAutoSendControl,Scan Start
2025/03/01 14:12:51,Scan Data Send,Route: 18
2025/03/01 14:12:51,Scan Data Send,Mode: ManualMode
2025/03/01 14:12:51,Read Error of Scan nResult File,Read Error: nResult.csv is nothing Path:C:\Measure\Bak\LotID_140241\2507_0301140502\Recipe_auto_2-2507.csv, ErrorStep=4
2025/03/01 14:12:51,Scan Data Send,Scan Count: 1
2025/03/01 14:13:03,DoContinueScanDataSend2012,Send Complete
2025/03/01 14:19:33,SemiAutoSendControl,Scan Start
2025/03/01 14:19:34,Scan Data Send,Route: 18
2025/03/01 14:19:34,Scan Data Send,Mode: ManualMode
2025/03/01 14:19:34,Read Error of Scan nResult File,Read Error: nResult.csv is nothing Path:C:\Measure\Bak\LotID_140241\2508_0301140701\Recipe_auto_3-2508.csv, ErrorStep=4
2025/03/01 14:19:34,Scan Data Send,Scan Count: 1
2025/03/01 14:19:46,DoContinueScanDataSend2012,Send Complete
2025/03/01 14:25:16,SemiAutoSendControl,Scan Start
2025/03/01 14:25:16,Scan Data Send,Route: 18
2025/03/01 14:25:16,Scan Data Send,Mode: ManualMode
2025/03/01 14:25:16,Read Error of Scan nResult File,Read Error: nResult.csv is nothing Path:C:\Measure\Bak\LotID_140241\2509_0301141446\Recipe_auto_4-2509.csv, ErrorStep=4
2025/03/01 14:25:16,Scan Data Send,Scan Count: 1
2025/03/01 14:25:28,DoContinueScanDataSend2012,Send Complete
2025/03/01 14:33:09,SemiAutoSendControl,Scan Start
2025/03/01 14:33:09,Scan Data Send,Route: 18
2025/03/01 14:33:09,Scan Data Send,Mode: ManualMode
2025/03/01 14:33:09,Read Error of Scan nResult File,Read Error: nResult.csv is nothing Path:C:\Measure\Bak\LotID_140241\2510_0301142137\Recipe_auto_5-2510.csv, ErrorStep=4
2025/03/01 14:33:09,Scan Data Send,Scan Count: 1
2025/03/01 14:33:21,DoContinueScanDataSend2012,Send Complete
2025/03/01 14:41:14,SemiAutoSendControl,Scan Start
2025/03/01 14:41:14,Scan Data Send,Route: 18
2025/03/01 14:41:14,Scan Data Send,Mode: ManualMode
2025/03/01 14:41:14,Read Error of Scan nResult File,Read Error: nResult.csv is nothing Path:C:\Measure\Bak\LotID_140241\2511_0301142715\Recipe_auto_6-2511.csv, ErrorStep=4
2025/03/01 14:41:14,Scan Data Send,Scan Count: 1
2025/03/01 14:41:27,DoContinueScanDataSend2012,Send Complete
2025/03/01 14:47:44,SemiAutoSendControl,Scan Start
2025/03/01 14:47:45,Scan Data Send,Route: 18
2025/03/01 14:47:45,Scan Data Send,Mode: ManualMode
2025/03/01 14:47:45,Read Error of Scan nResult File,Read Error: nResult.csv is nothing Path:C:\Measure\Bak\LotID_140241\2512_0301143510\Recipe_auto_7-2512.csv, ErrorStep=4
2025/03/01 14:47:45,Scan Data Send,Scan Count: 1
2025/03/01 14:47:57,DoContinueScanDataSend2012,Send Complete
2025/03/01 14:54:30,SemiAutoSendControl,Scan Start
2025/03/01 14:54:30,Scan Data Send,Route: 18
2025/03/01 14:54:30,Scan Data Send,Mode: ManualMode
2025/03/01 14:54:30,Read Error of Scan nResult File,Read Error: nResult.csv is nothing Path:C:\Measure\Bak\LotID_140241\2513_0301144316\Recipe_auto_8-2513.csv, ErrorStep=4
2025/03/01 14:54:30,Scan Data Send,Scan Count: 1
2025/03/01 14:54:42,DoContinueScanDataSend2012,Send Complete
2025/03/01 15:01:20,SemiAutoSendControl,Scan Start
2025/03/01 15:01:20,Scan Data Send,Route: 18
2025/03/01 15:01:20,Scan Data Send,Mode: ManualMode
2025/03/01 15:01:20,Read Error of Scan nResult File,Read Error: nResult.csv is nothing Path:C:\Measure\Bak\LotID_140241\2514_0301144945\Recipe_auto_9-2514.csv, ErrorStep=4
2025/03/01 15:01:20,Scan Data Send,Scan Count: 1
2025/03/01 15:01:32,DoContinueScanDataSend2012,Send Complete
2025/03/01 15:09:12,SemiAutoSendControl,Scan Start
2025/03/01 15:09:12,Scan Data Send,Route: 18
2025/03/01 15:09:12,Scan Data Send,Mode: ManualMode
2025/03/01 15:09:12,Read Error of Scan nResult File,Read Error: nResult.csv is nothing Path:C:\Measure\Bak\LotID_140241\2515_0301145631\Recipe_auto_10-2515.csv, ErrorStep=4
2025/03/01 15:09:12,Scan Data Send,Scan Count: 1
2025/03/01 15:09:25,DoContinueScanDataSend2012,Send Complete
2025/03/01 15:17:23,SemiAutoSendControl,Scan Start
2025/03/01 15:17:23,Scan Data Send,Route: 18
2025/03/01 15:17:23,Scan Data Send,Mode: ManualMode
2025/03/01 15:17:23,Read Error of Scan nResult File,Read Error: nResult.csv is nothing Path:C:\Measure\Bak\LotID_140241\2516_0301150321\Recipe_auto_11-2516.csv, ErrorStep=4
2025/03/01 15:17:23,Scan Data Send,Scan Count: 1
2025/03/01 15:17:36,DoContinueScanDataSend2012,Send Complete
2025/03/01 15:24:50,SemiAutoSendControl,Scan Start
2025/03/01 15:24:50,Scan Data Send,Route: 18
2025/03/01 15:24:50,Scan Data Send,Mode: ManualMode
2025/03/01 15:24:50,Read Error of Scan nResult File,Read Error: nResult.csv is nothing Path:C:\Measure\Bak\LotID_140241\2517_0301151112\Recipe_auto_12-2517.csv, ErrorStep=4
2025/03/01 15:24:50,Scan Data Send,Scan Count: 1
2025/03/01 15:25:02,DoContinueScanDataSend2012,Send Complete
2025/03/01 16:21:19,SemiAutoSendControl,Scan Start
2025/03/01 16:21:19,Scan Data Send,Route: 18
2025/03/01 16:21:19,Scan Data Send,Mode: ManualMode
2025/03/01 16:21:19,Read Error of Scan nResult File,Read Error: nResult.csv is nothing Path:C:\Measure\Bak\LotID_140241\2518_0301161948\Recipe_auto_1-2518.csv, ErrorStep=4
2025/03/01 16:21:19,Scan Data Send,Scan Count: 1
2025/03/01 16:21:31,DoContinueScanDataSend2012,Send Complete
2025/03/01 16:28:53,SemiAutoSendControl,Scan Start
2025/03/01 16:28:53,Scan Data Send,Route: 18
2025/03/01 16:28:53,Scan Data Send,Mode: ManualMode
2025/03/01 16:28:53,Read Error of Scan nResult File,Read Error: nResult.csv is nothing Path:C:\Measure\Bak\LotID_140241\2519_0301162145\Recipe_auto_2-2519.csv, ErrorStep=4
2025/03/01 16:28:53,Scan Data Send,Scan Count: 1
2025/03/01 16:29:06,DoContinueScanDataSend2012,Send Complete
2025/03/01 16:37:01,SemiAutoSendControl,Scan Start
2025/03/01 16:37:01,Scan Data Send,Route: 18
2025/03/01 16:37:01,Scan Data Send,Mode: ManualMode
2025/03/01 16:37:01,Read Error of Scan nResult File,Read Error: nResult.csv is nothing Path:C:\Measure\Bak\LotID_140241\2520_0301162343\Recipe_auto_3-2520.csv, ErrorStep=4
2025/03/01 16:37:01,Scan Data Send,Scan Count: 1
2025/03/01 16:37:14,DoContinueScanDataSend2012,Send Complete
2025/03/01 16:44:13,SemiAutoSendControl,Scan Start
2025/03/01 16:44:13,Scan Data Send,Route: 18
2025/03/01 16:44:13,Scan Data Send,Mode: ManualMode
2025/03/01 16:44:13,Read Error of Scan nResult File,Read Error: nResult.csv is nothing Path:C:\Measure\Bak\LotID_140241\2521_0301163052\Recipe_auto_4-2521.csv, ErrorStep=4
2025/03/01 16:44:13,Scan Data Send,Scan Count: 1
2025/03/01 16:44:26,DoContinueScanDataSend2012,Send Complete
