2024/12/23 09:56:52,Send: TFMS1000486BMSTS
2024/12/23 09:57:14,Receive: Error:A connection attempt failed because the connected party did not properly respond after a period of time, or established connection failed because connected host has failed to respond 192.168.10.66:5000
2024/12/23 09:57:17,Send: TFMS1000487BMFST,
2024/12/23 09:57:17,Receive: TFMS1000487AMFST
2024/12/23 09:57:18,Send: TFMS1000488BMSTS
2024/12/23 09:57:18,Receive: TFMS1000488AMSTS,2
2024/12/23 09:57:19,Send: TFMS1000489BMSTS
2024/12/23 09:57:19,Receive: TFMS1000489AMSTS,2
2024/12/23 09:57:20,Send: TFMS1000490BMSTS
2024/12/23 09:57:20,Receive: TFMS1000490AMSTS,2
2024/12/23 09:57:20,Send: TFMS1000491BMSTS
2024/12/23 09:57:20,Receive: TFMS1000491AMSTS,2
2024/12/23 09:57:21,Send: TFMS1000492BMSTS
2024/12/23 09:57:21,Receive: TFMS1000492AMSTS,2
2024/12/23 09:57:21,Send: TFMS1000493BMSTS
2024/12/23 09:57:21,Receive: TFMS1000493AMSTS,2
2024/12/23 09:57:22,Send: TFMS1000494BMSTS
2024/12/23 09:57:22,Receive: TFMS1000494AMSTS,1
2024/12/23 09:57:42,Send: TFMS1000495BMMST,LotID_095705,2301,SiO2(PtoP Ref:LN Device),MAP18
2024/12/23 09:57:42,Receive: TFMS1000495AMMST,2301
2024/12/23 09:58:43,Send: TFMS1000496BMSTS
2024/12/23 09:58:43,Receive: TFMS1000496AMSTS,9
2024/12/23 09:58:50,Send: TFMS1000497BMFST,
2024/12/23 09:58:50,Receive: TFMS1000497AMFST
2024/12/23 09:58:51,Send: TFMS1000498BMSTS
2024/12/23 09:58:51,Receive: TFMS1000498AMSTS,1
2024/12/23 09:58:55,Send: TFMS1000499BMSTS
2024/12/23 09:58:55,Receive: TFMS1000499AMSTS,1
2024/12/23 10:00:56,Send: TFMS1000500BMSTS
2024/12/23 10:00:57,Receive: TFMS1000500AMSTS,1
2024/12/23 10:01:28,Send: TFMS1000501BMMST,LotID_095705,2301,SiO2(PtoP Ref:LN Device),MAP18
2024/12/23 10:01:29,Receive: TFMS1000501AMMST,2301
2024/12/23 10:02:29,Send: TFMS1000502BMSTS
2024/12/23 10:02:29,Receive: TFMS1000502AMSTS,3
2024/12/23 10:04:35,Send: TFMS1000503BMSTS
2024/12/23 10:04:48,Send: TFMS1000504BMFST,
2024/12/23 10:04:56,Receive: Error:A connection attempt failed because the connected party did not properly respond after a period of time, or established connection failed because connected host has failed to respond 192.168.10.66:5000
2024/12/23 10:04:57,Send: TFMS1000505BMFST,
2024/12/23 10:05:01,Receive: TFMS1000505AMFST
2024/12/23 10:05:01,Send: TFMS1000506BMSTS
2024/12/23 10:05:01,Receive: TFMS1000506AMSTS,2
2024/12/23 10:05:02,Send: TFMS1000507BMSTS
2024/12/23 10:05:02,Receive: TFMS1000507AMSTS,2
2024/12/23 10:05:03,Send: TFMS1000508BMSTS
2024/12/23 10:05:03,Receive: TFMS1000508AMSTS,2
2024/12/23 10:05:03,Send: TFMS1000509BMSTS
2024/12/23 10:05:03,Receive: TFMS1000509AMSTS,2
2024/12/23 10:05:03,Send: TFMS1000510BMSTS
2024/12/23 10:05:04,Receive: TFMS1000510AMSTS,2
2024/12/23 10:05:04,Send: TFMS1000511BMSTS
2024/12/23 10:05:04,Receive: TFMS1000511AMSTS,2
2024/12/23 10:05:04,Send: TFMS1000512BMSTS
2024/12/23 10:05:05,Receive: TFMS1000512AMSTS,2
2024/12/23 10:05:05,Send: TFMS1000513BMSTS
2024/12/23 10:05:05,Receive: TFMS1000513AMSTS,2
2024/12/23 10:05:05,Send: TFMS1000514BMSTS
2024/12/23 10:05:06,Receive: TFMS1000514AMSTS,2
2024/12/23 10:05:06,Send: TFMS1000515BMSTS
2024/12/23 10:05:06,Receive: TFMS1000515AMSTS,2
2024/12/23 10:05:06,Send: TFMS1000516BMSTS
2024/12/23 10:05:07,Receive: TFMS1000516AMSTS,2
2024/12/23 10:05:07,Send: TFMS1000517BMSTS
2024/12/23 10:05:07,Receive: TFMS1000517AMSTS,2
2024/12/23 10:05:07,Send: TFMS1000518BMSTS
2024/12/23 10:05:08,Receive: TFMS1000518AMSTS,2
2024/12/23 10:05:08,Send: TFMS1000519BMSTS
2024/12/23 10:05:08,Receive: TFMS1000519AMSTS,2
2024/12/23 10:05:08,Send: TFMS1000520BMSTS
2024/12/23 10:05:09,Receive: TFMS1000520AMSTS,2
2024/12/23 10:05:09,Send: TFMS1000521BMSTS
2024/12/23 10:05:09,Receive: TFMS1000521AMSTS,2
2024/12/23 10:05:09,Send: TFMS1000522BMSTS
2024/12/23 10:05:10,Receive: TFMS1000522AMSTS,2
2024/12/23 10:05:10,Send: TFMS1000523BMSTS
2024/12/23 10:05:10,Receive: TFMS1000523AMSTS,2
2024/12/23 10:05:10,Send: TFMS1000524BMSTS
2024/12/23 10:05:10,Receive: TFMS1000524AMSTS,2
2024/12/23 10:05:11,Send: TFMS1000525BMSTS
2024/12/23 10:05:11,Receive: TFMS1000525AMSTS,2
2024/12/23 10:05:11,Send: TFMS1000526BMSTS
2024/12/23 10:05:11,Receive: TFMS1000526AMSTS,2
2024/12/23 10:05:12,Send: TFMS1000527BMSTS
2024/12/23 10:05:12,Receive: TFMS1000527AMSTS,2
2024/12/23 10:05:12,Send: TFMS1000528BMSTS
2024/12/23 10:05:12,Receive: TFMS1000528AMSTS,2
2024/12/23 10:05:13,Send: TFMS1000529BMSTS
2024/12/23 10:05:13,Receive: TFMS1000529AMSTS,2
2024/12/23 10:05:13,Send: TFMS1000530BMSTS
2024/12/23 10:05:13,Receive: TFMS1000530AMSTS,2
2024/12/23 10:05:14,Send: TFMS1000531BMSTS
2024/12/23 10:05:14,Receive: TFMS1000531AMSTS,2
2024/12/23 10:05:15,Send: TFMS1000532BMSTS
2024/12/23 10:05:15,Receive: TFMS1000532AMSTS,2
2024/12/23 10:05:15,Send: TFMS1000533BMSTS
2024/12/23 10:05:15,Receive: TFMS1000533AMSTS,2
2024/12/23 10:05:16,Send: TFMS1000534BMSTS
2024/12/23 10:05:16,Receive: TFMS1000534AMSTS,2
2024/12/23 10:05:16,Send: TFMS1000535BMSTS
2024/12/23 10:05:16,Receive: TFMS1000535AMSTS,2
2024/12/23 10:05:16,Send: TFMS1000536BMSTS
2024/12/23 10:05:17,Receive: TFMS1000536AMSTS,2
2024/12/23 10:05:17,Send: TFMS1000537BMSTS
2024/12/23 10:05:17,Receive: TFMS1000537AMSTS,2
2024/12/23 10:05:17,Send: TFMS1000538BMSTS
2024/12/23 10:05:18,Receive: TFMS1000538AMSTS,2
2024/12/23 10:05:18,Send: TFMS1000539BMSTS
2024/12/23 10:05:18,Receive: TFMS1000539AMSTS,0
2024/12/23 10:05:18,Send: TFMS1000540BMSTS
2024/12/23 10:05:19,Receive: TFMS1000540AMSTS,0
2024/12/23 10:05:19,Send: TFMS1000541BMSTS
2024/12/23 10:05:20,Receive: TFMS1000541AMSTS,0
2024/12/23 10:05:20,Send: TFMS1000542BMSTS
2024/12/23 10:05:21,Receive: TFMS1000542AMSTS,0
2024/12/23 10:05:21,Send: TFMS1000543BMSTS
2024/12/23 10:05:22,Receive: TFMS1000543AMSTS,0
2024/12/23 10:05:22,Send: TFMS1000544BMSTS
2024/12/23 10:05:22,Receive: TFMS1000544AMSTS,0
2024/12/23 10:05:23,Send: TFMS1000545BMSTS
2024/12/23 10:05:23,Receive: TFMS1000545AMSTS,0
2024/12/23 10:05:25,Send: TFMS1000546BMSTS
2024/12/23 10:05:25,Receive: TFMS1000546AMSTS,0
2024/12/23 10:05:27,Send: TFMS1000547BMFST,
2024/12/23 10:05:27,Receive: TFMS1000547AMFST
2024/12/23 10:05:28,Send: TFMS1000548BMFST,
2024/12/23 10:05:29,Receive: TFMS1000548AMFST
2024/12/23 10:05:29,Send: TFMS1000549BMSTS
2024/12/23 10:05:30,Receive: TFMS1000549AMSTS,2
2024/12/23 10:05:30,Send: TFMS1000550BMSTS
2024/12/23 10:05:31,Receive: TFMS1000550AMSTS,2
2024/12/23 10:05:31,Send: TFMS1000551BMSTS
2024/12/23 10:05:31,Receive: TFMS1000551AMSTS,1
2024/12/23 10:36:22,Send: TFMS1000552BMSTS
2024/12/23 10:36:22,Receive: TFMS1000552AMSTS,1
2024/12/23 10:37:17,Send: TFMS1000553BMMST,TempLot1_202412231037,1323,SiO2 on Si,MAP01
2024/12/23 10:37:17,Receive: TFMS1000553AMMST,1323
2024/12/23 10:40:09,Send: TFMS1000554BMMST,TempLot1_202412231040,1323,SiO2 on Si,MAP01
2024/12/23 10:40:09,Receive: TFMS1000554AMMST,1323
2024/12/23 10:41:10,Send: TFMS1000555BMSTS
2024/12/23 10:41:10,Receive: TFMS1000555AMSTS,3
2024/12/23 10:42:16,Send: TFMS1000556BMSTS
2024/12/23 10:42:16,Receive: TFMS1000556AMSTS,3
2024/12/23 10:42:41,Send: TFMS1000557BMSTS
2024/12/23 10:42:41,Receive: TFMS1000557AMSTS,2
2024/12/23 10:42:53,Send: TFMS1000558BMSTS
2024/12/23 10:42:53,Receive: TFMS1000558AMSTS,5
2024/12/23 10:42:59,Send: TFMS1000559BMFED,
2024/12/23 10:42:59,Receive: TFMS1000559AMFED,
2024/12/23 10:43:04,Send: TFMS1000560BMSTS
2024/12/23 10:43:04,Receive: TFMS1000560AMSTS,5
2024/12/23 10:46:53,Send: TFMS1000561BMSTS
2024/12/23 10:46:53,Receive: TFMS1000561AMSTS,5
2024/12/23 10:47:21,Send: TFMS1000562BMMST,TempLot1_202412231047,1422,SiO2 on Si,MAP01
2024/12/23 10:47:21,Receive: TFMS1000562AMMST,1422
2024/12/23 10:48:22,Send: TFMS1000563BMSTS
2024/12/23 10:48:22,Receive: TFMS1000563AMSTS,3
2024/12/23 10:49:28,Send: TFMS1000564BMSTS
2024/12/23 10:49:28,Receive: TFMS1000564AMSTS,3
2024/12/23 10:49:57,Send: TFMS1000565BMSTS
2024/12/23 10:49:57,Receive: TFMS1000565AMSTS,2
2024/12/23 10:50:09,Send: TFMS1000566BMSTS
2024/12/23 10:50:09,Receive: TFMS1000566AMSTS,5
2024/12/23 10:50:15,Send: TFMS1000567BMFED,
2024/12/23 10:50:15,Receive: TFMS1000567AMFED,
2024/12/23 10:50:23,Send: TFMS1000568BMSTS
2024/12/23 10:50:23,Receive: TFMS1000568AMSTS,5
2024/12/23 10:53:52,Send: TFMS1000569BMSTS
2024/12/23 10:54:13,Receive: Error:A connection attempt failed because the connected party did not properly respond after a period of time, or established connection failed because connected host has failed to respond 192.168.10.66:5000
2024/12/23 10:54:15,Send: TFMS1000570BMFST,
2024/12/23 10:54:16,Receive: TFMS1000570AMFST
2024/12/23 10:54:16,Send: TFMS1000571BMSTS
2024/12/23 10:54:17,Receive: TFMS1000571AMSTS,1
2024/12/23 10:54:45,Send: TFMS1000572BMMST,TempLot1_202412231054,1521,SiO2 on Si,MAP01
2024/12/23 10:54:45,Receive: TFMS1000572AMMST,1521
2024/12/23 10:55:46,Send: TFMS1000573BMSTS
2024/12/23 10:55:46,Receive: TFMS1000573AMSTS,3
2024/12/23 10:56:52,Send: TFMS1000574BMSTS
2024/12/23 10:56:53,Receive: TFMS1000574AMSTS,3
2024/12/23 10:57:20,Send: TFMS1000575BMSTS
2024/12/23 10:57:20,Receive: TFMS1000575AMSTS,2
2024/12/23 10:57:32,Send: TFMS1000576BMSTS
2024/12/23 10:57:33,Receive: TFMS1000576AMSTS,5
2024/12/23 10:57:39,Send: TFMS1000577BMFED,
2024/12/23 10:57:39,Receive: TFMS1000577AMFED,
2024/12/23 10:57:42,Send: TFMS1000578BMSTS
2024/12/23 10:57:42,Receive: TFMS1000578AMSTS,5
