2025/03/01 09:28:55,Scheduler,Lot Cancel:Skip,Port:1 Slotr No:1
2025/03/01 09:28:55,Scheduler,Lot Cancel:Skip,Port:1 Slotr No:2
2025/03/01 09:28:55,Scheduler,Lot Cancel:Skip,Port:1 Slotr No:3
2025/03/01 09:28:55,Scheduler,Lot Cancel:Skip,Port:1 Slotr No:4
2025/03/01 09:28:55,Scheduler,Lot Cancel:Skip,Port:1 Slotr No:5
2025/03/01 09:28:55,Scheduler,Lot Cancel:Skip,Port:1 Slotr No:6
2025/03/01 09:28:55,Scheduler,Lot Cancel:Skip,Port:1 Slotr No:7
2025/03/01 09:28:55,Scheduler,Lot Cancel:Skip,Port:1 Slotr No:8
2025/03/01 09:28:55,Scheduler,Lot Cancel:Skip,Port:1 Slotr No:9
2025/03/01 09:28:55,Scheduler,Lot Cancel:Skip,Port:1 Slotr No:10
2025/03/01 09:28:55,Scheduler,Lot Cancel:Skip,Port:1 Slotr No:11
2025/03/01 09:28:55,Scheduler,Lot Cancel:Skip,Port:1 Slotr No:12
2025/03/01 09:28:55,Scheduler,Lot Cancel:Skip,Port:1 Slotr No:13
2025/03/01 09:28:55,Scheduler,Lot Cancel:Skip,Port:1 Slotr No:14
2025/03/01 09:28:55,Scheduler,Lot Cancel:Skip,Port:1 Slotr No:15
2025/03/01 09:28:55,Scheduler,Lot Cancel:Skip,Port:1 Slotr No:16
2025/03/01 09:28:55,Scheduler,Lot Cancel:Skip,Port:1 Slotr No:17
2025/03/01 09:28:55,Scheduler,Lot Cancel:Skip,Port:1 Slotr No:18
2025/03/01 09:28:55,Scheduler,Lot Cancel:Skip,Port:1 Slotr No:19
2025/03/01 10:18:07,Scheduler,Main,APP START : D2216 Sceduler(Ver1.0.7.0) 2024.11.26
2025/03/01 10:36:31,Scheduler,Main,APP START : D2216 Sceduler(Ver1.0.7.0) 2024.11.26
2025/03/01 14:02:41,Scheduler,LotInfo,SlotNo:26 1,Scan Recipe1,F,0,
2025/03/01 14:02:41,Scheduler,LotInfo,SlotNo:27 1,Scan Recipe2,F,0,
2025/03/01 14:02:41,Scheduler,LotInfo,SlotNo:28 1,Scan Recipe3,F,0,
2025/03/01 14:02:41,Scheduler,LotInfo,SlotNo:29 1,Scan Recipe4,F,2504,
2025/03/01 14:02:41,Scheduler,LotInfo,SlotNo:30 1,Scan Recipe5,F,2505,
2025/03/01 14:02:41,Scheduler,LotInfo,SlotNo:31 2506,Scan Recipe6,T,2506,
2025/03/01 14:02:41,Scheduler,LotInfo,SlotNo:32 2507,Scan Recipe7,T,2507,
2025/03/01 14:02:41,Scheduler,LotInfo,SlotNo:33 2508,Scan Recipe8,T,2508,
2025/03/01 14:02:41,Scheduler,LotInfo,SlotNo:34 2509,Scan Recipe9,T,2509,
2025/03/01 14:02:41,Scheduler,LotInfo,SlotNo:35 2510,Scan Recipe10,T,2510,
2025/03/01 14:02:41,Scheduler,LotInfo,SlotNo:36 2511,Scan Recipe11,T,2511,
2025/03/01 14:02:41,Scheduler,LotInfo,SlotNo:37 2512,Scan Recipe12,T,2512,
2025/03/01 14:02:41,Scheduler,LotInfo,SlotNo:38 2513,Scan Recipe13,T,2513,
2025/03/01 14:02:41,Scheduler,LotInfo,SlotNo:39 2514,Scan Recipe14,T,2514,
2025/03/01 14:02:41,Scheduler,LotInfo,SlotNo:40 2515,Scan Recipe15,T,2515,
2025/03/01 14:02:41,Scheduler,LotInfo,SlotNo:41 2516,Scan Recipe16,T,2516,
2025/03/01 14:02:41,Scheduler,LotInfo,SlotNo:42 2517,Scan Recipe17,T,2517,
2025/03/01 14:02:41,Scheduler,LotInfo,SlotNo:43 2518,Scan Recipe18,T,2518,
2025/03/01 14:02:41,Scheduler,LotInfo,SlotNo:44 2519,Scan Recipe19,T,2519,
2025/03/01 14:02:41,Scheduler,LotInfo,SlotNo:45 2520,Scan Recipe20,T,2520,
2025/03/01 14:02:41,Scheduler,LotInfo,SlotNo:46 2521,Scan Recipe21,T,2521,
2025/03/01 14:02:41,Scheduler,LotInfo,SlotNo:47 2522,Scan Recipe22,T,2522,
2025/03/01 14:02:41,Scheduler,LotInfo,SlotNo:48 2523,Scan Recipe23,T,2523,
2025/03/01 14:02:41,Scheduler,LotInfo,SlotNo:49 2524,Scan Recipe24,T,2524,
2025/03/01 14:02:41,Scheduler,LotInfo,SlotNo:50 2525,Scan Recipe25,T,2525,
2025/03/01 14:04:20,Scheduler,SetupHandOff,Rotate Only 2:2,31,2,D,True
2025/03/01 14:04:22,Scheduler,Transport,SetTransCompleteCheckInfo,Get Unit:2 Slot:31 Hand:2 Work:2506
2025/03/01 14:04:29,Scheduler,PlusStep,SlotNo:31 Step:3
2025/03/01 14:04:29,Scheduler,PlusStep,RESULT ROUTE:, 231GA
2025/03/01 14:04:29,Scheduler,Transport,TransComplete Unit:2 Work:2506
2025/03/01 14:04:29,Scheduler,SetupHandOff,Rotate Only 2:3,31,2,U,True
2025/03/01 14:04:35,Scheduler,Transport,SetTransCompleteCheckInfo,Put Unit:3 Slot:31 Hand:2 Work:2506
2025/03/01 14:04:35,Scheduler,Recipe Load,Unit No,3
2025/03/01 14:04:35,Scheduler,Recipe Load,Scan Recipe,C:\Measure\Bak\LotID_140241\2506_0301140304\Recipe_auto_1-2506.csv
2025/03/01 14:04:43,Scheduler,PlusStep,SlotNo:31 Step:4
2025/03/01 14:04:43,Scheduler,PlusStep,RESULT ROUTE:,231GA, 331PA
2025/03/01 14:04:43,Scheduler,Transport,TransComplete Unit:3 Work:2506
2025/03/01 14:06:16,Scheduler,SetupHandOff,Rotate Only 2:2,32,2,D,True
2025/03/01 14:06:21,Scheduler,Transport,SetTransCompleteCheckInfo,Get Unit:2 Slot:32 Hand:2 Work:2507
2025/03/01 14:06:29,Scheduler,PlusStep,SlotNo:32 Step:3
2025/03/01 14:06:29,Scheduler,PlusStep,RESULT ROUTE:, 232GA
2025/03/01 14:06:29,Scheduler,Transport,TransComplete Unit:2 Work:2507
2025/03/01 14:06:29,Scheduler,SetupHandOff,Rotate Only 1
2025/03/01 14:06:29,Scheduler,SetupHandOff,Status:3,32,GOTO,D,True
2025/03/01 14:12:40,Scheduler,Transport,SetTransCompleteCheckInfo,Get Unit:3 Slot:1 Hand:1 Work:2506
2025/03/01 14:12:50,Scheduler,PlusStep,SlotNo:31 Step:5
2025/03/01 14:12:50,Scheduler,PlusStep,RESULT ROUTE:,231GA,331PA, 331GB
2025/03/01 14:12:50,Scheduler,Transport,TransComplete Unit:3 Work:2506
2025/03/01 14:12:51,Scheduler,Transport,SetTransCompleteCheckInfo,Put Unit:3 Slot:32 Hand:2 Work:2507
2025/03/01 14:12:51,Scheduler,Recipe Load,Unit No,3
2025/03/01 14:12:51,Scheduler,Recipe Load,Scan Recipe,C:\Measure\Bak\LotID_140241\2507_0301140502\Recipe_auto_2-2507.csv
2025/03/01 14:13:01,Scheduler,PlusStep,SlotNo:32 Step:4
2025/03/01 14:13:01,Scheduler,PlusStep,RESULT ROUTE:,232GA, 332PA
2025/03/01 14:13:01,Scheduler,Transport,TransComplete Unit:3 Work:2507
2025/03/01 14:13:01,Scheduler,SetupHandOff,Rotate Only 2:1,31,1,U,True
2025/03/01 14:13:07,Scheduler,Transport,SetTransCompleteCheckInfo,Put Unit:1 Slot:31 Hand:1 Work:2506
2025/03/01 14:13:07,Scheduler,Recipe Load,Unit No,1
2025/03/01 14:13:15,Scheduler,PlusStep,SlotNo:31 Step:6
2025/03/01 14:13:15,Scheduler,PlusStep,RESULT ROUTE:,231GA,331PA,331GB, 131PB
2025/03/01 14:13:15,Scheduler,Transport,TransComplete Unit:1 Work:2506
2025/03/01 14:13:15,Scheduler,SetupHandOff,Rotate Only 2:2,33,2,D,True
2025/03/01 14:13:17,Scheduler,Transport,SetTransCompleteCheckInfo,Get Unit:2 Slot:33 Hand:2 Work:2508
2025/03/01 14:13:24,Scheduler,PlusStep,SlotNo:33 Step:3
2025/03/01 14:13:24,Scheduler,PlusStep,RESULT ROUTE:, 233GA
2025/03/01 14:13:24,Scheduler,Transport,TransComplete Unit:2 Work:2508
2025/03/01 14:13:24,Scheduler,SetupHandOff,Rotate Only 1
2025/03/01 14:13:24,Scheduler,SetupHandOff,Status:3,33,GOTO,D,True
2025/03/01 14:19:23,Scheduler,Transport,SetTransCompleteCheckInfo,Get Unit:3 Slot:1 Hand:1 Work:2507
2025/03/01 14:19:33,Scheduler,PlusStep,SlotNo:32 Step:5
2025/03/01 14:19:33,Scheduler,PlusStep,RESULT ROUTE:,232GA,332PA, 332GB
2025/03/01 14:19:33,Scheduler,Transport,TransComplete Unit:3 Work:2507
2025/03/01 14:19:33,Scheduler,Transport,SetTransCompleteCheckInfo,Put Unit:3 Slot:33 Hand:2 Work:2508
2025/03/01 14:19:33,Scheduler,Recipe Load,Unit No,3
2025/03/01 14:19:33,Scheduler,Recipe Load,Scan Recipe,C:\Measure\Bak\LotID_140241\2508_0301140701\Recipe_auto_3-2508.csv
2025/03/01 14:19:43,Scheduler,PlusStep,SlotNo:33 Step:4
2025/03/01 14:19:43,Scheduler,PlusStep,RESULT ROUTE:,233GA, 333PA
2025/03/01 14:19:43,Scheduler,Transport,TransComplete Unit:3 Work:2508
2025/03/01 14:19:43,Scheduler,SetupHandOff,Rotate Only 2:1,32,1,U,True
2025/03/01 14:19:50,Scheduler,Transport,SetTransCompleteCheckInfo,Put Unit:1 Slot:32 Hand:1 Work:2507
2025/03/01 14:19:50,Scheduler,Recipe Load,Unit No,1
2025/03/01 14:19:57,Scheduler,PlusStep,SlotNo:32 Step:6
2025/03/01 14:19:57,Scheduler,PlusStep,RESULT ROUTE:,232GA,332PA,332GB, 132PB
2025/03/01 14:19:57,Scheduler,Transport,TransComplete Unit:1 Work:2507
2025/03/01 14:19:57,Scheduler,SetupHandOff,Rotate Only 2:2,34,2,D,True
2025/03/01 14:19:59,Scheduler,Transport,SetTransCompleteCheckInfo,Get Unit:2 Slot:34 Hand:2 Work:2509
2025/03/01 14:20:06,Scheduler,PlusStep,SlotNo:34 Step:3
2025/03/01 14:20:06,Scheduler,PlusStep,RESULT ROUTE:, 234GA
2025/03/01 14:20:06,Scheduler,Transport,TransComplete Unit:2 Work:2509
2025/03/01 14:20:06,Scheduler,SetupHandOff,Rotate Only 1
2025/03/01 14:20:06,Scheduler,SetupHandOff,Status:3,34,GOTO,D,True
2025/03/01 14:25:06,Scheduler,Transport,SetTransCompleteCheckInfo,Get Unit:3 Slot:1 Hand:1 Work:2508
2025/03/01 14:25:16,Scheduler,PlusStep,SlotNo:33 Step:5
2025/03/01 14:25:16,Scheduler,PlusStep,RESULT ROUTE:,233GA,333PA, 333GB
2025/03/01 14:25:16,Scheduler,Transport,TransComplete Unit:3 Work:2508
2025/03/01 14:25:16,Scheduler,Transport,SetTransCompleteCheckInfo,Put Unit:3 Slot:34 Hand:2 Work:2509
2025/03/01 14:25:16,Scheduler,Recipe Load,Unit No,3
2025/03/01 14:25:16,Scheduler,Recipe Load,Scan Recipe,C:\Measure\Bak\LotID_140241\2509_0301141446\Recipe_auto_4-2509.csv
2025/03/01 14:25:26,Scheduler,PlusStep,SlotNo:34 Step:4
2025/03/01 14:25:26,Scheduler,PlusStep,RESULT ROUTE:,234GA, 334PA
2025/03/01 14:25:26,Scheduler,Transport,TransComplete Unit:3 Work:2509
2025/03/01 14:25:26,Scheduler,SetupHandOff,Rotate Only 2:1,33,1,U,True
2025/03/01 14:25:32,Scheduler,Transport,SetTransCompleteCheckInfo,Put Unit:1 Slot:33 Hand:1 Work:2508
2025/03/01 14:25:32,Scheduler,Recipe Load,Unit No,1
2025/03/01 14:25:40,Scheduler,PlusStep,SlotNo:33 Step:6
2025/03/01 14:25:40,Scheduler,PlusStep,RESULT ROUTE:,233GA,333PA,333GB, 133PB
2025/03/01 14:25:40,Scheduler,Transport,TransComplete Unit:1 Work:2508
2025/03/01 14:25:40,Scheduler,SetupHandOff,Rotate Only 2:2,35,2,D,True
2025/03/01 14:25:41,Scheduler,Transport,SetTransCompleteCheckInfo,Get Unit:2 Slot:35 Hand:2 Work:2510
2025/03/01 14:25:49,Scheduler,PlusStep,SlotNo:35 Step:3
2025/03/01 14:25:49,Scheduler,PlusStep,RESULT ROUTE:, 235GA
2025/03/01 14:25:49,Scheduler,Transport,TransComplete Unit:2 Work:2510
2025/03/01 14:25:49,Scheduler,SetupHandOff,Rotate Only 1
2025/03/01 14:25:49,Scheduler,SetupHandOff,Status:3,35,GOTO,D,True
2025/03/01 14:32:58,Scheduler,Transport,SetTransCompleteCheckInfo,Get Unit:3 Slot:1 Hand:1 Work:2509
2025/03/01 14:33:08,Scheduler,PlusStep,SlotNo:34 Step:5
2025/03/01 14:33:08,Scheduler,PlusStep,RESULT ROUTE:,234GA,334PA, 334GB
2025/03/01 14:33:08,Scheduler,Transport,TransComplete Unit:3 Work:2509
2025/03/01 14:33:09,Scheduler,Transport,SetTransCompleteCheckInfo,Put Unit:3 Slot:35 Hand:2 Work:2510
2025/03/01 14:33:09,Scheduler,Recipe Load,Unit No,3
2025/03/01 14:33:09,Scheduler,Recipe Load,Scan Recipe,C:\Measure\Bak\LotID_140241\2510_0301142137\Recipe_auto_5-2510.csv
2025/03/01 14:33:19,Scheduler,PlusStep,SlotNo:35 Step:4
2025/03/01 14:33:19,Scheduler,PlusStep,RESULT ROUTE:,235GA, 335PA
2025/03/01 14:33:19,Scheduler,Transport,TransComplete Unit:3 Work:2510
2025/03/01 14:33:19,Scheduler,SetupHandOff,Rotate Only 2:1,34,1,U,True
2025/03/01 14:33:25,Scheduler,Transport,SetTransCompleteCheckInfo,Put Unit:1 Slot:34 Hand:1 Work:2509
2025/03/01 14:33:25,Scheduler,Recipe Load,Unit No,1
2025/03/01 14:33:33,Scheduler,PlusStep,SlotNo:34 Step:6
2025/03/01 14:33:33,Scheduler,PlusStep,RESULT ROUTE:,234GA,334PA,334GB, 134PB
2025/03/01 14:33:33,Scheduler,Transport,TransComplete Unit:1 Work:2509
2025/03/01 14:33:33,Scheduler,SetupHandOff,Rotate Only 2:2,36,2,D,True
2025/03/01 14:33:34,Scheduler,Transport,SetTransCompleteCheckInfo,Get Unit:2 Slot:36 Hand:2 Work:2511
2025/03/01 14:33:42,Scheduler,PlusStep,SlotNo:36 Step:3
2025/03/01 14:33:42,Scheduler,PlusStep,RESULT ROUTE:, 236GA
2025/03/01 14:33:42,Scheduler,Transport,TransComplete Unit:2 Work:2511
2025/03/01 14:33:42,Scheduler,SetupHandOff,Rotate Only 1
2025/03/01 14:33:42,Scheduler,SetupHandOff,Status:3,36,GOTO,D,True
2025/03/01 14:41:04,Scheduler,Transport,SetTransCompleteCheckInfo,Get Unit:3 Slot:1 Hand:1 Work:2510
2025/03/01 14:41:13,Scheduler,PlusStep,SlotNo:35 Step:5
2025/03/01 14:41:13,Scheduler,PlusStep,RESULT ROUTE:,235GA,335PA, 335GB
2025/03/01 14:41:13,Scheduler,Transport,TransComplete Unit:3 Work:2510
2025/03/01 14:41:14,Scheduler,Transport,SetTransCompleteCheckInfo,Put Unit:3 Slot:36 Hand:2 Work:2511
2025/03/01 14:41:14,Scheduler,Recipe Load,Unit No,3
2025/03/01 14:41:14,Scheduler,Recipe Load,Scan Recipe,C:\Measure\Bak\LotID_140241\2511_0301142715\Recipe_auto_6-2511.csv
2025/03/01 14:41:24,Scheduler,PlusStep,SlotNo:36 Step:4
2025/03/01 14:41:24,Scheduler,PlusStep,RESULT ROUTE:,236GA, 336PA
2025/03/01 14:41:24,Scheduler,Transport,TransComplete Unit:3 Work:2511
2025/03/01 14:41:24,Scheduler,SetupHandOff,Rotate Only 2:1,35,1,U,True
2025/03/01 14:41:30,Scheduler,Transport,SetTransCompleteCheckInfo,Put Unit:1 Slot:35 Hand:1 Work:2510
2025/03/01 14:41:30,Scheduler,Recipe Load,Unit No,1
2025/03/01 14:41:38,Scheduler,PlusStep,SlotNo:35 Step:6
2025/03/01 14:41:38,Scheduler,PlusStep,RESULT ROUTE:,235GA,335PA,335GB, 135PB
2025/03/01 14:41:38,Scheduler,Transport,TransComplete Unit:1 Work:2510
2025/03/01 14:41:38,Scheduler,SetupHandOff,Rotate Only 2:2,37,2,D,True
2025/03/01 14:41:39,Scheduler,Transport,SetTransCompleteCheckInfo,Get Unit:2 Slot:37 Hand:2 Work:2512
2025/03/01 14:41:47,Scheduler,PlusStep,SlotNo:37 Step:3
2025/03/01 14:41:47,Scheduler,PlusStep,RESULT ROUTE:, 237GA
2025/03/01 14:41:47,Scheduler,Transport,TransComplete Unit:2 Work:2512
2025/03/01 14:41:47,Scheduler,SetupHandOff,Rotate Only 1
2025/03/01 14:41:47,Scheduler,SetupHandOff,Status:3,37,GOTO,D,True
2025/03/01 14:47:34,Scheduler,Transport,SetTransCompleteCheckInfo,Get Unit:3 Slot:1 Hand:1 Work:2511
2025/03/01 14:47:44,Scheduler,PlusStep,SlotNo:36 Step:5
2025/03/01 14:47:44,Scheduler,PlusStep,RESULT ROUTE:,236GA,336PA, 336GB
2025/03/01 14:47:44,Scheduler,Transport,TransComplete Unit:3 Work:2511
2025/03/01 14:47:44,Scheduler,Transport,SetTransCompleteCheckInfo,Put Unit:3 Slot:37 Hand:2 Work:2512
2025/03/01 14:47:44,Scheduler,Recipe Load,Unit No,3
2025/03/01 14:47:44,Scheduler,Recipe Load,Scan Recipe,C:\Measure\Bak\LotID_140241\2512_0301143510\Recipe_auto_7-2512.csv
2025/03/01 14:47:54,Scheduler,PlusStep,SlotNo:37 Step:4
2025/03/01 14:47:54,Scheduler,PlusStep,RESULT ROUTE:,237GA, 337PA
2025/03/01 14:47:54,Scheduler,Transport,TransComplete Unit:3 Work:2512
2025/03/01 14:47:54,Scheduler,SetupHandOff,Rotate Only 2:1,36,1,U,True
2025/03/01 14:48:01,Scheduler,Transport,SetTransCompleteCheckInfo,Put Unit:1 Slot:36 Hand:1 Work:2511
2025/03/01 14:48:01,Scheduler,Recipe Load,Unit No,1
2025/03/01 14:48:08,Scheduler,PlusStep,SlotNo:36 Step:6
2025/03/01 14:48:08,Scheduler,PlusStep,RESULT ROUTE:,236GA,336PA,336GB, 136PB
2025/03/01 14:48:08,Scheduler,Transport,TransComplete Unit:1 Work:2511
2025/03/01 14:48:08,Scheduler,SetupHandOff,Rotate Only 2:2,38,2,D,True
2025/03/01 14:48:10,Scheduler,Transport,SetTransCompleteCheckInfo,Get Unit:2 Slot:38 Hand:2 Work:2513
2025/03/01 14:48:17,Scheduler,PlusStep,SlotNo:38 Step:3
2025/03/01 14:48:17,Scheduler,PlusStep,RESULT ROUTE:, 238GA
2025/03/01 14:48:17,Scheduler,Transport,TransComplete Unit:2 Work:2513
2025/03/01 14:48:17,Scheduler,SetupHandOff,Rotate Only 1
2025/03/01 14:48:17,Scheduler,SetupHandOff,Status:3,38,GOTO,D,True
2025/03/01 14:54:20,Scheduler,Transport,SetTransCompleteCheckInfo,Get Unit:3 Slot:1 Hand:1 Work:2512
2025/03/01 14:54:29,Scheduler,PlusStep,SlotNo:37 Step:5
2025/03/01 14:54:29,Scheduler,PlusStep,RESULT ROUTE:,237GA,337PA, 337GB
2025/03/01 14:54:29,Scheduler,Transport,TransComplete Unit:3 Work:2512
2025/03/01 14:54:30,Scheduler,Transport,SetTransCompleteCheckInfo,Put Unit:3 Slot:38 Hand:2 Work:2513
2025/03/01 14:54:30,Scheduler,Recipe Load,Unit No,3
2025/03/01 14:54:30,Scheduler,Recipe Load,Scan Recipe,C:\Measure\Bak\LotID_140241\2513_0301144316\Recipe_auto_8-2513.csv
2025/03/01 14:54:40,Scheduler,PlusStep,SlotNo:38 Step:4
2025/03/01 14:54:40,Scheduler,PlusStep,RESULT ROUTE:,238GA, 338PA
2025/03/01 14:54:40,Scheduler,Transport,TransComplete Unit:3 Work:2513
2025/03/01 14:54:40,Scheduler,SetupHandOff,Rotate Only 2:1,37,1,U,True
2025/03/01 14:54:46,Scheduler,Transport,SetTransCompleteCheckInfo,Put Unit:1 Slot:37 Hand:1 Work:2512
2025/03/01 14:54:46,Scheduler,Recipe Load,Unit No,1
2025/03/01 14:54:54,Scheduler,PlusStep,SlotNo:37 Step:6
2025/03/01 14:54:54,Scheduler,PlusStep,RESULT ROUTE:,237GA,337PA,337GB, 137PB
2025/03/01 14:54:54,Scheduler,Transport,TransComplete Unit:1 Work:2512
2025/03/01 14:54:54,Scheduler,SetupHandOff,Rotate Only 2:2,39,2,D,True
2025/03/01 14:54:55,Scheduler,Transport,SetTransCompleteCheckInfo,Get Unit:2 Slot:39 Hand:2 Work:2514
2025/03/01 14:55:03,Scheduler,PlusStep,SlotNo:39 Step:3
2025/03/01 14:55:03,Scheduler,PlusStep,RESULT ROUTE:, 239GA
2025/03/01 14:55:03,Scheduler,Transport,TransComplete Unit:2 Work:2514
2025/03/01 14:55:03,Scheduler,SetupHandOff,Rotate Only 1
2025/03/01 14:55:03,Scheduler,SetupHandOff,Status:3,39,GOTO,D,True
2025/03/01 15:01:09,Scheduler,Transport,SetTransCompleteCheckInfo,Get Unit:3 Slot:1 Hand:1 Work:2513
2025/03/01 15:01:19,Scheduler,PlusStep,SlotNo:38 Step:5
2025/03/01 15:01:19,Scheduler,PlusStep,RESULT ROUTE:,238GA,338PA, 338GB
2025/03/01 15:01:19,Scheduler,Transport,TransComplete Unit:3 Work:2513
2025/03/01 15:01:20,Scheduler,Transport,SetTransCompleteCheckInfo,Put Unit:3 Slot:39 Hand:2 Work:2514
2025/03/01 15:01:20,Scheduler,Recipe Load,Unit No,3
2025/03/01 15:01:20,Scheduler,Recipe Load,Scan Recipe,C:\Measure\Bak\LotID_140241\2514_0301144945\Recipe_auto_9-2514.csv
2025/03/01 15:01:30,Scheduler,PlusStep,SlotNo:39 Step:4
2025/03/01 15:01:30,Scheduler,PlusStep,RESULT ROUTE:,239GA, 339PA
2025/03/01 15:01:30,Scheduler,Transport,TransComplete Unit:3 Work:2514
2025/03/01 15:01:30,Scheduler,SetupHandOff,Rotate Only 2:1,38,1,U,True
2025/03/01 15:01:36,Scheduler,Transport,SetTransCompleteCheckInfo,Put Unit:1 Slot:38 Hand:1 Work:2513
2025/03/01 15:01:36,Scheduler,Recipe Load,Unit No,1
2025/03/01 15:01:44,Scheduler,PlusStep,SlotNo:38 Step:6
2025/03/01 15:01:44,Scheduler,PlusStep,RESULT ROUTE:,238GA,338PA,338GB, 138PB
2025/03/01 15:01:44,Scheduler,Transport,TransComplete Unit:1 Work:2513
2025/03/01 15:01:44,Scheduler,SetupHandOff,Rotate Only 2:2,40,2,D,True
2025/03/01 15:01:45,Scheduler,Transport,SetTransCompleteCheckInfo,Get Unit:2 Slot:40 Hand:2 Work:2515
2025/03/01 15:01:53,Scheduler,PlusStep,SlotNo:40 Step:3
2025/03/01 15:01:53,Scheduler,PlusStep,RESULT ROUTE:, 240GA
2025/03/01 15:01:53,Scheduler,Transport,TransComplete Unit:2 Work:2515
2025/03/01 15:01:53,Scheduler,SetupHandOff,Rotate Only 1
2025/03/01 15:01:53,Scheduler,SetupHandOff,Status:3,40,GOTO,D,True
2025/03/01 15:09:01,Scheduler,Transport,SetTransCompleteCheckInfo,Get Unit:3 Slot:1 Hand:1 Work:2514
2025/03/01 15:09:11,Scheduler,PlusStep,SlotNo:39 Step:5
2025/03/01 15:09:11,Scheduler,PlusStep,RESULT ROUTE:,239GA,339PA, 339GB
2025/03/01 15:09:11,Scheduler,Transport,TransComplete Unit:3 Work:2514
2025/03/01 15:09:12,Scheduler,Transport,SetTransCompleteCheckInfo,Put Unit:3 Slot:40 Hand:2 Work:2515
2025/03/01 15:09:12,Scheduler,Recipe Load,Unit No,3
2025/03/01 15:09:12,Scheduler,Recipe Load,Scan Recipe,C:\Measure\Bak\LotID_140241\2515_0301145631\Recipe_auto_10-2515.csv
2025/03/01 15:09:22,Scheduler,PlusStep,SlotNo:40 Step:4
2025/03/01 15:09:22,Scheduler,PlusStep,RESULT ROUTE:,240GA, 340PA
2025/03/01 15:09:22,Scheduler,Transport,TransComplete Unit:3 Work:2515
2025/03/01 15:09:22,Scheduler,SetupHandOff,Rotate Only 2:1,39,1,U,True
2025/03/01 15:09:28,Scheduler,Transport,SetTransCompleteCheckInfo,Put Unit:1 Slot:39 Hand:1 Work:2514
2025/03/01 15:09:28,Scheduler,Recipe Load,Unit No,1
2025/03/01 15:09:36,Scheduler,PlusStep,SlotNo:39 Step:6
2025/03/01 15:09:36,Scheduler,PlusStep,RESULT ROUTE:,239GA,339PA,339GB, 139PB
2025/03/01 15:09:36,Scheduler,Transport,TransComplete Unit:1 Work:2514
2025/03/01 15:09:36,Scheduler,SetupHandOff,Rotate Only 2:2,41,2,D,True
2025/03/01 15:09:37,Scheduler,Transport,SetTransCompleteCheckInfo,Get Unit:2 Slot:41 Hand:2 Work:2516
2025/03/01 15:09:45,Scheduler,PlusStep,SlotNo:41 Step:3
2025/03/01 15:09:45,Scheduler,PlusStep,RESULT ROUTE:, 241GA
2025/03/01 15:09:45,Scheduler,Transport,TransComplete Unit:2 Work:2516
2025/03/01 15:09:45,Scheduler,SetupHandOff,Rotate Only 1
2025/03/01 15:09:45,Scheduler,SetupHandOff,Status:3,41,GOTO,D,True
2025/03/01 15:17:13,Scheduler,Transport,SetTransCompleteCheckInfo,Get Unit:3 Slot:1 Hand:1 Work:2515
2025/03/01 15:17:23,Scheduler,PlusStep,SlotNo:40 Step:5
2025/03/01 15:17:23,Scheduler,PlusStep,RESULT ROUTE:,240GA,340PA, 340GB
2025/03/01 15:17:23,Scheduler,Transport,TransComplete Unit:3 Work:2515
2025/03/01 15:17:23,Scheduler,Transport,SetTransCompleteCheckInfo,Put Unit:3 Slot:41 Hand:2 Work:2516
2025/03/01 15:17:23,Scheduler,Recipe Load,Unit No,3
2025/03/01 15:17:23,Scheduler,Recipe Load,Scan Recipe,C:\Measure\Bak\LotID_140241\2516_0301150321\Recipe_auto_11-2516.csv
2025/03/01 15:17:33,Scheduler,PlusStep,SlotNo:41 Step:4
2025/03/01 15:17:33,Scheduler,PlusStep,RESULT ROUTE:,241GA, 341PA
2025/03/01 15:17:33,Scheduler,Transport,TransComplete Unit:3 Work:2516
2025/03/01 15:17:33,Scheduler,SetupHandOff,Rotate Only 2:1,40,1,U,True
2025/03/01 15:17:40,Scheduler,Transport,SetTransCompleteCheckInfo,Put Unit:1 Slot:40 Hand:1 Work:2515
2025/03/01 15:17:40,Scheduler,Recipe Load,Unit No,1
2025/03/01 15:17:47,Scheduler,PlusStep,SlotNo:40 Step:6
2025/03/01 15:17:47,Scheduler,PlusStep,RESULT ROUTE:,240GA,340PA,340GB, 140PB
2025/03/01 15:17:47,Scheduler,Transport,TransComplete Unit:1 Work:2515
2025/03/01 15:17:47,Scheduler,SetupHandOff,Rotate Only 2:2,42,2,D,True
2025/03/01 15:17:49,Scheduler,Transport,SetTransCompleteCheckInfo,Get Unit:2 Slot:42 Hand:2 Work:2517
2025/03/01 15:17:56,Scheduler,PlusStep,SlotNo:42 Step:3
2025/03/01 15:17:56,Scheduler,PlusStep,RESULT ROUTE:, 242GA
2025/03/01 15:17:56,Scheduler,Transport,TransComplete Unit:2 Work:2517
2025/03/01 15:17:56,Scheduler,SetupHandOff,Rotate Only 1
2025/03/01 15:17:56,Scheduler,SetupHandOff,Status:3,42,GOTO,D,True
2025/03/01 15:24:39,Scheduler,Transport,SetTransCompleteCheckInfo,Get Unit:3 Slot:1 Hand:1 Work:2516
2025/03/01 15:24:49,Scheduler,PlusStep,SlotNo:41 Step:5
2025/03/01 15:24:49,Scheduler,PlusStep,RESULT ROUTE:,241GA,341PA, 341GB
2025/03/01 15:24:49,Scheduler,Transport,TransComplete Unit:3 Work:2516
2025/03/01 15:24:50,Scheduler,Transport,SetTransCompleteCheckInfo,Put Unit:3 Slot:42 Hand:2 Work:2517
2025/03/01 15:24:50,Scheduler,Recipe Load,Unit No,3
2025/03/01 15:24:50,Scheduler,Recipe Load,Scan Recipe,C:\Measure\Bak\LotID_140241\2517_0301151112\Recipe_auto_12-2517.csv
2025/03/01 15:25:00,Scheduler,PlusStep,SlotNo:42 Step:4
2025/03/01 15:25:00,Scheduler,PlusStep,RESULT ROUTE:,242GA, 342PA
2025/03/01 15:25:00,Scheduler,Transport,TransComplete Unit:3 Work:2517
2025/03/01 15:43:30,Scheduler,Lot Cancel:Abort,Port:2 Slotr No:41
2025/03/01 15:43:30,Scheduler,Lot Cancel:Abort,Port:2 Slotr No:42
2025/03/01 15:43:30,Scheduler,Lot Cancel:Skip,Port:2 Slotr No:43
2025/03/01 15:43:30,Scheduler,Lot Cancel:Skip,Port:2 Slotr No:44
2025/03/01 15:43:30,Scheduler,Lot Cancel:Skip,Port:2 Slotr No:45
2025/03/01 15:43:30,Scheduler,Lot Cancel:Skip,Port:2 Slotr No:46
2025/03/01 15:43:30,Scheduler,Lot Cancel:Skip,Port:2 Slotr No:47
2025/03/01 15:43:30,Scheduler,Lot Cancel:Skip,Port:2 Slotr No:48
2025/03/01 15:43:30,Scheduler,Lot Cancel:Skip,Port:2 Slotr No:49
2025/03/01 15:43:30,Scheduler,Lot Cancel:Skip,Port:2 Slotr No:50
2025/03/01 16:19:27,Scheduler,LotInfo,SlotNo:26 1,Scan Recipe1,F,0,
2025/03/01 16:19:27,Scheduler,LotInfo,SlotNo:27 1,Scan Recipe2,F,0,
2025/03/01 16:19:27,Scheduler,LotInfo,SlotNo:28 1,Scan Recipe3,F,0,
2025/03/01 16:19:27,Scheduler,LotInfo,SlotNo:29 1,Scan Recipe4,F,2504,
2025/03/01 16:19:27,Scheduler,LotInfo,SlotNo:30 1,Scan Recipe5,F,2505,
2025/03/01 16:19:27,Scheduler,LotInfo,SlotNo:31 1,Scan Recipe6,F,2506,
2025/03/01 16:19:27,Scheduler,LotInfo,SlotNo:32 1,Scan Recipe7,F,2507,
2025/03/01 16:19:27,Scheduler,LotInfo,SlotNo:33 1,Scan Recipe8,F,2508,
2025/03/01 16:19:27,Scheduler,LotInfo,SlotNo:34 1,Scan Recipe9,F,2509,
2025/03/01 16:19:27,Scheduler,LotInfo,SlotNo:35 1,Scan Recipe10,F,2510,
2025/03/01 16:19:27,Scheduler,LotInfo,SlotNo:36 1,Scan Recipe11,F,2511,
2025/03/01 16:19:27,Scheduler,LotInfo,SlotNo:37 1,Scan Recipe12,F,2512,
2025/03/01 16:19:27,Scheduler,LotInfo,SlotNo:38 1,Scan Recipe13,F,2513,
2025/03/01 16:19:27,Scheduler,LotInfo,SlotNo:39 1,Scan Recipe14,F,2514,
2025/03/01 16:19:27,Scheduler,LotInfo,SlotNo:40 1,Scan Recipe15,F,0,
2025/03/01 16:19:27,Scheduler,LotInfo,SlotNo:41 1,Scan Recipe16,F,2516,
2025/03/01 16:19:27,Scheduler,LotInfo,SlotNo:42 1,Scan Recipe17,F,2517,
2025/03/01 16:19:27,Scheduler,LotInfo,SlotNo:43 2518,Scan Recipe18,T,2518,
2025/03/01 16:19:27,Scheduler,LotInfo,SlotNo:44 2519,Scan Recipe19,T,2519,
2025/03/01 16:19:27,Scheduler,LotInfo,SlotNo:45 2520,Scan Recipe20,T,2520,
2025/03/01 16:19:27,Scheduler,LotInfo,SlotNo:46 2521,Scan Recipe21,T,2521,
2025/03/01 16:19:27,Scheduler,LotInfo,SlotNo:47 2522,Scan Recipe22,T,2522,
2025/03/01 16:19:27,Scheduler,LotInfo,SlotNo:48 2523,Scan Recipe23,T,2523,
2025/03/01 16:19:27,Scheduler,LotInfo,SlotNo:49 2524,Scan Recipe24,T,2524,
2025/03/01 16:19:27,Scheduler,LotInfo,SlotNo:50 2525,Scan Recipe25,T,2525,
2025/03/01 16:21:05,Scheduler,Transport,SetTransCompleteCheckInfo,Get Unit:2 Slot:43 Hand:2 Work:2518
2025/03/01 16:21:13,Scheduler,PlusStep,SlotNo:43 Step:3
2025/03/01 16:21:13,Scheduler,PlusStep,RESULT ROUTE:, 243GA
2025/03/01 16:21:13,Scheduler,Transport,TransComplete Unit:2 Work:2518
2025/03/01 16:21:13,Scheduler,SetupHandOff,Rotate Only 2:3,43,2,U,True
2025/03/01 16:21:19,Scheduler,Transport,SetTransCompleteCheckInfo,Put Unit:3 Slot:43 Hand:2 Work:2518
2025/03/01 16:21:19,Scheduler,Recipe Load,Unit No,3
2025/03/01 16:21:19,Scheduler,Recipe Load,Scan Recipe,C:\Measure\Bak\LotID_140241\2518_0301161948\Recipe_auto_1-2518.csv
2025/03/01 16:21:26,Scheduler,PlusStep,SlotNo:43 Step:4
2025/03/01 16:21:26,Scheduler,PlusStep,RESULT ROUTE:,243GA, 343PA
2025/03/01 16:21:26,Scheduler,Transport,TransComplete Unit:3 Work:2518
2025/03/01 16:22:59,Scheduler,SetupHandOff,Rotate Only 2:2,44,2,D,True
2025/03/01 16:23:04,Scheduler,Transport,SetTransCompleteCheckInfo,Get Unit:2 Slot:44 Hand:2 Work:2519
2025/03/01 16:23:12,Scheduler,PlusStep,SlotNo:44 Step:3
2025/03/01 16:23:12,Scheduler,PlusStep,RESULT ROUTE:, 244GA
2025/03/01 16:23:12,Scheduler,Transport,TransComplete Unit:2 Work:2519
2025/03/01 16:23:12,Scheduler,SetupHandOff,Rotate Only 1
2025/03/01 16:23:12,Scheduler,SetupHandOff,Status:3,44,GOTO,D,True
2025/03/01 16:28:42,Scheduler,Transport,SetTransCompleteCheckInfo,Get Unit:3 Slot:1 Hand:1 Work:2518
2025/03/01 16:28:52,Scheduler,PlusStep,SlotNo:43 Step:5
2025/03/01 16:28:52,Scheduler,PlusStep,RESULT ROUTE:,243GA,343PA, 343GB
2025/03/01 16:28:52,Scheduler,Transport,TransComplete Unit:3 Work:2518
2025/03/01 16:28:53,Scheduler,Transport,SetTransCompleteCheckInfo,Put Unit:3 Slot:44 Hand:2 Work:2519
2025/03/01 16:28:53,Scheduler,Recipe Load,Unit No,3
2025/03/01 16:28:53,Scheduler,Recipe Load,Scan Recipe,C:\Measure\Bak\LotID_140241\2519_0301162145\Recipe_auto_2-2519.csv
2025/03/01 16:29:03,Scheduler,PlusStep,SlotNo:44 Step:4
2025/03/01 16:29:03,Scheduler,PlusStep,RESULT ROUTE:,244GA, 344PA
2025/03/01 16:29:03,Scheduler,Transport,TransComplete Unit:3 Work:2519
2025/03/01 16:29:03,Scheduler,SetupHandOff,Rotate Only 2:1,43,1,U,True
2025/03/01 16:29:09,Scheduler,Transport,SetTransCompleteCheckInfo,Put Unit:1 Slot:43 Hand:1 Work:2518
2025/03/01 16:29:09,Scheduler,Recipe Load,Unit No,1
2025/03/01 16:29:17,Scheduler,PlusStep,SlotNo:43 Step:6
2025/03/01 16:29:17,Scheduler,PlusStep,RESULT ROUTE:,243GA,343PA,343GB, 143PB
2025/03/01 16:29:17,Scheduler,Transport,TransComplete Unit:1 Work:2518
2025/03/01 16:29:17,Scheduler,SetupHandOff,Rotate Only 2:2,45,2,D,True
2025/03/01 16:29:18,Scheduler,Transport,SetTransCompleteCheckInfo,Get Unit:2 Slot:45 Hand:2 Work:2520
2025/03/01 16:29:26,Scheduler,PlusStep,SlotNo:45 Step:3
2025/03/01 16:29:26,Scheduler,PlusStep,RESULT ROUTE:, 245GA
2025/03/01 16:29:26,Scheduler,Transport,TransComplete Unit:2 Work:2520
2025/03/01 16:29:26,Scheduler,SetupHandOff,Rotate Only 1
2025/03/01 16:29:26,Scheduler,SetupHandOff,Status:3,45,GOTO,D,True
2025/03/01 16:36:50,Scheduler,Transport,SetTransCompleteCheckInfo,Get Unit:3 Slot:1 Hand:1 Work:2519
2025/03/01 16:37:00,Scheduler,PlusStep,SlotNo:44 Step:5
2025/03/01 16:37:00,Scheduler,PlusStep,RESULT ROUTE:,244GA,344PA, 344GB
2025/03/01 16:37:00,Scheduler,Transport,TransComplete Unit:3 Work:2519
2025/03/01 16:37:01,Scheduler,Transport,SetTransCompleteCheckInfo,Put Unit:3 Slot:45 Hand:2 Work:2520
2025/03/01 16:37:01,Scheduler,Recipe Load,Unit No,3
2025/03/01 16:37:01,Scheduler,Recipe Load,Scan Recipe,C:\Measure\Bak\LotID_140241\2520_0301162343\Recipe_auto_3-2520.csv
2025/03/01 16:37:11,Scheduler,PlusStep,SlotNo:45 Step:4
2025/03/01 16:37:11,Scheduler,PlusStep,RESULT ROUTE:,245GA, 345PA
2025/03/01 16:37:11,Scheduler,Transport,TransComplete Unit:3 Work:2520
2025/03/01 16:37:11,Scheduler,SetupHandOff,Rotate Only 2:1,44,1,U,True
2025/03/01 16:37:17,Scheduler,Transport,SetTransCompleteCheckInfo,Put Unit:1 Slot:44 Hand:1 Work:2519
2025/03/01 16:37:17,Scheduler,Recipe Load,Unit No,1
2025/03/01 16:37:24,Scheduler,PlusStep,SlotNo:44 Step:6
2025/03/01 16:37:24,Scheduler,PlusStep,RESULT ROUTE:,244GA,344PA,344GB, 144PB
2025/03/01 16:37:24,Scheduler,Transport,TransComplete Unit:1 Work:2519
2025/03/01 16:37:24,Scheduler,SetupHandOff,Rotate Only 2:2,46,2,D,True
2025/03/01 16:37:26,Scheduler,Transport,SetTransCompleteCheckInfo,Get Unit:2 Slot:46 Hand:2 Work:2521
2025/03/01 16:37:33,Scheduler,PlusStep,SlotNo:46 Step:3
2025/03/01 16:37:33,Scheduler,PlusStep,RESULT ROUTE:, 246GA
2025/03/01 16:37:33,Scheduler,Transport,TransComplete Unit:2 Work:2521
2025/03/01 16:37:33,Scheduler,SetupHandOff,Rotate Only 1
2025/03/01 16:37:33,Scheduler,SetupHandOff,Status:3,46,GOTO,D,True
2025/03/01 16:44:03,Scheduler,Transport,SetTransCompleteCheckInfo,Get Unit:3 Slot:1 Hand:1 Work:2520
2025/03/01 16:44:13,Scheduler,PlusStep,SlotNo:45 Step:5
2025/03/01 16:44:13,Scheduler,PlusStep,RESULT ROUTE:,245GA,345PA, 345GB
2025/03/01 16:44:13,Scheduler,Transport,TransComplete Unit:3 Work:2520
2025/03/01 16:44:13,Scheduler,Transport,SetTransCompleteCheckInfo,Put Unit:3 Slot:46 Hand:2 Work:2521
2025/03/01 16:44:13,Scheduler,Recipe Load,Unit No,3
2025/03/01 16:44:13,Scheduler,Recipe Load,Scan Recipe,C:\Measure\Bak\LotID_140241\2521_0301163052\Recipe_auto_4-2521.csv
2025/03/01 16:44:23,Scheduler,PlusStep,SlotNo:46 Step:4
2025/03/01 16:44:23,Scheduler,PlusStep,RESULT ROUTE:,246GA, 346PA
2025/03/01 16:44:23,Scheduler,Transport,TransComplete Unit:3 Work:2521
2025/03/01 16:44:23,Scheduler,SetupHandOff,Rotate Only 2:1,45,1,U,True
2025/03/01 16:44:29,Scheduler,Transport,SetTransCompleteCheckInfo,Put Unit:1 Slot:45 Hand:1 Work:2520
2025/03/01 16:44:29,Scheduler,Recipe Load,Unit No,1
2025/03/01 16:44:37,Scheduler,PlusStep,SlotNo:45 Step:6
2025/03/01 16:44:37,Scheduler,PlusStep,RESULT ROUTE:,245GA,345PA,345GB, 145PB
2025/03/01 16:44:37,Scheduler,Transport,TransComplete Unit:1 Work:2520
2025/03/01 16:44:37,Scheduler,SetupHandOff,Rotate Only 2:2,47,2,D,True
2025/03/01 16:44:38,Scheduler,Transport,SetTransCompleteCheckInfo,Get Unit:2 Slot:47 Hand:2 Work:2522
2025/03/01 16:44:46,Scheduler,PlusStep,SlotNo:47 Step:3
2025/03/01 16:44:46,Scheduler,PlusStep,RESULT ROUTE:, 247GA
2025/03/01 16:44:46,Scheduler,Transport,TransComplete Unit:2 Work:2522
2025/03/01 16:44:46,Scheduler,SetupHandOff,Rotate Only 1
2025/03/01 16:44:46,Scheduler,SetupHandOff,Status:3,47,GOTO,D,True
2025/03/01 16:51:33,Scheduler,Lot Cancel:Abort,Port:2 Slotr No:46
2025/03/01 16:51:33,Scheduler,Lot Cancel:Abort,Port:2 Slotr No:47
2025/03/01 16:51:33,Scheduler,Lot Cancel:Skip,Port:2 Slotr No:48
2025/03/01 16:51:33,Scheduler,Lot Cancel:Skip,Port:2 Slotr No:49
2025/03/01 16:51:33,Scheduler,Lot Cancel:Skip,Port:2 Slotr No:50
2025/03/01 17:12:32,Scheduler,Main,APP START : D2216 Sceduler(Ver1.0.7.0) 2024.11.26
