2025/03/22 10:13:10,Send: TFMS1000319BMSTS
2025/03/22 10:13:10,Receive: TFMS1000319AMSTS,0
2025/03/22 10:13:12,Send: TFMS1000320BMFST,
2025/03/22 10:13:12,Receive: TFMS1000320AMFST
2025/03/22 10:13:13,Send: TFMS1000321BMSTS
2025/03/22 10:13:13,Receive: TFMS1000321AMSTS,2
2025/03/22 10:13:14,Send: TFMS1000322BMSTS
2025/03/22 10:13:15,Receive: TFMS1000322AMSTS,2
2025/03/22 10:13:15,Send: TFMS1000323BMSTS
2025/03/22 10:13:15,Receive: TFMS1000323AMSTS,2
2025/03/22 10:13:15,Send: TFMS1000324BMSTS
2025/03/22 10:13:16,Receive: TFMS1000324AMSTS,2
2025/03/22 10:13:16,Send: TFMS1000325BMSTS
2025/03/22 10:13:16,Receive: TFMS1000325AMSTS,2
2025/03/22 10:13:16,Send: TFMS1000326BMSTS
2025/03/22 10:13:16,Receive: TFMS1000326AMSTS,2
2025/03/22 10:13:17,Send: TFMS1000327BMSTS
2025/03/22 10:13:17,Receive: TFMS1000327AMSTS,1
2025/03/22 10:14:22,Send: TFMS1000328BMMST,LotID_154043,1025,SiO2 on Si,MAP0
2025/03/22 10:14:23,Receive: TFMS1000328AMMST,1025
2025/03/22 10:15:23,Send: TFMS1000329BMSTS
2025/03/22 10:15:24,Receive: TFMS1000329AMSTS,3
2025/03/22 10:16:30,Send: TFMS1000330BMSTS
2025/03/22 10:16:30,Receive: TFMS1000330AMSTS,3
2025/03/22 10:17:36,Send: TFMS1000331BMSTS
2025/03/22 10:17:36,Receive: TFMS1000331AMSTS,3
2025/03/22 10:18:42,Send: TFMS1000332BMSTS
2025/03/22 10:18:42,Receive: TFMS1000332AMSTS,3
2025/03/22 10:19:48,Send: TFMS1000333BMSTS
2025/03/22 10:19:48,Receive: TFMS1000333AMSTS,3
2025/03/22 10:20:54,Send: TFMS1000334BMSTS
2025/03/22 10:20:54,Receive: TFMS1000334AMSTS,3
2025/03/22 10:21:03,Send: TFMS1000335BMSTS
2025/03/22 10:21:03,Receive: TFMS1000335AMSTS,2
2025/03/22 10:21:15,Send: TFMS1000336BMSTS
2025/03/22 10:21:15,Receive: TFMS1000336AMSTS,5
2025/03/22 10:21:21,Send: TFMS1000337BMFED,
2025/03/22 10:21:21,Receive: TFMS1000337AMFED,
2025/03/22 10:25:17,Send: TFMS1000338BMSTS
2025/03/22 10:25:17,Receive: TFMS1000338AMSTS,5
2025/03/22 10:46:36,Send: TFMS1000339BMSTS
2025/03/22 10:46:36,Receive: TFMS1000339AMSTS,5
2025/03/22 10:47:06,Send: TFMS1000340BMMST,LotID_154043,1025,SiO2 on Si,MAP0
2025/03/22 10:47:06,Receive: TFMS1000340AMMST,1025
2025/03/22 10:47:08,Send: TFMS1000341BMSTS
2025/03/22 10:47:09,Receive: TFMS1000341AMSTS,3
2025/03/22 10:47:21,Send: TFMS1000342BMSTS
2025/03/22 10:47:21,Receive: TFMS1000342AMSTS,3
2025/03/22 10:47:34,Send: TFMS1000343BMSTS
2025/03/22 10:47:34,Receive: TFMS1000343AMSTS,3
2025/03/22 10:47:47,Send: TFMS1000344BMSTS
2025/03/22 10:47:47,Receive: TFMS1000344AMSTS,3
2025/03/22 10:48:00,Send: TFMS1000345BMSTS
2025/03/22 10:48:00,Receive: TFMS1000345AMSTS,3
2025/03/22 10:48:13,Send: TFMS1000346BMSTS
2025/03/22 10:48:13,Receive: TFMS1000346AMSTS,3
2025/03/22 10:48:26,Send: TFMS1000347BMSTS
2025/03/22 10:48:26,Receive: TFMS1000347AMSTS,3
2025/03/22 10:48:39,Send: TFMS1000348BMSTS
2025/03/22 10:48:39,Receive: TFMS1000348AMSTS,3
2025/03/22 10:48:52,Send: TFMS1000349BMSTS
2025/03/22 10:48:52,Receive: TFMS1000349AMSTS,3
2025/03/22 10:49:05,Send: TFMS1000350BMSTS
2025/03/22 10:49:05,Receive: TFMS1000350AMSTS,3
2025/03/22 10:49:18,Send: TFMS1000351BMSTS
2025/03/22 10:49:18,Receive: TFMS1000351AMSTS,3
2025/03/22 10:49:31,Send: TFMS1000352BMSTS
2025/03/22 10:49:31,Receive: TFMS1000352AMSTS,3
2025/03/22 10:49:44,Send: TFMS1000353BMSTS
2025/03/22 10:49:44,Receive: TFMS1000353AMSTS,3
2025/03/22 10:49:57,Send: TFMS1000354BMSTS
2025/03/22 10:49:57,Receive: TFMS1000354AMSTS,3
2025/03/22 10:50:10,Send: TFMS1000355BMSTS
2025/03/22 10:50:10,Receive: TFMS1000355AMSTS,3
2025/03/22 10:50:23,Send: TFMS1000356BMSTS
2025/03/22 10:50:23,Receive: TFMS1000356AMSTS,3
2025/03/22 10:50:36,Send: TFMS1000357BMSTS
2025/03/22 10:50:36,Receive: TFMS1000357AMSTS,3
2025/03/22 10:50:49,Send: TFMS1000358BMSTS
2025/03/22 10:50:49,Receive: TFMS1000358AMSTS,3
2025/03/22 10:51:02,Send: TFMS1000359BMSTS
2025/03/22 10:51:02,Receive: TFMS1000359AMSTS,3
2025/03/22 10:51:15,Send: TFMS1000360BMSTS
2025/03/22 10:51:15,Receive: TFMS1000360AMSTS,3
2025/03/22 10:51:28,Send: TFMS1000361BMSTS
2025/03/22 10:51:28,Receive: TFMS1000361AMSTS,3
2025/03/22 10:51:41,Send: TFMS1000362BMSTS
2025/03/22 10:51:41,Receive: TFMS1000362AMSTS,3
2025/03/22 10:51:54,Send: TFMS1000363BMSTS
2025/03/22 10:51:54,Receive: TFMS1000363AMSTS,3
2025/03/22 10:52:07,Send: TFMS1000364BMSTS
2025/03/22 10:52:07,Receive: TFMS1000364AMSTS,3
2025/03/22 10:52:20,Send: TFMS1000365BMSTS
2025/03/22 10:52:20,Receive: TFMS1000365AMSTS,3
2025/03/22 10:52:33,Send: TFMS1000366BMSTS
2025/03/22 10:52:33,Receive: TFMS1000366AMSTS,3
2025/03/22 10:52:46,Send: TFMS1000367BMSTS
2025/03/22 10:52:46,Receive: TFMS1000367AMSTS,3
2025/03/22 10:52:59,Send: TFMS1000368BMSTS
2025/03/22 10:52:59,Receive: TFMS1000368AMSTS,3
2025/03/22 10:53:12,Send: TFMS1000369BMSTS
2025/03/22 10:53:12,Receive: TFMS1000369AMSTS,3
2025/03/22 10:53:25,Send: TFMS1000370BMSTS
2025/03/22 10:53:25,Receive: TFMS1000370AMSTS,3
2025/03/22 10:53:38,Send: TFMS1000371BMSTS
2025/03/22 10:53:39,Receive: TFMS1000371AMSTS,3
2025/03/22 10:53:51,Send: TFMS1000372BMSTS
2025/03/22 10:53:51,Receive: TFMS1000372AMSTS,2
2025/03/22 10:54:04,Send: TFMS1000373BMSTS
2025/03/22 10:54:04,Receive: TFMS1000373AMSTS,5
2025/03/22 10:54:11,Send: TFMS1000374BMFED,
2025/03/22 10:54:11,Receive: TFMS1000374AMFED,
2025/03/22 10:56:42,Send: TFMS1000375BMSTS
2025/03/22 10:56:42,Receive: TFMS1000375AMSTS,5
2025/03/22 11:07:05,Send: TFMS1000376BMSTS
2025/03/22 11:07:06,Receive: TFMS1000376AMSTS,5
2025/03/22 11:07:46,Send: TFMS1000377BMMST,LotID_154043,1025,SiO2 on Si,MAP0
2025/03/22 11:07:47,Receive: TFMS1000377AMMST,1025
2025/03/22 11:07:48,Send: TFMS1000378BMSTS
2025/03/22 11:07:51,Receive: TFMS1000378AMSTS,3
2025/03/22 11:08:02,Send: TFMS1000379BMSTS
2025/03/22 11:08:03,Receive: TFMS1000379AMSTS,3
2025/03/22 11:08:15,Send: TFMS1000380BMSTS
2025/03/22 11:08:16,Receive: TFMS1000380AMSTS,3
2025/03/22 11:08:28,Send: TFMS1000381BMSTS
2025/03/22 11:08:29,Receive: TFMS1000381AMSTS,3
2025/03/22 11:08:41,Send: TFMS1000382BMSTS
2025/03/22 11:08:42,Receive: TFMS1000382AMSTS,3
2025/03/22 11:08:54,Send: TFMS1000383BMSTS
2025/03/22 11:08:55,Receive: TFMS1000383AMSTS,3
2025/03/22 11:09:08,Send: TFMS1000384BMSTS
2025/03/22 11:09:08,Receive: TFMS1000384AMSTS,3
2025/03/22 11:09:21,Send: TFMS1000385BMSTS
2025/03/22 11:09:21,Receive: TFMS1000385AMSTS,3
2025/03/22 11:09:34,Send: TFMS1000386BMSTS
2025/03/22 11:09:34,Receive: TFMS1000386AMSTS,3
2025/03/22 11:09:47,Send: TFMS1000387BMSTS
2025/03/22 11:09:47,Receive: TFMS1000387AMSTS,3
2025/03/22 11:10:00,Send: TFMS1000388BMSTS
2025/03/22 11:10:00,Receive: TFMS1000388AMSTS,3
2025/03/22 11:10:13,Send: TFMS1000389BMSTS
2025/03/22 11:10:13,Receive: TFMS1000389AMSTS,3
2025/03/22 11:10:26,Send: TFMS1000390BMSTS
2025/03/22 11:10:26,Receive: TFMS1000390AMSTS,3
2025/03/22 11:10:39,Send: TFMS1000391BMSTS
2025/03/22 11:10:39,Receive: TFMS1000391AMSTS,3
2025/03/22 11:10:52,Send: TFMS1000392BMSTS
2025/03/22 11:10:52,Receive: TFMS1000392AMSTS,3
2025/03/22 11:11:05,Send: TFMS1000393BMSTS
2025/03/22 11:11:05,Receive: TFMS1000393AMSTS,3
2025/03/22 11:11:18,Send: TFMS1000394BMSTS
2025/03/22 11:11:18,Receive: TFMS1000394AMSTS,3
2025/03/22 11:11:27,Send: TFMS1000395BMFST,
2025/03/22 11:11:27,Receive: TFMS1000395AMFST
2025/03/22 11:11:28,Send: TFMS1000396BMSTS
2025/03/22 11:11:28,Receive: TFMS1000396AMSTS,3
2025/03/22 11:11:29,Send: TFMS1000397BMSTS
2025/03/22 11:11:29,Receive: TFMS1000397AMSTS,3
2025/03/22 11:11:30,Send: TFMS1000398BMSTS
2025/03/22 11:11:30,Receive: TFMS1000398AMSTS,3
2025/03/22 11:11:31,Send: TFMS1000399BMSTS
2025/03/22 11:11:31,Receive: TFMS1000399AMSTS,3
2025/03/22 11:11:32,Send: TFMS1000400BMSTS
2025/03/22 11:11:32,Receive: TFMS1000400AMSTS,3
2025/03/22 11:11:33,Send: TFMS1000401BMSTS
2025/03/22 11:11:33,Receive: TFMS1000401AMSTS,3
2025/03/22 11:12:09,Send: TFMS1000402BMFST,
2025/03/22 11:12:09,Receive: TFMS1000402AMFST
2025/03/22 11:12:10,Send: TFMS1000403BMSTS
2025/03/22 11:12:10,Receive: TFMS1000403AMSTS,2
2025/03/22 11:12:11,Send: TFMS1000404BMSTS
2025/03/22 11:12:11,Receive: TFMS1000404AMSTS,2
2025/03/22 11:12:12,Send: TFMS1000405BMSTS
2025/03/22 11:12:12,Receive: TFMS1000405AMSTS,2
2025/03/22 11:12:13,Send: TFMS1000406BMSTS
2025/03/22 11:12:13,Receive: TFMS1000406AMSTS,2
2025/03/22 11:12:14,Send: TFMS1000407BMSTS
2025/03/22 11:12:14,Receive: TFMS1000407AMSTS,0
2025/03/22 11:12:15,Send: TFMS1000408BMSTS
2025/03/22 11:12:15,Receive: TFMS1000408AMSTS,0
2025/03/22 11:12:16,Send: TFMS1000409BMSTS
2025/03/22 11:12:16,Receive: TFMS1000409AMSTS,0
2025/03/22 11:12:17,Send: TFMS1000410BMSTS
2025/03/22 11:12:17,Receive: TFMS1000410AMSTS,0
2025/03/22 11:12:18,Send: TFMS1000411BMSTS
2025/03/22 11:12:18,Receive: TFMS1000411AMSTS,0
2025/03/22 11:12:19,Send: TFMS1000412BMSTS
2025/03/22 11:12:19,Receive: TFMS1000412AMSTS,0
2025/03/22 11:12:20,Send: TFMS1000413BMSTS
2025/03/22 11:12:20,Receive: TFMS1000413AMSTS,0
2025/03/22 11:12:21,Send: TFMS1000414BMSTS
2025/03/22 11:12:21,Receive: TFMS1000414AMSTS,2
2025/03/22 11:12:22,Send: TFMS1000415BMSTS
2025/03/22 11:12:22,Receive: TFMS1000415AMSTS,2
2025/03/22 11:12:23,Send: TFMS1000416BMSTS
2025/03/22 11:12:23,Receive: TFMS1000416AMSTS,2
2025/03/22 11:12:24,Send: TFMS1000417BMSTS
2025/03/22 11:12:24,Receive: TFMS1000417AMSTS,2
2025/03/22 11:12:25,Send: TFMS1000418BMSTS
2025/03/22 11:12:25,Receive: TFMS1000418AMSTS,1
2025/03/22 11:12:33,Send: TFMS1000419BMSTS
2025/03/22 11:12:33,Receive: TFMS1000419AMSTS,1
2025/03/22 11:14:26,Send: TFMS1000420BMSTS
2025/03/22 11:14:27,Receive: TFMS1000420AMSTS,1
2025/03/22 11:14:56,Send: TFMS1000421BMMST,LotID_154043,1125,SiO2 on Si,MAP0
2025/03/22 11:14:56,Receive: TFMS1000421AMMST,1125
2025/03/22 11:15:57,Send: TFMS1000422BMSTS
2025/03/22 11:15:57,Receive: TFMS1000422AMSTS,3
2025/03/22 11:17:03,Send: TFMS1000423BMSTS
2025/03/22 11:17:03,Receive: TFMS1000423AMSTS,3
2025/03/22 11:18:09,Send: TFMS1000424BMSTS
2025/03/22 11:18:09,Receive: TFMS1000424AMSTS,3
2025/03/22 11:19:15,Send: TFMS1000425BMSTS
2025/03/22 11:19:16,Receive: TFMS1000425AMSTS,3
2025/03/22 11:20:21,Send: TFMS1000426BMSTS
2025/03/22 11:20:22,Receive: TFMS1000426AMSTS,3
2025/03/22 11:21:28,Send: TFMS1000427BMSTS
2025/03/22 11:21:28,Receive: TFMS1000427AMSTS,3
2025/03/22 11:21:36,Send: TFMS1000428BMSTS
2025/03/22 11:21:36,Receive: TFMS1000428AMSTS,2
2025/03/22 11:21:48,Send: TFMS1000429BMSTS
2025/03/22 11:21:48,Receive: TFMS1000429AMSTS,5
2025/03/22 11:21:54,Send: TFMS1000430BMFED,
2025/03/22 11:21:54,Receive: TFMS1000430AMFED,
2025/03/22 11:22:27,Send: TFMS1000431BMSTS
2025/03/22 11:22:28,Receive: TFMS1000431AMSTS,5
2025/03/22 11:32:24,Send: TFMS1000432BMSTS
2025/03/22 11:32:24,Receive: TFMS1000432AMSTS,5
2025/03/22 11:32:52,Send: TFMS1000433BMMST,LotID_154043,1125,SiO2 on Si,MAP0
2025/03/22 11:32:52,Receive: TFMS1000433AMMST,1125
2025/03/22 11:32:54,Send: TFMS1000434BMSTS
2025/03/22 11:32:55,Receive: TFMS1000434AMSTS,3
2025/03/22 11:33:07,Send: TFMS1000435BMSTS
2025/03/22 11:33:07,Receive: TFMS1000435AMSTS,3
2025/03/22 11:33:20,Send: TFMS1000436BMSTS
2025/03/22 11:33:20,Receive: TFMS1000436AMSTS,3
2025/03/22 11:33:33,Send: TFMS1000437BMSTS
2025/03/22 11:33:33,Receive: TFMS1000437AMSTS,3
2025/03/22 11:33:46,Send: TFMS1000438BMSTS
2025/03/22 11:33:46,Receive: TFMS1000438AMSTS,3
2025/03/22 11:33:59,Send: TFMS1000439BMSTS
2025/03/22 11:33:59,Receive: TFMS1000439AMSTS,3
2025/03/22 11:34:12,Send: TFMS1000440BMSTS
2025/03/22 11:34:12,Receive: TFMS1000440AMSTS,3
2025/03/22 11:34:25,Send: TFMS1000441BMSTS
2025/03/22 11:34:25,Receive: TFMS1000441AMSTS,3
2025/03/22 11:34:38,Send: TFMS1000442BMSTS
2025/03/22 11:34:38,Receive: TFMS1000442AMSTS,3
2025/03/22 11:34:51,Send: TFMS1000443BMSTS
2025/03/22 11:34:51,Receive: TFMS1000443AMSTS,3
2025/03/22 11:35:04,Send: TFMS1000444BMSTS
2025/03/22 11:35:04,Receive: TFMS1000444AMSTS,3
2025/03/22 11:35:17,Send: TFMS1000445BMSTS
2025/03/22 11:35:17,Receive: TFMS1000445AMSTS,3
2025/03/22 11:35:30,Send: TFMS1000446BMSTS
2025/03/22 11:35:30,Receive: TFMS1000446AMSTS,3
2025/03/22 11:35:43,Send: TFMS1000447BMSTS
2025/03/22 11:35:43,Receive: TFMS1000447AMSTS,3
2025/03/22 11:35:56,Send: TFMS1000448BMSTS
2025/03/22 11:35:56,Receive: TFMS1000448AMSTS,3
2025/03/22 11:36:09,Send: TFMS1000449BMSTS
2025/03/22 11:36:09,Receive: TFMS1000449AMSTS,3
2025/03/22 11:36:22,Send: TFMS1000450BMSTS
2025/03/22 11:36:22,Receive: TFMS1000450AMSTS,3
2025/03/22 11:36:35,Send: TFMS1000451BMSTS
2025/03/22 11:36:35,Receive: TFMS1000451AMSTS,3
2025/03/22 11:36:48,Send: TFMS1000452BMSTS
2025/03/22 11:36:48,Receive: TFMS1000452AMSTS,3
2025/03/22 11:37:01,Send: TFMS1000453BMSTS
2025/03/22 11:37:01,Receive: TFMS1000453AMSTS,3
2025/03/22 11:37:14,Send: TFMS1000454BMSTS
2025/03/22 11:37:14,Receive: TFMS1000454AMSTS,3
2025/03/22 11:37:27,Send: TFMS1000455BMSTS
2025/03/22 11:37:27,Receive: TFMS1000455AMSTS,3
2025/03/22 11:37:40,Send: TFMS1000456BMSTS
2025/03/22 11:37:40,Receive: TFMS1000456AMSTS,3
2025/03/22 11:37:53,Send: TFMS1000457BMSTS
2025/03/22 11:37:53,Receive: TFMS1000457AMSTS,3
2025/03/22 11:38:06,Send: TFMS1000458BMSTS
2025/03/22 11:38:06,Receive: TFMS1000458AMSTS,3
2025/03/22 11:38:19,Send: TFMS1000459BMSTS
2025/03/22 11:38:19,Receive: TFMS1000459AMSTS,3
2025/03/22 11:38:32,Send: TFMS1000460BMSTS
2025/03/22 11:38:32,Receive: TFMS1000460AMSTS,3
2025/03/22 11:38:45,Send: TFMS1000461BMSTS
2025/03/22 11:38:45,Receive: TFMS1000461AMSTS,3
2025/03/22 11:38:58,Send: TFMS1000462BMSTS
2025/03/22 11:38:59,Receive: TFMS1000462AMSTS,3
2025/03/22 11:39:11,Send: TFMS1000463BMSTS
2025/03/22 11:39:11,Receive: TFMS1000463AMSTS,3
2025/03/22 11:39:24,Send: TFMS1000464BMSTS
2025/03/22 11:39:24,Receive: TFMS1000464AMSTS,3
2025/03/22 11:39:37,Send: TFMS1000465BMSTS
2025/03/22 11:39:37,Receive: TFMS1000465AMSTS,2
2025/03/22 11:39:50,Send: TFMS1000466BMSTS
2025/03/22 11:39:50,Receive: TFMS1000466AMSTS,5
2025/03/22 11:39:56,Send: TFMS1000467BMFED,
2025/03/22 11:39:56,Receive: TFMS1000467AMFED,
2025/03/22 12:13:11,Send: TFMS1000468BMSTS
2025/03/22 12:13:11,Receive: TFMS1000468AMSTS,5
2025/03/22 12:35:27,Send: TFMS1000469BMSTS
2025/03/22 12:35:28,Receive: TFMS1000469AMSTS,5
2025/03/22 12:36:23,Send: TFMS1000470BMMST,LotID_154043,1201,SiO2(PtoP Ref:LN Device),MAP17
2025/03/22 12:36:23,Receive: TFMS1000470AMMST,1201
2025/03/22 12:37:24,Send: TFMS1000471BMSTS
2025/03/22 12:37:24,Receive: TFMS1000471AMSTS,3
2025/03/22 12:38:30,Send: TFMS1000472BMSTS
2025/03/22 12:38:30,Receive: TFMS1000472AMSTS,3
2025/03/22 12:39:36,Send: TFMS1000473BMSTS
2025/03/22 12:39:36,Receive: TFMS1000473AMSTS,3
2025/03/22 12:39:56,Send: TFMS1000474BMSTS
2025/03/22 12:39:57,Receive: TFMS1000474AMSTS,2
2025/03/22 12:40:08,Send: TFMS1000475BMSTS
2025/03/22 12:40:09,Receive: TFMS1000475AMSTS,5
2025/03/22 12:40:15,Send: TFMS1000476BMFED,
2025/03/22 12:40:15,Receive: TFMS1000476AMFED,
2025/03/22 12:40:26,Send: TFMS1000477BMSTS
2025/03/22 12:40:26,Receive: TFMS1000477AMSTS,5
2025/03/22 14:20:39,Send: TFMS1000478BMSTS
2025/03/22 14:20:39,Receive: TFMS1000478AMSTS,5
2025/03/22 14:21:11,Send: TFMS1000479BMMST,LotID_154043,1306,SiO2(PtoP Ref:LN Device),MAP17
2025/03/22 14:21:11,Receive: TFMS1000479AMMST,1306
2025/03/22 14:22:12,Send: TFMS1000480BMSTS
2025/03/22 14:22:12,Receive: TFMS1000480AMSTS,3
2025/03/22 14:26:15,Send: TFMS1000481BMFST,
2025/03/22 14:26:16,Receive: TFMS1000481AMFST
2025/03/22 14:26:16,Send: TFMS1000482BMSTS
2025/03/22 14:26:17,Receive: TFMS1000482AMSTS,1
2025/03/22 14:26:19,Send: TFMS1000483BMSTS
2025/03/22 14:26:19,Receive: TFMS1000483AMSTS,1
2025/03/22 14:28:13,Send: TFMS1000484BMSTS
2025/03/22 14:28:13,Receive: TFMS1000484AMSTS,1
2025/03/22 14:28:33,Send: TFMS1000485BMMST,LotID_154043,1302,SiO2(PtoP Ref:LN Device),MAP17
2025/03/22 14:28:33,Receive: TFMS1000485AMMST,1302
2025/03/22 14:29:34,Send: TFMS1000486BMSTS
2025/03/22 14:29:34,Receive: TFMS1000486AMSTS,3
2025/03/22 14:30:40,Send: TFMS1000487BMSTS
2025/03/22 14:30:40,Receive: TFMS1000487AMSTS,3
2025/03/22 14:31:46,Send: TFMS1000488BMSTS
2025/03/22 14:31:46,Receive: TFMS1000488AMSTS,3
2025/03/22 14:32:11,Send: TFMS1000489BMSTS
2025/03/22 14:32:11,Receive: TFMS1000489AMSTS,2
2025/03/22 14:32:23,Send: TFMS1000490BMSTS
2025/03/22 14:32:23,Receive: TFMS1000490AMSTS,5
2025/03/22 14:32:29,Send: TFMS1000491BMFED,
2025/03/22 14:32:29,Receive: TFMS1000491AMFED,
2025/03/22 14:32:30,Send: TFMS1000492BMSTS
2025/03/22 14:32:30,Receive: TFMS1000492AMSTS,5
2025/03/22 14:33:11,Send: TFMS1000493BMSTS
2025/03/22 14:33:11,Receive: TFMS1000493AMSTS,5
2025/03/22 14:33:30,Send: TFMS1000494BMMST,LotID_154043,1303,SiO2(PtoP Ref:LN Device),MAP17
2025/03/22 14:33:30,Receive: TFMS1000494AMMST,1303
2025/03/22 14:34:31,Send: TFMS1000495BMSTS
2025/03/22 14:34:31,Receive: TFMS1000495AMSTS,3
2025/03/22 14:35:37,Send: TFMS1000496BMSTS
2025/03/22 14:35:37,Receive: TFMS1000496AMSTS,3
2025/03/22 14:36:43,Send: TFMS1000497BMSTS
2025/03/22 14:36:43,Receive: TFMS1000497AMSTS,3
2025/03/22 14:37:09,Send: TFMS1000498BMSTS
2025/03/22 14:37:09,Receive: TFMS1000498AMSTS,2
2025/03/22 14:37:21,Send: TFMS1000499BMSTS
2025/03/22 14:37:22,Receive: TFMS1000499AMSTS,5
2025/03/22 14:37:28,Send: TFMS1000500BMFED,
2025/03/22 14:37:28,Receive: TFMS1000500AMFED,
2025/03/22 14:37:29,Send: TFMS1000501BMSTS
2025/03/22 14:37:29,Receive: TFMS1000501AMSTS,5
2025/03/22 14:37:56,Send: TFMS1000502BMSTS
2025/03/22 14:37:56,Receive: TFMS1000502AMSTS,5
2025/03/22 14:38:16,Send: TFMS1000503BMMST,LotID_154043,1304,SiO2(PtoP Ref:LN Device),MAP17
2025/03/22 14:38:16,Receive: TFMS1000503AMMST,1304
2025/03/22 14:39:17,Send: TFMS1000504BMSTS
2025/03/22 14:39:17,Receive: TFMS1000504AMSTS,3
2025/03/22 14:40:23,Send: TFMS1000505BMSTS
2025/03/22 14:40:23,Receive: TFMS1000505AMSTS,3
2025/03/22 14:41:29,Send: TFMS1000506BMSTS
2025/03/22 14:41:29,Receive: TFMS1000506AMSTS,3
2025/03/22 14:41:55,Send: TFMS1000507BMSTS
2025/03/22 14:41:55,Receive: TFMS1000507AMSTS,2
2025/03/22 14:42:07,Send: TFMS1000508BMSTS
2025/03/22 14:42:07,Receive: TFMS1000508AMSTS,5
2025/03/22 14:42:13,Send: TFMS1000509BMFED,
2025/03/22 14:42:13,Receive: TFMS1000509AMFED,
2025/03/22 14:42:14,Send: TFMS1000510BMSTS
2025/03/22 14:42:14,Receive: TFMS1000510AMSTS,5
2025/03/22 15:23:51,Send: TFMS1000511BMSTS
2025/03/22 15:23:51,Receive: TFMS1000511AMSTS,5
2025/03/22 15:24:29,Send: TFMS1000512BMMST,LotID_154043,1525,SiO2 on Si,MAP0
2025/03/22 15:24:29,Receive: TFMS1000512AMMST,1525
2025/03/22 15:25:30,Send: TFMS1000513BMSTS
2025/03/22 15:25:30,Receive: TFMS1000513AMSTS,3
2025/03/22 15:26:36,Send: TFMS1000514BMSTS
2025/03/22 15:26:36,Receive: TFMS1000514AMSTS,3
2025/03/22 15:27:43,Send: TFMS1000515BMSTS
2025/03/22 15:27:43,Receive: TFMS1000515AMSTS,3
2025/03/22 15:28:49,Send: TFMS1000516BMSTS
2025/03/22 15:28:49,Receive: TFMS1000516AMSTS,3
2025/03/22 15:29:55,Send: TFMS1000517BMSTS
2025/03/22 15:29:55,Receive: TFMS1000517AMSTS,3
2025/03/22 15:31:01,Send: TFMS1000518BMSTS
2025/03/22 15:31:01,Receive: TFMS1000518AMSTS,3
2025/03/22 15:31:08,Send: TFMS1000519BMSTS
2025/03/22 15:31:08,Receive: TFMS1000519AMSTS,2
2025/03/22 15:31:20,Send: TFMS1000520BMSTS
2025/03/22 15:31:20,Receive: TFMS1000520AMSTS,5
2025/03/22 15:31:26,Send: TFMS1000521BMFED,
2025/03/22 15:31:26,Receive: TFMS1000521AMFED,
2025/03/22 15:34:07,Send: TFMS1000522BMSTS
2025/03/22 15:34:07,Receive: TFMS1000522AMSTS,5
2025/03/22 15:51:47,Send: TFMS1000001BMSTS
2025/03/22 15:51:47,Receive: TFMS1000001AMSTS,5
2025/03/22 15:53:49,Send: TFMS1000002BMSTS
2025/03/22 15:53:49,Receive: TFMS1000002AMSTS,0
2025/03/22 15:53:51,Send: TFMS1000003BMFST,
2025/03/22 15:53:52,Receive: TFMS1000003AMFST
2025/03/22 15:53:52,Send: TFMS1000004BMSTS
2025/03/22 15:53:52,Receive: TFMS1000004AMSTS,2
2025/03/22 15:53:53,Send: TFMS1000005BMSTS
2025/03/22 15:53:53,Receive: TFMS1000005AMSTS,2
2025/03/22 15:53:54,Send: TFMS1000006BMSTS
2025/03/22 15:53:54,Receive: TFMS1000006AMSTS,2
2025/03/22 15:53:54,Send: TFMS1000007BMSTS
2025/03/22 15:53:54,Receive: TFMS1000007AMSTS,2
2025/03/22 15:53:55,Send: TFMS1000008BMSTS
2025/03/22 15:53:55,Receive: TFMS1000008AMSTS,2
2025/03/22 15:53:55,Send: TFMS1000009BMSTS
2025/03/22 15:53:55,Receive: TFMS1000009AMSTS,2
2025/03/22 15:53:56,Send: TFMS1000010BMSTS
2025/03/22 15:53:56,Receive: TFMS1000010AMSTS,1
2025/03/22 15:55:55,Send: TFMS1000011BMSTS
2025/03/22 15:55:56,Receive: TFMS1000011AMSTS,1
2025/03/22 15:56:16,Send: TFMS1000012BMMST,LotID_155533,1601,SiO2(PtoP Ref:LN Device),MAP17
2025/03/22 15:56:16,Receive: TFMS1000012AMMST,1601
2025/03/22 15:57:17,Send: TFMS1000013BMSTS
2025/03/22 15:57:17,Receive: TFMS1000013AMSTS,3
2025/03/22 15:58:23,Send: TFMS1000014BMSTS
2025/03/22 15:58:23,Receive: TFMS1000014AMSTS,3
2025/03/22 15:59:29,Send: TFMS1000015BMSTS
2025/03/22 15:59:29,Receive: TFMS1000015AMSTS,3
2025/03/22 15:59:54,Send: TFMS1000016BMSTS
2025/03/22 15:59:54,Receive: TFMS1000016AMSTS,2
2025/03/22 16:00:06,Send: TFMS1000017BMSTS
2025/03/22 16:00:06,Receive: TFMS1000017AMSTS,5
2025/03/22 16:00:12,Send: TFMS1000018BMFED,
2025/03/22 16:00:12,Receive: TFMS1000018AMFED,
2025/03/22 16:00:13,Send: TFMS1000019BMSTS
2025/03/22 16:00:13,Receive: TFMS1000019AMSTS,5
2025/03/22 16:00:54,Send: TFMS1000020BMSTS
2025/03/22 16:00:54,Receive: TFMS1000020AMSTS,5
2025/03/22 16:01:14,Send: TFMS1000021BMMST,LotID_155533,1602,SiO2(PtoP Ref:LN Device),MAP17
2025/03/22 16:01:14,Receive: TFMS1000021AMMST,1602
2025/03/22 16:02:15,Send: TFMS1000022BMSTS
2025/03/22 16:02:15,Receive: TFMS1000022AMSTS,3
2025/03/22 16:03:21,Send: TFMS1000023BMSTS
2025/03/22 16:03:21,Receive: TFMS1000023AMSTS,3
2025/03/22 16:04:27,Send: TFMS1000024BMSTS
2025/03/22 16:04:27,Receive: TFMS1000024AMSTS,3
2025/03/22 16:04:52,Send: TFMS1000025BMSTS
2025/03/22 16:04:52,Receive: TFMS1000025AMSTS,2
2025/03/22 16:05:04,Send: TFMS1000026BMSTS
2025/03/22 16:05:04,Receive: TFMS1000026AMSTS,5
2025/03/22 16:05:10,Send: TFMS1000027BMFED,
2025/03/22 16:05:10,Receive: TFMS1000027AMFED,
2025/03/22 16:05:11,Send: TFMS1000028BMSTS
2025/03/22 16:05:11,Receive: TFMS1000028AMSTS,5
2025/03/22 16:05:51,Send: TFMS1000029BMSTS
2025/03/22 16:05:51,Receive: TFMS1000029AMSTS,5
2025/03/22 16:06:11,Send: TFMS1000030BMMST,LotID_155533,1604,SiO2(PtoP Ref:LN Device),MAP17
2025/03/22 16:06:11,Receive: TFMS1000030AMMST,1604
2025/03/22 16:07:12,Send: TFMS1000031BMSTS
2025/03/22 16:07:12,Receive: TFMS1000031AMSTS,3
2025/03/22 16:08:18,Send: TFMS1000032BMSTS
2025/03/22 16:08:18,Receive: TFMS1000032AMSTS,3
2025/03/22 16:09:24,Send: TFMS1000033BMSTS
2025/03/22 16:09:24,Receive: TFMS1000033AMSTS,3
2025/03/22 16:09:49,Send: TFMS1000034BMSTS
2025/03/22 16:09:49,Receive: TFMS1000034AMSTS,2
2025/03/22 16:10:01,Send: TFMS1000035BMSTS
2025/03/22 16:10:01,Receive: TFMS1000035AMSTS,5
2025/03/22 16:10:07,Send: TFMS1000036BMFED,
2025/03/22 16:10:07,Receive: TFMS1000036AMFED,
2025/03/22 16:10:08,Send: TFMS1000037BMSTS
2025/03/22 16:10:08,Receive: TFMS1000037AMSTS,5
2025/03/22 16:10:47,Send: TFMS1000038BMSTS
2025/03/22 16:10:47,Receive: TFMS1000038AMSTS,5
2025/03/22 16:11:07,Send: TFMS1000039BMMST,LotID_155533,1605,SiO2(PtoP Ref:LN Device),MAP17
2025/03/22 16:11:07,Receive: TFMS1000039AMMST,1605
2025/03/22 16:12:08,Send: TFMS1000040BMSTS
2025/03/22 16:12:08,Receive: TFMS1000040AMSTS,3
2025/03/22 16:13:14,Send: TFMS1000041BMSTS
2025/03/22 16:13:14,Receive: TFMS1000041AMSTS,3
2025/03/22 16:14:20,Send: TFMS1000042BMSTS
2025/03/22 16:14:20,Receive: TFMS1000042AMSTS,3
2025/03/22 16:14:45,Send: TFMS1000043BMSTS
2025/03/22 16:14:45,Receive: TFMS1000043AMSTS,2
2025/03/22 16:14:57,Send: TFMS1000044BMSTS
2025/03/22 16:14:57,Receive: TFMS1000044AMSTS,5
2025/03/22 16:15:03,Send: TFMS1000045BMFED,
2025/03/22 16:15:03,Receive: TFMS1000045AMFED,
2025/03/22 16:15:04,Send: TFMS1000046BMSTS
2025/03/22 16:15:04,Receive: TFMS1000046AMSTS,5
2025/03/22 16:15:43,Send: TFMS1000047BMSTS
2025/03/22 16:15:44,Receive: TFMS1000047AMSTS,5
2025/03/22 16:16:04,Send: TFMS1000048BMMST,LotID_155533,1606,SiO2(PtoP Ref:LN Device),MAP17
2025/03/22 16:16:04,Receive: TFMS1000048AMMST,1606
2025/03/22 16:17:05,Send: TFMS1000049BMSTS
2025/03/22 16:17:05,Receive: TFMS1000049AMSTS,3
2025/03/22 16:18:11,Send: TFMS1000050BMSTS
2025/03/22 16:18:11,Receive: TFMS1000050AMSTS,3
2025/03/22 16:19:17,Send: TFMS1000051BMSTS
2025/03/22 16:19:17,Receive: TFMS1000051AMSTS,3
2025/03/22 16:19:42,Send: TFMS1000052BMSTS
2025/03/22 16:19:42,Receive: TFMS1000052AMSTS,2
2025/03/22 16:19:54,Send: TFMS1000053BMSTS
2025/03/22 16:19:54,Receive: TFMS1000053AMSTS,5
2025/03/22 16:20:00,Send: TFMS1000054BMFED,
2025/03/22 16:20:00,Receive: TFMS1000054AMFED,
2025/03/22 16:20:01,Send: TFMS1000055BMSTS
2025/03/22 16:20:01,Receive: TFMS1000055AMSTS,5
2025/03/22 16:20:40,Send: TFMS1000056BMSTS
2025/03/22 16:20:40,Receive: TFMS1000056AMSTS,5
2025/03/22 16:21:00,Send: TFMS1000057BMMST,LotID_155533,1607,SiO2(PtoP Ref:LN Device),MAP17
2025/03/22 16:21:01,Receive: TFMS1000057AMMST,1607
2025/03/22 16:22:01,Send: TFMS1000058BMSTS
2025/03/22 16:22:02,Receive: TFMS1000058AMSTS,3
2025/03/22 16:23:07,Send: TFMS1000059BMSTS
2025/03/22 16:23:08,Receive: TFMS1000059AMSTS,3
2025/03/22 16:24:13,Send: TFMS1000060BMSTS
2025/03/22 16:24:13,Receive: TFMS1000060AMSTS,3
2025/03/22 16:24:38,Send: TFMS1000061BMSTS
2025/03/22 16:24:39,Receive: TFMS1000061AMSTS,2
2025/03/22 16:24:50,Send: TFMS1000062BMSTS
2025/03/22 16:24:50,Receive: TFMS1000062AMSTS,5
2025/03/22 16:24:57,Send: TFMS1000063BMFED,
2025/03/22 16:24:57,Receive: TFMS1000063AMFED,
2025/03/22 16:24:58,Send: TFMS1000064BMSTS
2025/03/22 16:24:58,Receive: TFMS1000064AMSTS,5
2025/03/22 16:25:37,Send: TFMS1000065BMSTS
2025/03/22 16:25:37,Receive: TFMS1000065AMSTS,5
2025/03/22 16:25:58,Send: TFMS1000066BMMST,LotID_155533,1608,SiO2(PtoP Ref:LN Device),MAP17
2025/03/22 16:25:58,Receive: TFMS1000066AMMST,1608
2025/03/22 16:26:59,Send: TFMS1000067BMSTS
2025/03/22 16:26:59,Receive: TFMS1000067AMSTS,3
2025/03/22 16:28:05,Send: TFMS1000068BMSTS
2025/03/22 16:28:05,Receive: TFMS1000068AMSTS,3
2025/03/22 16:29:11,Send: TFMS1000069BMSTS
2025/03/22 16:29:11,Receive: TFMS1000069AMSTS,3
2025/03/22 16:29:36,Send: TFMS1000070BMSTS
2025/03/22 16:29:36,Receive: TFMS1000070AMSTS,2
2025/03/22 16:29:48,Send: TFMS1000071BMSTS
2025/03/22 16:29:48,Receive: TFMS1000071AMSTS,5
2025/03/22 16:29:54,Send: TFMS1000072BMFED,
2025/03/22 16:29:54,Receive: TFMS1000072AMFED,
2025/03/22 16:29:55,Send: TFMS1000073BMSTS
2025/03/22 16:29:55,Receive: TFMS1000073AMSTS,5
2025/03/22 16:30:34,Send: TFMS1000074BMSTS
2025/03/22 16:30:34,Receive: TFMS1000074AMSTS,5
2025/03/22 16:30:54,Send: TFMS1000075BMMST,LotID_155533,1609,SiO2(PtoP Ref:LN Device),MAP17
2025/03/22 16:30:54,Receive: TFMS1000075AMMST,1609
2025/03/22 16:31:55,Send: TFMS1000076BMSTS
2025/03/22 16:31:55,Receive: TFMS1000076AMSTS,3
2025/03/22 16:33:01,Send: TFMS1000077BMSTS
2025/03/22 16:33:01,Receive: TFMS1000077AMSTS,3
2025/03/22 16:34:07,Send: TFMS1000078BMSTS
2025/03/22 16:34:07,Receive: TFMS1000078AMSTS,3
2025/03/22 16:34:32,Send: TFMS1000079BMSTS
2025/03/22 16:34:32,Receive: TFMS1000079AMSTS,2
2025/03/22 16:34:44,Send: TFMS1000080BMSTS
2025/03/22 16:34:44,Receive: TFMS1000080AMSTS,5
2025/03/22 16:34:50,Send: TFMS1000081BMFED,
2025/03/22 16:34:50,Receive: TFMS1000081AMFED,
2025/03/22 16:34:51,Send: TFMS1000082BMSTS
2025/03/22 16:34:51,Receive: TFMS1000082AMSTS,5
2025/03/22 16:35:31,Send: TFMS1000083BMSTS
2025/03/22 16:35:31,Receive: TFMS1000083AMSTS,5
2025/03/22 16:35:51,Send: TFMS1000084BMMST,LotID_155533,1610,SiO2(PtoP Ref:LN Device),MAP17
2025/03/22 16:35:51,Receive: TFMS1000084AMMST,1610
2025/03/22 16:36:52,Send: TFMS1000085BMSTS
2025/03/22 16:36:53,Receive: TFMS1000085AMSTS,3
2025/03/22 16:37:58,Send: TFMS1000086BMSTS
2025/03/22 16:37:59,Receive: TFMS1000086AMSTS,3
2025/03/22 16:39:04,Send: TFMS1000087BMSTS
2025/03/22 16:39:05,Receive: TFMS1000087AMSTS,3
2025/03/22 16:39:29,Send: TFMS1000088BMSTS
2025/03/22 16:39:30,Receive: TFMS1000088AMSTS,2
2025/03/22 16:39:41,Send: TFMS1000089BMSTS
2025/03/22 16:39:41,Receive: TFMS1000089AMSTS,5
2025/03/22 16:39:48,Send: TFMS1000090BMFED,
2025/03/22 16:39:48,Receive: TFMS1000090AMFED,
2025/03/22 16:39:49,Send: TFMS1000091BMSTS
2025/03/22 16:39:49,Receive: TFMS1000091AMSTS,5
2025/03/22 16:40:28,Send: TFMS1000092BMSTS
2025/03/22 16:40:28,Receive: TFMS1000092AMSTS,5
2025/03/22 16:40:48,Send: TFMS1000093BMMST,LotID_155533,1611,SiO2(PtoP Ref:LN Device),MAP17
2025/03/22 16:40:48,Receive: TFMS1000093AMMST,1611
2025/03/22 16:41:49,Send: TFMS1000094BMSTS
2025/03/22 16:41:49,Receive: TFMS1000094AMSTS,3
2025/03/22 16:42:55,Send: TFMS1000095BMSTS
2025/03/22 16:42:55,Receive: TFMS1000095AMSTS,3
2025/03/22 16:44:01,Send: TFMS1000096BMSTS
2025/03/22 16:44:01,Receive: TFMS1000096AMSTS,3
2025/03/22 16:44:26,Send: TFMS1000097BMSTS
2025/03/22 16:44:26,Receive: TFMS1000097AMSTS,2
2025/03/22 16:44:38,Send: TFMS1000098BMSTS
2025/03/22 16:44:38,Receive: TFMS1000098AMSTS,5
2025/03/22 16:44:44,Send: TFMS1000099BMFED,
2025/03/22 16:44:44,Receive: TFMS1000099AMFED,
2025/03/22 16:44:45,Send: TFMS1000100BMSTS
2025/03/22 16:44:45,Receive: TFMS1000100AMSTS,5
2025/03/22 16:45:24,Send: TFMS1000101BMSTS
2025/03/22 16:45:24,Receive: TFMS1000101AMSTS,5
2025/03/22 16:45:44,Send: TFMS1000102BMMST,LotID_155533,1612,SiO2(PtoP Ref:LN Device),MAP17
2025/03/22 16:45:44,Receive: TFMS1000102AMMST,1612
2025/03/22 16:46:45,Send: TFMS1000103BMSTS
2025/03/22 16:46:45,Receive: TFMS1000103AMSTS,3
2025/03/22 16:47:51,Send: TFMS1000104BMSTS
2025/03/22 16:47:51,Receive: TFMS1000104AMSTS,3
2025/03/22 16:48:57,Send: TFMS1000105BMSTS
2025/03/22 16:48:57,Receive: TFMS1000105AMSTS,3
2025/03/22 16:49:22,Send: TFMS1000106BMSTS
2025/03/22 16:49:22,Receive: TFMS1000106AMSTS,2
2025/03/22 16:49:34,Send: TFMS1000107BMSTS
2025/03/22 16:49:34,Receive: TFMS1000107AMSTS,5
2025/03/22 16:49:40,Send: TFMS1000108BMFED,
2025/03/22 16:49:40,Receive: TFMS1000108AMFED,
2025/03/22 16:49:41,Send: TFMS1000109BMSTS
2025/03/22 16:49:41,Receive: TFMS1000109AMSTS,5
2025/03/22 16:50:21,Send: TFMS1000110BMSTS
2025/03/22 16:50:21,Receive: TFMS1000110AMSTS,5
2025/03/22 16:50:40,Send: TFMS1000111BMMST,LotID_155533,1613,SiO2(PtoP Ref:LN Device),MAP17
2025/03/22 16:50:41,Receive: TFMS1000111AMMST,1613
2025/03/22 16:51:41,Send: TFMS1000112BMSTS
2025/03/22 16:51:42,Receive: TFMS1000112AMSTS,3
2025/03/22 16:52:47,Send: TFMS1000113BMSTS
2025/03/22 16:52:48,Receive: TFMS1000113AMSTS,3
2025/03/22 16:53:53,Send: TFMS1000114BMSTS
2025/03/22 16:53:54,Receive: TFMS1000114AMSTS,3
2025/03/22 16:54:18,Send: TFMS1000115BMSTS
2025/03/22 16:54:19,Receive: TFMS1000115AMSTS,2
2025/03/22 16:54:30,Send: TFMS1000116BMSTS
2025/03/22 16:54:31,Receive: TFMS1000116AMSTS,5
2025/03/22 16:54:37,Send: TFMS1000117BMFED,
2025/03/22 16:54:37,Receive: TFMS1000117AMFED,
2025/03/22 16:54:38,Send: TFMS1000118BMSTS
2025/03/22 16:54:38,Receive: TFMS1000118AMSTS,5
2025/03/22 16:55:17,Send: TFMS1000119BMSTS
2025/03/22 16:55:17,Receive: TFMS1000119AMSTS,5
2025/03/22 16:55:37,Send: TFMS1000120BMMST,LotID_155533,1614,SiO2(PtoP Ref:LN Device),MAP17
2025/03/22 16:55:37,Receive: TFMS1000120AMMST,1614
2025/03/22 16:56:38,Send: TFMS1000121BMSTS
2025/03/22 16:56:38,Receive: TFMS1000121AMSTS,3
2025/03/22 16:57:44,Send: TFMS1000122BMSTS
2025/03/22 16:57:44,Receive: TFMS1000122AMSTS,3
2025/03/22 16:58:50,Send: TFMS1000123BMSTS
2025/03/22 16:58:50,Receive: TFMS1000123AMSTS,3
2025/03/22 16:59:15,Send: TFMS1000124BMSTS
2025/03/22 16:59:15,Receive: TFMS1000124AMSTS,2
2025/03/22 16:59:27,Send: TFMS1000125BMSTS
2025/03/22 16:59:27,Receive: TFMS1000125AMSTS,5
2025/03/22 16:59:33,Send: TFMS1000126BMFED,
2025/03/22 16:59:33,Receive: TFMS1000126AMFED,
2025/03/22 16:59:34,Send: TFMS1000127BMSTS
2025/03/22 16:59:35,Receive: TFMS1000127AMSTS,5
2025/03/22 17:00:14,Send: TFMS1000128BMSTS
2025/03/22 17:00:14,Receive: TFMS1000128AMSTS,5
2025/03/22 17:00:33,Send: TFMS1000129BMMST,LotID_155533,1615,SiO2(PtoP Ref:LN Device),MAP17
2025/03/22 17:00:33,Receive: TFMS1000129AMMST,1615
2025/03/22 17:01:34,Send: TFMS1000130BMSTS
2025/03/22 17:01:34,Receive: TFMS1000130AMSTS,3
2025/03/22 17:02:40,Send: TFMS1000131BMSTS
2025/03/22 17:02:40,Receive: TFMS1000131AMSTS,3
2025/03/22 17:03:46,Send: TFMS1000132BMSTS
2025/03/22 17:03:47,Receive: TFMS1000132AMSTS,3
2025/03/22 17:04:11,Send: TFMS1000133BMSTS
2025/03/22 17:04:11,Receive: TFMS1000133AMSTS,2
2025/03/22 17:04:23,Send: TFMS1000134BMSTS
2025/03/22 17:04:23,Receive: TFMS1000134AMSTS,5
2025/03/22 17:04:30,Send: TFMS1000135BMFED,
2025/03/22 17:04:30,Receive: TFMS1000135AMFED,
2025/03/22 17:04:31,Send: TFMS1000136BMSTS
2025/03/22 17:04:31,Receive: TFMS1000136AMSTS,5
2025/03/22 17:05:10,Send: TFMS1000137BMSTS
2025/03/22 17:05:10,Receive: TFMS1000137AMSTS,5
2025/03/22 17:05:30,Send: TFMS1000138BMMST,LotID_155533,1616,SiO2(PtoP Ref:LN Device),MAP17
2025/03/22 17:05:30,Receive: TFMS1000138AMMST,1616
2025/03/22 17:06:31,Send: TFMS1000139BMSTS
2025/03/22 17:06:31,Receive: TFMS1000139AMSTS,3
2025/03/22 17:07:37,Send: TFMS1000140BMSTS
2025/03/22 17:07:37,Receive: TFMS1000140AMSTS,3
2025/03/22 17:08:43,Send: TFMS1000141BMSTS
2025/03/22 17:08:43,Receive: TFMS1000141AMSTS,3
2025/03/22 17:09:08,Send: TFMS1000142BMSTS
2025/03/22 17:09:08,Receive: TFMS1000142AMSTS,2
2025/03/22 17:09:20,Send: TFMS1000143BMSTS
2025/03/22 17:09:20,Receive: TFMS1000143AMSTS,5
2025/03/22 17:09:26,Send: TFMS1000144BMFED,
2025/03/22 17:09:26,Receive: TFMS1000144AMFED,
2025/03/22 17:09:27,Send: TFMS1000145BMSTS
2025/03/22 17:09:27,Receive: TFMS1000145AMSTS,5
2025/03/22 17:10:06,Send: TFMS1000146BMSTS
2025/03/22 17:10:06,Receive: TFMS1000146AMSTS,5
2025/03/22 17:10:27,Send: TFMS1000147BMMST,LotID_155533,1617,SiO2(PtoP Ref:LN Device),MAP17
2025/03/22 17:10:27,Receive: TFMS1000147AMMST,1617
2025/03/22 17:11:28,Send: TFMS1000148BMSTS
2025/03/22 17:11:28,Receive: TFMS1000148AMSTS,3
2025/03/22 17:12:34,Send: TFMS1000149BMSTS
2025/03/22 17:12:34,Receive: TFMS1000149AMSTS,3
2025/03/22 17:13:40,Send: TFMS1000150BMSTS
2025/03/22 17:13:40,Receive: TFMS1000150AMSTS,3
2025/03/22 17:14:05,Send: TFMS1000151BMSTS
2025/03/22 17:14:05,Receive: TFMS1000151AMSTS,2
2025/03/22 17:14:17,Send: TFMS1000152BMSTS
2025/03/22 17:14:17,Receive: TFMS1000152AMSTS,5
2025/03/22 17:14:23,Send: TFMS1000153BMFED,
2025/03/22 17:14:23,Receive: TFMS1000153AMFED,
2025/03/22 17:14:24,Send: TFMS1000154BMSTS
2025/03/22 17:14:24,Receive: TFMS1000154AMSTS,5
2025/03/22 17:15:03,Send: TFMS1000155BMSTS
2025/03/22 17:15:03,Receive: TFMS1000155AMSTS,5
2025/03/22 17:15:23,Send: TFMS1000156BMMST,LotID_155533,1618,SiO2(PtoP Ref:LN Device),MAP17
2025/03/22 17:15:23,Receive: TFMS1000156AMMST,1618
2025/03/22 17:16:24,Send: TFMS1000157BMSTS
2025/03/22 17:16:24,Receive: TFMS1000157AMSTS,3
2025/03/22 17:17:30,Send: TFMS1000158BMSTS
2025/03/22 17:17:30,Receive: TFMS1000158AMSTS,3
2025/03/22 17:18:36,Send: TFMS1000159BMSTS
2025/03/22 17:18:36,Receive: TFMS1000159AMSTS,3
2025/03/22 17:19:01,Send: TFMS1000160BMSTS
2025/03/22 17:19:01,Receive: TFMS1000160AMSTS,2
2025/03/22 17:19:13,Send: TFMS1000161BMSTS
2025/03/22 17:19:13,Receive: TFMS1000161AMSTS,5
2025/03/22 17:19:19,Send: TFMS1000162BMFED,
2025/03/22 17:19:19,Receive: TFMS1000162AMFED,
2025/03/22 17:19:20,Send: TFMS1000163BMSTS
2025/03/22 17:19:20,Receive: TFMS1000163AMSTS,5
2025/03/22 17:19:59,Send: TFMS1000164BMSTS
2025/03/22 17:19:59,Receive: TFMS1000164AMSTS,5
2025/03/22 17:20:19,Send: TFMS1000165BMMST,LotID_155533,1619,SiO2(PtoP Ref:LN Device),MAP17
2025/03/22 17:20:19,Receive: TFMS1000165AMMST,1619
2025/03/22 17:21:20,Send: TFMS1000166BMSTS
2025/03/22 17:21:20,Receive: TFMS1000166AMSTS,3
2025/03/22 17:22:26,Send: TFMS1000167BMSTS
2025/03/22 17:22:26,Receive: TFMS1000167AMSTS,3
2025/03/22 17:23:32,Send: TFMS1000168BMSTS
2025/03/22 17:23:32,Receive: TFMS1000168AMSTS,3
2025/03/22 17:23:57,Send: TFMS1000169BMSTS
2025/03/22 17:23:57,Receive: TFMS1000169AMSTS,2
2025/03/22 17:24:09,Send: TFMS1000170BMSTS
2025/03/22 17:24:09,Receive: TFMS1000170AMSTS,5
2025/03/22 17:24:15,Send: TFMS1000171BMFED,
2025/03/22 17:24:15,Receive: TFMS1000171AMFED,
2025/03/22 17:24:17,Send: TFMS1000172BMSTS
2025/03/22 17:24:17,Receive: TFMS1000172AMSTS,5
