﻿//アラームパラメータ―　Motor,,,,,,,,,,,,,,,,,,,,
//ItemName, Device Address, Unit, RangeMin, RangeMax,ScaleMin,ScaleMax,DataType,Format
M11 Turque Warning Setting,D1240,,0.0,500.0,0,5000,Float,0.0
M11 Turque Alarm Setting,D1242,,0.0,500.0,0,5000,Float,0.0
M12 Turque Warning Setting,D1244,,0.0,500.0,0,5000,Float,0.0
M12 Turque Alarm Setting,D1246,,0.0,500.0,0,5000,Float,0.0
M13 Turque Warning Setting,D1248,,0.0,500.0,0,5000,Float,0.0
M13 Turque Alarm Setting,D1250,,0.0,500.0,0,5000,Float,0.0
M14 Turque Warning Setting,D1252,,0.0,500.0,0,5000,Float,0.0
M14 Turque Alarm Setting,D1254,,0.0,500.0,0,5000,Float,0.0

