2025/08/16 09:21:30,DoContinueScanDataSend2012,Send Complete
2025/08/16 09:23:18,Scan Data Send,Scan Count: 1
2025/08/16 09:23:29,DoContinueScanDataSend2012,Send Complete
2025/08/16 09:49:50,Scan Data Send,Scan Count: 1
2025/08/16 09:50:01,DoContinueScanDataSend2012,Send Complete
2025/08/16 10:16:20,DoContinueScanDataSend2012,Send Complete
2025/08/16 10:49:14,Scan Data Send,Scan Count: 1
2025/08/16 10:49:26,DoContinueScanDataSend2012,Send Complete
2025/08/16 11:01:54,Scan Data Send,Scan Count: 1
2025/08/16 11:02:05,DoContinueScanDataSend2012,Send Complete
2025/08/16 11:20:55,Scan Data Send,Scan Count: 1
2025/08/16 11:21:06,DoContinueScanDataSend2012,Send Complete
2025/08/16 11:33:53,Scan Data Send,Scan Count: 1
2025/08/16 11:34:05,DoContinueScanDataSend2012,Send Complete
2025/08/16 13:10:30,Scan Data Send,Scan Count: 1
2025/08/16 13:10:42,DoContinueScanDataSend2012,Send Complete
2025/08/16 13:17:27,Scan Data Send,Scan Count: 1
2025/08/16 13:17:39,DoContinueScanDataSend2012,Send Complete
2025/08/16 13:49:30,Scan Data Send,Scan Count: 1
2025/08/16 13:49:42,DoContinueScanDataSend2012,Send Complete
2025/08/16 17:43:32,Scan Data Send,Scan Count: 1
2025/08/16 17:43:43,DoContinueScanDataSend2012,Send Complete
