//==== １秒ログ定義データファイル ====//

// --- Structer  ---
//#Unit で始まって #Endで締めること
//#Endが足りないと不具合が生じるので注意
//Dxxxの後、項目2 Itemに設定が有れば採用、無ければDeviceInfoBaseから持ってくる
//但し先頭に//が付いていれば無効とする

#Unit0
Folder,TR
UnitName,Transfer
// --- ここから
D144,PIG21
D145,PIG22
D146,PIG23
D147,PEG21

Bit,SRV21,D52,2,Open@Close
Bit,RV21,D52,4,Open@Close
Bit,MV21,D52,C,Open@Close
Bit,FV21,D52,6,Open@Close
Bit,SLV21,D52,8,Open@Close
Bit,LV21,D52,A,Open@Close
Bit,DRY PUMP21,D52,0,Open@Close

Bit,TMP21 Acc,D53,1,On@Off
Bit,TMP21 Normal,D53,3,On@Off
Bit,TMP21 Alarm,D53,4,On@Off
Bit,TMP21 Warning,D53,5,On@Off
Bit,PEG21 HV,D53,6,On@Off
Bit,PS21,D53,8,On@Off
Bit,GV23,D52,E,Open@Close

D1474,LLVac Status,
D1475,LLVent Status,
D1490,DV3 Open/Close,
D1491,GV23 Open/Close,
D1492,GV12 Open/Close,
D1495,Measure Status,

D556,WaferNo-HandA,
D557,WaferNo-HandB,
D55,Robot Status,
// --- ここまで

// --- ここまで
#End


#Unit1
Folder,LL
UnitName,LL
// --- ここから
D144,PIG21
D148,PIG31

Bit,SRV31,D54,0,Open@Close
Bit,RV31,D54,2,Open@Close

Bit,SLV31,D54,4,Open@Close
Bit,LV31,D54,6,Open@Close
Bit,PS31,D54,8,Open@Close
Bit,DV31,D54,6,Open@Close

D554,WaferNo-Upper
D555,WaferNo-Lower

D55,TC Robot Status
// --- ここまで
#End


#Unit2
Folder,PM
UnitName,PM
// --- ここから
D140,PIG11
D141,PIG12
D142,PIG13
D143,PEG11

D130,PIG01(GCIB)
D132,PIG02(GCIB)
D134,CCG01(GCIB)

Bit,SRV11,D50,2,Open@Close
Bit,RV11,D50,4,Open@Close
Bit,MV11,D50,C,Open@Close
Bit,FV11,D50,6,Open@Close
Bit,SLV11,D50,8,Open@Close
Bit,LV11,D50,A,Open@Close
Bit,DRY PUMP11,D50,0,Open@Close
Bit,TMP11 Acc,D51,1,On@Off
Bit,TMP11 Normal,D51,3,On@Off
Bit,TMP11 Alarm,D51,4,On@Off
Bit,TMP11 Warning,D51,5,On@Off
Bit,PEG11 HV,D51,6,On@Off
Bit,PS11,D51,8,On@Off

Bit,GV12,D50,E,Open@Close
D558,WaferNo
D310,Beam Current(Fixing)
D330,Beam Current(Moving)

D585,Beam Fail Count
D586,Beam Err Count
D587,DC1 Status
// --- ここまで
#End


#Unit3
Folder,ScanData
UnitName,ScanData
// --- ここから
//D751,Scan Mode(D751)
D310,Beam Current(Fixing)
D330,Beam Current(Moving)
D311,Accelerator Current
D312,Accelerator Voltage
D313,Lens1 Current
D314,Lens1 Voltage
D315,Lens2 Current
D316,Lens2 Voltage
D317,Bias Current
D318,Bias Voltage	
D319,Suppressor Current
D320,Suppressor Voltage
D321,Arc Current
D322,Arc Voltage
D323,Filament Current
D324,Filament Voltage
D325,Neutralizer extracation Current
D326,Neutralizer extracation Voltage
D327,Neutralizer filament Current
D328,Neutralizer filament Voltage
D329,APC Pressure
D300,MFC101 Flow
D301,MFC102 Flow
D302,MFC103 Flow
D303,MFC104 Flow
D304,MFC111 Flow
D305,MFC112 Flow
D306,MFC113 Flow
D307,MFC114 Flow
D200,X-AXIS Position
D210,Y-AXIS Position
D220,T-AXIS Position
D230,Lift-AXIS Position
D202,X-AXIS Speed
D212,Y-AXIS Speed
D222,T-AXIS Speed
D232,Lift-AXIS Speed
D147,PEG21
D143,PEG11
D134,CCG01(GCIB)

// --- ここまで
#End

#Unit4
Folder,EFEM
UnitName,EFEM
// --- ここから
D1500,WaferNo1-1
D1501,WaferNo1-2
D1502,WaferNo1-3
D1503,WaferNo1-4
D1504,WaferNo1-5
D1505,WaferNo1-6
D1506,WaferNo1-7
D1507,WaferNo1-8
D1508,WaferNo1-9
D1509,WaferNo1-10
D1510,WaferNo1-11
D1511,WaferNo1-12
D1512,WaferNo1-13
D1513,WaferNo1-14
D1514,WaferNo1-15
D1515,WaferNo1-16
D1516,WaferNo1-17
D1517,WaferNo1-18
D1518,WaferNo1-19
D1519,WaferNo1-20
D1520,WaferNo1-21
D1521,WaferNo1-22
D1522,WaferNo1-23
D1523,WaferNo1-24
D1524,WaferNo1-25

D1525,WaferNo2-1
D1526,WaferNo2-2
D1527,WaferNo2-3
D1528,WaferNo2-4
D1529,WaferNo2-5
D1530,WaferNo2-6
D1531,WaferNo2-7
D1532,WaferNo2-8
D1533,WaferNo2-9
D1534,WaferNo2-10
D1535,WaferNo2-11
D1536,WaferNo2-12
D1537,WaferNo2-13
D1538,WaferNo2-14
D1539,WaferNo2-15
D1540,WaferNo2-16
D1541,WaferNo2-17
D1542,WaferNo2-18
D1543,WaferNo2-19
D1544,WaferNo2-20
D1545,WaferNo2-21
D1546,WaferNo2-22
D1547,WaferNo2-23
D1548,WaferNo2-24
D1549,WaferNo2-25

D550,WaferNo-Lower
D551,WaferNo-Upper
D552,WaferNo-Aligner
D553,WaferNo-Measure
D65,EFEM Robot Status
D60,Door
// --- ここまで
#End


#Unit5
Folder,Motor
UnitName,Motor
// --- ここから
D206,X-AXIS Torque
D216,Y-AXIS Torque
D226,T-AXIS Torque
D236,Lift-AXIS Torque

D200,X-AXIS Position
D210,Y-AXIS Position
D220,T-AXIS Position
D230,Lift-AXIS Position

D202,X-AXIS Speed
D212,Y-AXIS Speed
D222,T-AXIS Speed
D232,Lift-AXIS Speed

D204,X-AXIS Error Code
D214,Y-AXIS Error Code
D224,T-AXIS Error Code
D234,Lift-AXIS Error Code

// --- ここまで
#End
