2025/08/16 09:20:59,Overview,System,Transfer View
2025/08/16 09:21:21,Overview,System,SemiAuto View
2025/08/16 09:21:39,Overview,System,Service View
2025/08/16 09:23:11,Overview,System,SemiAuto View
2025/08/16 09:23:13,Overview,System,SemiAuto View
2025/08/16 09:23:31,BMode Scan Sampling,PM,BMode Scan Start
2025/08/16 09:24:28,Overview,System,Service View
2025/08/16 09:46:00,BMode Scan Sampling,PM,BMode Scan End
2025/08/16 09:49:19,Overview,System,Service View
2025/08/16 09:49:33,Overview,System,Service View
2025/08/16 09:49:44,Overview,System,SemiAuto View
2025/08/16 09:50:05,BMode Scan Sampling,PM,BMode Scan Start
2025/08/16 09:55:36,Lot Status,System,-
2025/08/16 10:12:34,BMode Scan Sampling,PM,BMode Scan End
2025/08/16 10:15:08,Overview,System,Transfer View
2025/08/16 10:16:00,Overview,System,SemiAuto View
2025/08/16 10:16:24,AMode Scan Sampling,PM,AMode Scan Start
2025/08/16 10:30:40,AMode Scan Sampling,PM,AMode Scan End
2025/08/16 10:37:06,Overview,System,Service View
2025/08/16 10:37:08,PGC,System,High Voltage Supply ON / OFF
2025/08/16 10:37:10,PGC,System,Cancel
2025/08/16 10:37:11,Overview,System,ModeChange View
2025/08/16 10:37:14,PGC,System,High Voltage Supply ON / OFF
2025/08/16 10:37:16,PGC,System,OFF
2025/08/16 10:37:18,PGC,System,High Voltage Supply ON / OFF
2025/08/16 10:37:20,PGC,System,ON
2025/08/16 10:38:00,PGC,System,Bias ON / OFF
2025/08/16 10:38:02,PGC,System,OFF
2025/08/16 10:38:03,Overview,System,Alarm View
2025/08/16 10:38:06,PGC,System,Bias ON / OFF
2025/08/16 10:38:08,PGC,System,ON
2025/08/16 10:38:09,PGC,System,Accelerator ON / OFF
2025/08/16 10:38:09,PGC,System,ON
2025/08/16 10:38:10,PGC,System,Lens1 ON / OFF
2025/08/16 10:38:11,PGC,System,ON
2025/08/16 10:38:11,PGC,System,Lens2 ON / OFF
2025/08/16 10:38:12,PGC,System,ON
2025/08/16 10:38:12,PGC,System,Suppressor ON / OFF
2025/08/16 10:38:13,PGC,System,ON
2025/08/16 10:38:18,PGC,System,Filament SW ON / OFF
2025/08/16 10:38:19,PGC,System,OFF
2025/08/16 10:38:19,PGC,System,Filament SW ON / OFF
2025/08/16 10:38:20,PGC,System,ON
2025/08/16 10:38:24,PGC,System,Arc SW ON / OFF
2025/08/16 10:38:25,PGC,System,OFF
2025/08/16 10:38:25,PGC,System,Arc SW ON / OFF
2025/08/16 10:38:26,PGC,System,ON
2025/08/16 10:38:50,PGC,System,Nuetralizer Filament SW ON / OFF
2025/08/16 10:38:51,PGC,System,OFF
2025/08/16 10:38:51,PGC,System,Nuetralizer Filament SW ON / OFF
2025/08/16 10:38:52,PGC,System,ON
2025/08/16 10:38:52,PGC,System,NutralizerExtral SW ON / OFF
2025/08/16 10:38:53,PGC,System,OFF
2025/08/16 10:38:53,PGC,System,NutralizerExtral SW ON / OFF
2025/08/16 10:38:54,PGC,System,ON
2025/08/16 10:41:11,Lot Status,System,Placed
2025/08/16 10:41:18,Overview,System,Transfer View
2025/08/16 10:41:29,Lot Status,System,Mapped
2025/08/16 10:42:27,Overview,System,Transfer View
2025/08/16 10:43:47,Overview,System,Transfer View
2025/08/16 10:44:23,Overview,System,Transfer View
2025/08/16 10:44:24,Overview,System,Service View
2025/08/16 10:44:26,Overview,System,Service View
2025/08/16 10:44:29,PGC,System,MES Pin Up or Down
2025/08/16 10:44:30,PGC,System,Up 
2025/08/16 10:44:34,Overview,System,Alarm View
2025/08/16 10:44:41,Overview,System,Service View
2025/08/16 10:44:43,Overview,System,Alarm View
2025/08/16 10:44:49,Overview,System,Transfer View
2025/08/16 10:45:08,Overview,System,Service View
2025/08/16 10:45:18,Overview,System,Alarm View
2025/08/16 10:45:22,Overview,System,Transfer View
2025/08/16 10:46:34,Overview,System,Transfer View
2025/08/16 10:46:58,Overview,System,Transfer View
2025/08/16 10:47:31,Overview,System,Service View
2025/08/16 10:47:40,Overview,System,Transfer View
2025/08/16 10:47:44,Overview,System,Service View
2025/08/16 10:48:22,Overview,System,Service View
2025/08/16 10:49:06,Overview,System,SemiAuto View
2025/08/16 10:49:28,BMode Scan Sampling,PM,BMode Scan Start
2025/08/16 10:49:30,Overview,System,Service View
2025/08/16 10:53:10,Overview,System,Transfer View
2025/08/16 10:53:58,BMode Scan Sampling,PM,BMode Scan End
2025/08/16 11:01:44,Overview,System,SemiAuto View
2025/08/16 11:03:31,BMode Scan Sampling,PM,BMode Scan Start
2025/08/16 11:03:50,Overview,System,Transfer View
2025/08/16 11:04:45,BMode Scan Sampling,PM,BMode Scan End
2025/08/16 11:07:05,Overview,System,Service View
2025/08/16 11:10:43,Overview,System,Transfer View
2025/08/16 11:11:31,Overview,System,Transfer View
2025/08/16 11:18:34,Overview,System,SemiAuto View
2025/08/16 11:20:15,Overview,System,SemiAuto View
2025/08/16 11:21:09,BMode Scan Sampling,PM,BMode Scan Start
2025/08/16 11:22:23,BMode Scan Sampling,PM,BMode Scan End
2025/08/16 11:22:26,Overview,System,SemiAuto View
2025/08/16 11:22:27,Overview,System,Transfer View
2025/08/16 11:23:17,Overview,System,Transfer View
2025/08/16 11:24:58,Overview,System,Service View
2025/08/16 11:30:58,Overview,System,Transfer View
2025/08/16 11:33:24,Overview,System,Transfer View
2025/08/16 11:33:36,Overview,System,SemiAuto View
2025/08/16 11:35:17,BMode Scan Sampling,PM,BMode Scan Start
2025/08/16 11:38:18,Overview,System,Service View
2025/08/16 11:38:21,Overview,System,History View
2025/08/16 11:54:52,BMode Scan Sampling,PM,BMode Scan End
2025/08/16 13:10:17,Overview,System,SemiAuto View
2025/08/16 13:10:46,BMode Scan Sampling,PM,BMode Scan Start
2025/08/16 13:10:52,Overview,System,Service View
2025/08/16 13:10:58,Overview,System,Transfer View
2025/08/16 13:11:01,Overview,System,Transfer View
2025/08/16 13:11:05,Overview,System,Transfer View
2025/08/16 13:11:20,Lot Status,System,-
2025/08/16 13:15:16,BMode Scan Sampling,PM,BMode Scan End
2025/08/16 13:15:54,Lot Status,System,Placed
2025/08/16 13:16:00,Overview,System,SemiAuto View
2025/08/16 13:16:02,Overview,System,LotOperation View
2025/08/16 13:16:06,Overview,System,Transfer View
2025/08/16 13:16:17,Lot Status,System,Mapped
2025/08/16 13:17:24,Overview,System,SemiAuto View
2025/08/16 13:17:29,Overview,System,Transfer View
2025/08/16 13:18:20,Lot Status,System,-
2025/08/16 13:19:21,Overview,System,Service View
2025/08/16 13:22:27,Overview,System,SemiAuto View
2025/08/16 13:22:29,BMode Scan Sampling,PM,BMode Scan Start
2025/08/16 13:24:56,Lot Status,System,Placed
2025/08/16 13:25:06,Overview,System,Transfer View
2025/08/16 13:25:14,Lot Status,System,Mapped
2025/08/16 13:25:47,Overview,System,Service View
2025/08/16 13:26:59,BMode Scan Sampling,PM,BMode Scan End
2025/08/16 13:32:25,Overview,System,Transfer View
2025/08/16 13:37:06,Overview,System,Service View
2025/08/16 13:37:14,Overview,System,Transfer View
2025/08/16 13:46:53,Overview,System,Transfer View
2025/08/16 13:47:27,Overview,System,Alarm View
2025/08/16 13:47:30,Overview,System,Transfer View
2025/08/16 13:47:43,Overview,System,Alarm View
2025/08/16 13:47:56,Lot Status,System,-
2025/08/16 13:48:02,Lot Status,System,Placed
2025/08/16 13:48:15,Lot Status,System,Mapped
2025/08/16 13:49:22,Overview,System,SemiAuto View
2025/08/16 13:50:09,Overview,System,SemiAuto View
2025/08/16 13:50:12,BMode Scan Sampling,PM,BMode Scan Start
2025/08/16 13:55:49,BMode Scan Sampling,PM,BMode Scan End
2025/08/16 13:58:14,Overview,System,Transfer View
2025/08/16 13:59:14,Overview,System,Transfer View
2025/08/16 14:00:20,Overview,System,Service View
2025/08/16 14:17:38,Overview,System,History View
2025/08/16 14:22:16,Overview,System,Transfer View
2025/08/16 14:32:31,Overview,System,Transfer View
2025/08/16 14:35:41,Overview,System,Service View
2025/08/16 14:35:45,PGC,System,High Voltage Supply ON / OFF
2025/08/16 14:35:49,PGC,System,Cancel
2025/08/16 14:36:19,PGC,System,Filament SW ON / OFF
2025/08/16 14:36:20,PGC,System,OFF
2025/08/16 14:36:22,PGC,System,Arc SW ON / OFF
2025/08/16 14:36:23,PGC,System,OFF
2025/08/16 14:36:41,PGC,System,Nuetralizer Filament SW ON / OFF
2025/08/16 14:36:42,PGC,System,OFF
2025/08/16 14:36:43,PGC,System,Nuetralizer Filament SW ON / OFF
2025/08/16 14:36:43,PGC,System,ON
2025/08/16 14:36:44,PGC,System,NutralizerExtral SW ON / OFF
2025/08/16 14:36:45,PGC,System,OFF
2025/08/16 14:36:45,PGC,System,NutralizerExtral SW ON / OFF
2025/08/16 14:36:46,PGC,System,ON
2025/08/16 14:36:48,PGC,System,NutralizerExtral SW ON / OFF
2025/08/16 14:36:49,PGC,System,OFF
2025/08/16 14:36:49,PGC,System,Nuetralizer Filament SW ON / OFF
2025/08/16 14:36:50,PGC,System,OFF
2025/08/16 14:36:53,PGC,System,High Voltage Supply ON / OFF
2025/08/16 14:36:54,PGC,System,OFF
2025/08/16 14:37:57,Overview,System,Alarm View
2025/08/16 14:51:32,Overview,System,Service View
2025/08/16 14:51:41,Overview,System,Transfer View
2025/08/16 14:51:49,Overview,System,Service View
2025/08/16 14:51:54,PGC,System,PV115 Open or Close
2025/08/16 14:51:55,PGC,System,Close
2025/08/16 14:51:56,PGC,System,PV111 Open or Close
2025/08/16 14:51:59,PGC,System,Close
2025/08/16 14:51:59,PGC,System,GV2 Open or Close
2025/08/16 14:52:00,PGC,System,Open
2025/08/16 14:52:01,PGC,System,GV1 Open or Close
2025/08/16 14:52:02,PGC,System,Open
2025/08/16 14:52:34,PGC,System,High Voltage Supply ON / OFF
2025/08/16 14:52:35,PGC,System,ON
2025/08/16 14:52:37,PGC,System,GV1 Open or Close
2025/08/16 14:52:38,PGC,System,Open
2025/08/16 14:52:39,PGC,System,GV2 Open or Close
2025/08/16 14:52:40,PGC,System,Open
2025/08/16 14:57:22,PGC,System,MV(GCIB) Open or Close
2025/08/16 14:57:23,PGC,System,Close
2025/08/16 14:58:07,Overview,System,Transfer View
2025/08/16 14:58:14,Overview,System,Alarm View
2025/08/16 14:58:20,Overview,System,Service View
2025/08/16 15:04:59,Overview,System,ModeChange View
2025/08/16 15:04:59,Overview,System,ModeChange View
2025/08/16 15:05:11,Overview,System,Service View
2025/08/16 15:05:12,PGC,System,TMP G3 Start or Stop
2025/08/16 15:05:13,PGC,System,STOP
2025/08/16 15:05:14,PGC,System,TMP G2 Start or Stop
2025/08/16 15:05:15,PGC,System,STOP
2025/08/16 15:05:15,PGC,System,TMP G1 Start or Stop
2025/08/16 15:05:16,PGC,System,STOP
2025/08/16 15:05:41,PGC,System,PV110 Open or Close
2025/08/16 15:05:42,PGC,System,Close
2025/08/16 15:05:42,PGC,System,PV116 Open or Close
2025/08/16 15:05:43,PGC,System,Close
2025/08/16 15:05:44,PGC,System,PV112 Open or Close
2025/08/16 15:05:45,PGC,System,Close
2025/08/16 15:14:00,PGC,System,LV2 Open or Close
2025/08/16 15:14:01,PGC,System,Cancel
2025/08/16 15:14:09,PGC,System,FV(GCIB) Open or Close
2025/08/16 15:14:10,PGC,System,Cancel
2025/08/16 15:14:30,Overview,System,Service View
2025/08/16 15:14:31,Overview,System,SemiAuto View
2025/08/16 15:14:36,Overview,System,Transfer View
2025/08/16 15:16:44,Overview,System,Service View
2025/08/16 15:16:47,Overview,System,Service View
2025/08/16 15:16:49,Overview,System,Transfer View
2025/08/16 15:16:51,Overview,System,ModeChange View
2025/08/16 15:16:53,Overview,System,Auto View
2025/08/16 15:16:56,Overview,System,Setup View
2025/08/16 15:17:10,Overview,System,Service View
2025/08/16 15:19:37,PGC,System,
2025/08/16 15:19:41,PGC,System,TMP G2 Start or Stop
2025/08/16 15:19:42,PGC,System,Cancel
2025/08/16 15:19:43,PGC,System,
2025/08/16 15:19:45,PGC,System,FV(GCIB) Open or Close
2025/08/16 15:19:46,PGC,System,Close
2025/08/16 15:19:47,PGC,System,FV(GCIB) Open or Close
2025/08/16 15:19:48,PGC,System,Open
2025/08/16 15:21:39,Overview,System,Service View
2025/08/16 15:23:36,PGC,System,FV(GCIB) Open or Close
2025/08/16 15:23:37,PGC,System,Close
2025/08/16 15:23:40,PGC,System,LV2 Open or Close
2025/08/16 15:23:41,PGC,System,Open
2025/08/16 15:23:41,PGC,System,LV2 Open or Close
2025/08/16 15:23:42,PGC,System,Close
2025/08/16 15:23:44,PGC,System,LV2 Open or Close
2025/08/16 15:23:47,PGC,System,Open
2025/08/16 15:23:48,PGC,System,LV2 Open or Close
2025/08/16 15:23:49,PGC,System,Close
2025/08/16 15:23:50,PGC,System,LV2 Open or Close
2025/08/16 15:23:53,PGC,System,Open
2025/08/16 15:27:02,PGC,System,LV2 Open or Close
2025/08/16 15:27:06,PGC,System,Close
2025/08/16 15:27:08,PGC,System,LV2 Open or Close
2025/08/16 15:27:09,PGC,System,Open
2025/08/16 15:27:11,PGC,System,LV2 Open or Close
2025/08/16 15:27:12,PGC,System,Open
2025/08/16 15:27:33,PGC,System,LV2 Open or Close
2025/08/16 15:27:34,PGC,System,Open
2025/08/16 15:27:41,Overview,System,Transfer View
2025/08/16 15:27:45,PGC,System,LV2 Open or Close
2025/08/16 15:27:46,PGC,System,Open
2025/08/16 15:27:53,PGC,System,LV2 Open or Close
2025/08/16 15:27:54,PGC,System,Open
2025/08/16 15:27:56,Overview,System,Service View
2025/08/16 15:27:58,Overview,System,Service View
2025/08/16 15:28:00,PGC,System,GCIB Remote ON / OFF
2025/08/16 15:28:01,PGC,System,OFF
2025/08/16 16:01:12,PGC,System,TMP G3 Start or Stop
2025/08/16 16:01:14,PGC,System,START
2025/08/16 16:01:25,PGC,System,FV(GCIB) Open or Close
2025/08/16 16:01:26,PGC,System,Open
2025/08/16 16:01:29,Overview,System,Alarm View
2025/08/16 16:01:35,PGC,System,FV(GCIB) Open or Close
2025/08/16 16:01:36,PGC,System,Open
2025/08/16 16:01:37,PGC,System,SRV(GCIB) Open or Close
2025/08/16 16:01:38,PGC,System,Open
2025/08/16 16:01:54,PGC,System,SRV(GCIB) Open or Close
2025/08/16 16:01:58,PGC,System,Close
2025/08/16 16:01:59,PGC,System,FV1 Open or Close
2025/08/16 16:02:00,PGC,System,Close
2025/08/16 16:02:01,PGC,System,SRV(GCIB) Open or Close
2025/08/16 16:02:02,PGC,System,Open
2025/08/16 16:02:04,PGC,System,SRV(GCIB) Open or Close
2025/08/16 16:02:05,PGC,System,Open
2025/08/16 16:02:08,PGC,System,SRV(GCIB) Open or Close
2025/08/16 16:02:09,PGC,System,Open
2025/08/16 16:02:11,PGC,System,LV2 Open or Close
2025/08/16 16:02:12,PGC,System,Close
2025/08/16 16:02:13,PGC,System,SRV(GCIB) Open or Close
2025/08/16 16:02:14,PGC,System,Open
2025/08/16 16:02:17,PGC,System,RV(GCIB) Open or Close
2025/08/16 16:02:18,PGC,System,Open
2025/08/16 16:02:27,PGC,System,FV1 Open or Close
2025/08/16 16:02:28,PGC,System,Open
2025/08/16 16:02:29,PGC,System,FV1 Open or Close
2025/08/16 16:02:30,PGC,System,Close
2025/08/16 16:02:31,Overview,System,Service View
2025/08/16 16:02:32,Overview,System,Transfer View
2025/08/16 16:02:38,Overview,System,Service View
2025/08/16 16:02:42,PGC,System,GCIB Remote ON / OFF
2025/08/16 16:02:43,PGC,System,ON
2025/08/16 16:02:47,Overview,System,Service View
2025/08/16 16:02:50,PGC,System,SRV(GCIB) Open or Close
2025/08/16 16:02:51,PGC,System,Open
2025/08/16 16:02:53,PGC,System,RV(GCIB) Open or Close
2025/08/16 16:02:54,PGC,System,Open
2025/08/16 16:02:58,PGC,System,RV(GCIB) Open or Close
2025/08/16 16:02:59,PGC,System,Open
2025/08/16 16:03:02,Overview,System,Service View
2025/08/16 16:03:04,Overview,System,Transfer View
2025/08/16 16:05:33,PGC,System,SRV(GCIB) Open or Close
2025/08/16 16:05:34,PGC,System,Close
2025/08/16 16:05:38,Overview,System,Service View
2025/08/16 16:05:40,Overview,System,Transfer View
2025/08/16 16:05:46,PGC,System,SRV(GCIB) Open or Close
2025/08/16 16:05:47,PGC,System,Close
2025/08/16 16:05:49,PGC,System,LV2 Open or Close
2025/08/16 16:05:50,PGC,System,Open
2025/08/16 16:07:57,PGC,System,FV1 Open or Close
2025/08/16 16:07:58,PGC,System,Open
2025/08/16 16:07:59,PGC,System,TMP1 Start or Stop
2025/08/16 16:08:00,PGC,System,START
2025/08/16 16:14:21,PGC,System,FV1 Open or Close
2025/08/16 16:14:23,PGC,System,Close
2025/08/16 16:14:25,Overview,System,Service View
2025/08/16 16:14:26,Overview,System,Transfer View
2025/08/16 16:15:32,Overview,System,Alarm View
2025/08/16 16:16:43,PGC,System,RV(GCIB) Open or Close
2025/08/16 16:16:44,PGC,System,Cancel
2025/08/16 16:18:27,PGC,System,FV1 Open or Close
2025/08/16 16:18:39,PGC,System,Open
2025/08/16 16:18:48,Overview,System,Alarm View
2025/08/16 16:29:40,PGC,System,MV(GCIB) Open or Close
2025/08/16 16:29:41,PGC,System,Cancel
2025/08/16 16:29:42,PGC,System,MV(GCIB) Open or Close
2025/08/16 16:29:45,PGC,System,Cancel
2025/08/16 16:29:48,Overview,System,Transfer View
2025/08/16 16:29:51,PGC,System,MV(GCIB) Open or Close
2025/08/16 16:29:52,PGC,System,Cancel
2025/08/16 16:29:53,PGC,System,MV(GCIB) Open or Close
2025/08/16 16:29:55,PGC,System,Open
2025/08/16 16:30:09,PGC,System,FV(GCIB) Open or Close
2025/08/16 16:30:10,PGC,System,Cancel
2025/08/16 16:32:10,PGC,System,High Voltage Supply ON / OFF
2025/08/16 16:32:11,PGC,System,ON
2025/08/16 16:32:16,PGC,System,High Voltage Supply ON / OFF
2025/08/16 16:32:17,PGC,System,OFF
2025/08/16 16:32:18,PGC,System,High Voltage Supply ON / OFF
2025/08/16 16:32:18,PGC,System,ON
2025/08/16 16:42:50,PGC,System,High Voltage Supply ON / OFF
2025/08/16 16:42:52,PGC,System,ON
2025/08/16 16:47:27,PGC,System,High Voltage Supply ON / OFF
2025/08/16 16:47:28,PGC,System,ON
2025/08/16 16:47:30,PGC,System,High Voltage Supply ON / OFF
2025/08/16 16:47:31,PGC,System,OFF
2025/08/16 16:47:31,PGC,System,High Voltage Supply ON / OFF
2025/08/16 16:47:32,PGC,System,ON
2025/08/16 16:47:34,PGC,System,High Voltage Supply ON / OFF
2025/08/16 16:47:35,PGC,System,OFF
2025/08/16 16:47:40,PGC,System,MV(GCIB) Open or Close
2025/08/16 16:47:42,PGC,System,Open
2025/08/16 16:47:46,PGC,System,MV(GCIB) Open or Close
2025/08/16 16:47:47,PGC,System,Open
2025/08/16 16:47:47,PGC,System,MV(GCIB) Open or Close
2025/08/16 16:47:48,PGC,System,Open
2025/08/16 16:47:49,PGC,System,MV(GCIB) Open or Close
2025/08/16 16:47:49,PGC,System,Close
2025/08/16 16:48:01,PGC,System,GCIB Remote ON / OFF
2025/08/16 16:48:08,PGC,System,OFF
2025/08/16 16:48:26,PGC,System,GCIB Remote ON / OFF
2025/08/16 16:48:27,PGC,System,ON
2025/08/16 16:48:37,Overview,System,Transfer View
2025/08/16 16:48:56,Overview,System,Transfer View
2025/08/16 16:49:06,PGC,System,GCIB Remote ON / OFF
2025/08/16 16:49:07,PGC,System,OFF
2025/08/16 16:50:18,PGC,System,GCIB Remote ON / OFF
2025/08/16 16:50:20,PGC,System,ON
2025/08/16 16:50:22,Overview,System,Transfer View
2025/08/16 16:50:29,PGC,System,MV(GCIB) Open or Close
2025/08/16 16:50:29,PGC,System,Close
2025/08/16 16:50:35,Overview,System,Transfer View
2025/08/16 16:50:45,Overview,System,Service View
2025/08/16 16:50:56,Overview,System,Transfer View
2025/08/16 16:51:02,Overview,System,Service View
2025/08/16 16:51:03,PGC,System,GCIB Remote ON / OFF
2025/08/16 16:51:04,PGC,System,OFF
2025/08/16 16:52:28,Overview,System,Transfer View
2025/08/16 16:52:36,Overview,System,Service View
2025/08/16 16:57:59,Overview,System,Service View
2025/08/16 16:58:17,PGC,System,High Voltage Supply ON / OFF
2025/08/16 16:58:18,PGC,System,ON
2025/08/16 16:58:20,PGC,System,High Voltage Supply ON / OFF
2025/08/16 16:58:21,PGC,System,OFF
2025/08/16 16:58:34,Overview,System,Transfer View
2025/08/16 17:01:53,Overview,System,Transfer View
2025/08/16 17:03:57,Overview,System,Transfer View
2025/08/16 17:04:38,Lot Status,System,Placed
2025/08/16 17:05:10,Lot Status,System,Mapped
2025/08/16 17:05:31,Lot Status,System,-
2025/08/16 17:10:34,Overview,System,Transfer View
2025/08/16 17:13:19,Overview,System,Alarm View
2025/08/16 17:14:45,Overview,System,Service View
2025/08/16 17:30:48,PGC,System,GCIB Remote ON / OFF
2025/08/16 17:30:56,PGC,System,ON
2025/08/16 17:30:57,PGC,System,High Voltage Supply ON / OFF
2025/08/16 17:30:59,PGC,System,ON
2025/08/16 17:31:06,Overview,System,Transfer View
2025/08/16 17:31:23,PGC,System,Bias ON / OFF
2025/08/16 17:31:24,PGC,System,OFF
2025/08/16 17:31:24,PGC,System,Bias ON / OFF
2025/08/16 17:31:25,PGC,System,ON
2025/08/16 17:31:44,Overview,System,Alarm View
2025/08/16 17:31:52,PGC,System,Accelerator ON / OFF
2025/08/16 17:31:53,PGC,System,OFF
2025/08/16 17:31:54,PGC,System,Accelerator ON / OFF
2025/08/16 17:31:55,PGC,System,ON
2025/08/16 17:32:32,PGC,System,Lens1 ON / OFF
2025/08/16 17:32:33,PGC,System,OFF
2025/08/16 17:32:33,PGC,System,Lens1 ON / OFF
2025/08/16 17:32:34,PGC,System,ON
2025/08/16 17:33:12,PGC,System,Lens2 ON / OFF
2025/08/16 17:33:13,PGC,System,OFF
2025/08/16 17:33:13,PGC,System,Lens2 ON / OFF
2025/08/16 17:33:14,PGC,System,ON
2025/08/16 17:33:43,PGC,System,Suppressor ON / OFF
2025/08/16 17:33:44,PGC,System,OFF
2025/08/16 17:33:44,PGC,System,Suppressor ON / OFF
2025/08/16 17:33:45,PGC,System,ON
2025/08/16 17:33:46,Overview,System,Alarm View
2025/08/16 17:33:55,PGC,System,Filament SW ON / OFF
2025/08/16 17:33:56,PGC,System,OFF
2025/08/16 17:33:56,PGC,System,Filament SW ON / OFF
2025/08/16 17:33:57,PGC,System,ON
2025/08/16 17:34:16,PGC,System,Arc SW ON / OFF
2025/08/16 17:34:17,PGC,System,OFF
2025/08/16 17:34:17,PGC,System,Arc SW ON / OFF
2025/08/16 17:34:18,PGC,System,ON
2025/08/16 17:35:39,PGC,System,Nuetralizer Filament SW ON / OFF
2025/08/16 17:35:39,PGC,System,OFF
2025/08/16 17:35:40,PGC,System,Nuetralizer Filament SW ON / OFF
2025/08/16 17:35:40,PGC,System,ON
2025/08/16 17:35:42,PGC,System,NutralizerExtral SW ON / OFF
2025/08/16 17:35:43,PGC,System,OFF
2025/08/16 17:35:47,PGC,System,NutralizerExtral SW ON / OFF
2025/08/16 17:35:47,PGC,System,ON
2025/08/16 17:37:30,PGC,System,Gas Valve Open or Close
2025/08/16 17:37:31,PGC,System,Cancel
2025/08/16 17:37:33,PGC,System,MV(GCIB) Open or Close
2025/08/16 17:37:34,PGC,System,Open
2025/08/16 17:37:36,PGC,System,PV111 Open or Close
2025/08/16 17:37:37,PGC,System,Open
2025/08/16 17:37:38,PGC,System,PV115 Open or Close
2025/08/16 17:37:38,PGC,System,Open
2025/08/16 17:37:39,PGC,System,PV112 Open or Close
2025/08/16 17:37:40,PGC,System,Open
2025/08/16 17:37:40,PGC,System,PV116 Open or Close
2025/08/16 17:37:41,PGC,System,Open
2025/08/16 17:37:42,PGC,System,PV110 Open or Close
2025/08/16 17:37:43,PGC,System,Open
2025/08/16 17:37:43,PGC,System,GV2 Open or Close
2025/08/16 17:37:44,PGC,System,Open
2025/08/16 17:37:45,PGC,System,GV1 Open or Close
2025/08/16 17:37:46,PGC,System,Open
2025/08/16 17:40:55,Overview,System,Transfer View
2025/08/16 17:41:09,Overview,System,Service View
2025/08/16 17:41:47,Overview,System,SemiAuto View
2025/08/16 17:43:23,Overview,System,SemiAuto View
2025/08/16 17:43:55,BMode Scan Sampling,PM,BMode Scan Start
2025/08/16 17:46:28,Overview,System,Service View
2025/08/16 17:46:33,Overview,System,Service View
2025/08/16 21:24:53,BMode Scan Sampling,PM,BMode Scan End
