2025/03/22 10:05:38,H,Machine,217,1,MFC111 Flow Alarm,Occurr,2025/03/22 10:05:38
2025/03/22 10:05:40,H,Machine,218,1,MFC112 Flow Alarm,Occurr,2025/03/22 10:05:40
2025/03/22 10:05:51,H,Machine,217,1,MFC111 Flow Alarm,Crear,2025/03/22 10:05:51
2025/03/22 10:05:51,H,Machine,218,1,MFC112 Flow Alarm,Crear,2025/03/22 10:05:51
2025/03/22 14:17:50,H,EFEM,342,1,EFEM 6inch Wafer stick1 out Alarm (CS1),Occurr,2025/03/22 14:17:50
2025/03/22 14:19:08,H,EFEM,342,1,EFEM 6inch Wafer stick1 out Alarm (CS1),Crear,2025/03/22 14:19:08
2025/03/22 14:47:32,H,Machine,217,1,MFC111 Flow Alarm,Occurr,2025/03/22 14:47:32
2025/03/22 14:47:40,H,Machine,217,1,MFC111 Flow Alarm,Crear,2025/03/22 14:47:40
2025/03/22 15:12:30,H,Machine,217,1,MFC111 Flow Alarm,Occurr,2025/03/22 15:12:30
2025/03/22 15:12:36,H,Machine,218,1,MFC112 Flow Alarm,Occurr,2025/03/22 15:12:36
2025/03/22 15:12:46,H,Machine,217,1,MFC111 Flow Alarm,Crear,2025/03/22 15:12:46
2025/03/22 15:12:46,H,Machine,218,1,MFC112 Flow Alarm,Crear,2025/03/22 15:12:46
2025/03/22 15:43:41,H,Machine,217,1,MFC111 Flow Alarm,Occurr,2025/03/22 15:43:41
2025/03/22 15:43:43,H,Machine,218,1,MFC112 Flow Alarm,Occurr,2025/03/22 15:43:43
2025/03/22 15:43:59,H,Machine,217,1,MFC111 Flow Alarm,Crear,2025/03/22 15:43:59
2025/03/22 15:43:59,H,Machine,218,1,MFC112 Flow Alarm,Crear,2025/03/22 15:43:59
2025/03/22 17:24:38,H,EFEM,342,1,EFEM 6inch Wafer stick1 out Alarm (CS1),Occurr,2025/03/22 17:24:38
2025/03/22 17:24:54,H,EFEM,327,1,EFEM Robot Alarm,Occurr,2025/03/22 17:24:54
