﻿//アラームパラメータ―　PM,,,,,,,,,,,,,,,,,,,,
//ItemName, Device Address, Unit, RangeMin, RangeMax,ScaleMin,ScaleMax,DataType,Format
MFC111 Flow High Limit (Alarm),D1157,[%],0,200,0,200,Word,0
MFC111 Flow Low Limit (Alram),D1158,[%],0,200,0,200,Word,0


MFC112 Flow High Limit (Alarm),D1161,[%],0,200,0,200,Word,0
MFC112 Flow Low Limit (Alram),D1162,[%],0,200,0,200,Word,0


MFC113 Flow High Limit (Alarm),D1165,[%],0,200,0,200,Word,0
MFC113 Flow Low Limit (Alram),D1166,[%],0,200,0,200,Word,0


MFC114 Flow High Limit (Alarm),D1169,[%],0,200,0,200,Word,0
MFC114 Flow Low Limit (Alram),D1170,[%],0,200,0,200,Word,0
