﻿//アラームパラメータ―　Motor,,,,,,,,,,,,,,,,,,,,
//ItemName, Device Address, Unit, RangeMin, RangeMax,ScaleMin,ScaleMax,DataType,Format
HV01 High Limit Setting,D1180,%,0,200,0,200,Int,0
HV01 Low Limit Setting,D1181,%,0,200,0,200,Int,0
HV02 High Limit Setting,D1182,%,0,200,0,200,Int,0
HV02 Low Limit Setting,D1183,%,0,200,0,200,Int,0
HV03 High Limit Setting,D1184,%,0,200,0,200,Int,0
HV03 Low Limit Setting,D1185,%,0,200,0,200,Int,0
HV04 High Limit Setting,D1186,%,0,200,0,200,Int,0
HV04 Low Limit Setting,D1187,%,0,200,0,200,Int,0
HV05 High Limit Setting,D1188,%,0,200,0,200,Int,0
HV05 Low Limit Setting,D1189,%,0,200,0,200,Int,0

