﻿//アラームパラメータ―　Motor,,,,,,,,,,,,,,,,,,,,
//ItemName, Device Address, Unit, RangeMin, RangeMax,ScaleMin,ScaleMax,DataType,Format
Filament High Limit Setting,D1172,%,0,200,0,200,Int,0
Filament Low Limit Setting,D1173,%,0,200,0,200,Int,0
Arc High Limit Setting,D1174,%,0,200,0,200,Int,0
Arc Low Limit Setting,D1175,%,0,200,0,200,Int,0
N-Filament High Limit Setting,D1176,%,0,200,0,200,Int,0
N-Filament Low Limit Setting,D1177,%,0,200,0,200,Int,0
N-Extract High Limit Setting ,D1178,%,0,200,0,200,Int,0
N-Extract Low Limit Setting ,D1179,%,0,200,0,200,Int,0
